.....FFFFF.......................................................s.F.FF. [ 24%]
.sss.................................................................... [ 48%]
...EEEEEEE.E.E.E.E.E.....EEEE.......EEEEEEE.E.E.E.......F.F.Fss.E.E.E.E. [ 73%]
F..E.E.EF...........ss..............EEEEEEEEEE.......................... [ 97%]
......                                                                   [100%]
==================================== ERRORS ====================================
_ ERROR at setup of test_complete_reference_workflows[duckdb-retail-medallion] _

tmp_path = PosixPath('/tmp/pytest-of-root/pytest-10/test_complete_reference_workfl7')
request = <SubRequest 'engine' for <Function test_complete_reference_workflows[duckdb-retail-medallion]>>

    @pytest.fixture(params=['sqlite', 'duckdb'])
    def engine(tmp_path, request):
>       value = Engine(tmp_path/'db',mode=request.param,trusted_python=True)
                ^^^^^^^^^^^^^^^^^^^^^^^^^^^^^^^^^^^^^^^^^^^^^^^^^^^^^^^^^^^^

tests/test_root.py:21: 
_ _ _ _ _ _ _ _ _ _ _ _ _ _ _ _ _ _ _ _ _ _ _ _ _ _ _ _ _ _ _ _ _ _ _ _ _ _ _ _ 
apps/api/datapass/execution.py:64: in __init__
    self.catalog = Catalog(directory, mode)
                   ^^^^^^^^^^^^^^^^^^^^^^^^
_ _ _ _ _ _ _ _ _ _ _ _ _ _ _ _ _ _ _ _ _ _ _ _ _ _ _ _ _ _ _ _ _ _ _ _ _ _ _ _ 

self = <apps.api.datapass.catalog.Catalog object at 0x7f989c33b6a0>
directory = PosixPath('/tmp/pytest-of-root/pytest-10/test_complete_reference_workfl7/db')
mode = 'duckdb'

    def __init__(self, directory: Path, mode: str = 'auto'):
        self.directory = directory
        directory.mkdir(parents=True, exist_ok=True)
        has_duckdb = importlib.util.find_spec('duckdb') is not None
        if mode not in {'auto', 'duckdb', 'ducklake', 'sqlite'}:
            raise ValueError('Unknown storage mode.')
        if mode in {'duckdb', 'ducklake'} and not has_duckdb:
>           raise RuntimeError('DuckDB is not installed. Install requirements-engines.txt; no silent storage substitution was made.')
E           RuntimeError: DuckDB is not installed. Install requirements-engines.txt; no silent storage substitution was made.

apps/api/datapass/catalog.py:108: RuntimeError
__ ERROR at setup of test_complete_reference_workflows[duckdb-warehouse-sql] ___

tmp_path = PosixPath('/tmp/pytest-of-root/pytest-10/test_complete_reference_workfl8')
request = <SubRequest 'engine' for <Function test_complete_reference_workflows[duckdb-warehouse-sql]>>

    @pytest.fixture(params=['sqlite', 'duckdb'])
    def engine(tmp_path, request):
>       value = Engine(tmp_path/'db',mode=request.param,trusted_python=True)
                ^^^^^^^^^^^^^^^^^^^^^^^^^^^^^^^^^^^^^^^^^^^^^^^^^^^^^^^^^^^^

tests/test_root.py:21: 
_ _ _ _ _ _ _ _ _ _ _ _ _ _ _ _ _ _ _ _ _ _ _ _ _ _ _ _ _ _ _ _ _ _ _ _ _ _ _ _ 
apps/api/datapass/execution.py:64: in __init__
    self.catalog = Catalog(directory, mode)
                   ^^^^^^^^^^^^^^^^^^^^^^^^
_ _ _ _ _ _ _ _ _ _ _ _ _ _ _ _ _ _ _ _ _ _ _ _ _ _ _ _ _ _ _ _ _ _ _ _ _ _ _ _ 

self = <apps.api.datapass.catalog.Catalog object at 0x7f989e325e50>
directory = PosixPath('/tmp/pytest-of-root/pytest-10/test_complete_reference_workfl8/db')
mode = 'duckdb'

    def __init__(self, directory: Path, mode: str = 'auto'):
        self.directory = directory
        directory.mkdir(parents=True, exist_ok=True)
        has_duckdb = importlib.util.find_spec('duckdb') is not None
        if mode not in {'auto', 'duckdb', 'ducklake', 'sqlite'}:
            raise ValueError('Unknown storage mode.')
        if mode in {'duckdb', 'ducklake'} and not has_duckdb:
>           raise RuntimeError('DuckDB is not installed. Install requirements-engines.txt; no silent storage substitution was made.')
E           RuntimeError: DuckDB is not installed. Install requirements-engines.txt; no silent storage substitution was made.

apps/api/datapass/catalog.py:108: RuntimeError
____ ERROR at setup of test_complete_reference_workflows[duckdb-dbt-marts] _____

tmp_path = PosixPath('/tmp/pytest-of-root/pytest-10/test_complete_reference_workfl9')
request = <SubRequest 'engine' for <Function test_complete_reference_workflows[duckdb-dbt-marts]>>

    @pytest.fixture(params=['sqlite', 'duckdb'])
    def engine(tmp_path, request):
>       value = Engine(tmp_path/'db',mode=request.param,trusted_python=True)
                ^^^^^^^^^^^^^^^^^^^^^^^^^^^^^^^^^^^^^^^^^^^^^^^^^^^^^^^^^^^^

tests/test_root.py:21: 
_ _ _ _ _ _ _ _ _ _ _ _ _ _ _ _ _ _ _ _ _ _ _ _ _ _ _ _ _ _ _ _ _ _ _ _ _ _ _ _ 
apps/api/datapass/execution.py:64: in __init__
    self.catalog = Catalog(directory, mode)
                   ^^^^^^^^^^^^^^^^^^^^^^^^
_ _ _ _ _ _ _ _ _ _ _ _ _ _ _ _ _ _ _ _ _ _ _ _ _ _ _ _ _ _ _ _ _ _ _ _ _ _ _ _ 

self = <apps.api.datapass.catalog.Catalog object at 0x7f989e324ff0>
directory = PosixPath('/tmp/pytest-of-root/pytest-10/test_complete_reference_workfl9/db')
mode = 'duckdb'

    def __init__(self, directory: Path, mode: str = 'auto'):
        self.directory = directory
        directory.mkdir(parents=True, exist_ok=True)
        has_duckdb = importlib.util.find_spec('duckdb') is not None
        if mode not in {'auto', 'duckdb', 'ducklake', 'sqlite'}:
            raise ValueError('Unknown storage mode.')
        if mode in {'duckdb', 'ducklake'} and not has_duckdb:
>           raise RuntimeError('DuckDB is not installed. Install requirements-engines.txt; no silent storage substitution was made.')
E           RuntimeError: DuckDB is not installed. Install requirements-engines.txt; no silent storage substitution was made.

apps/api/datapass/catalog.py:108: RuntimeError
__ ERROR at setup of test_complete_reference_workflows[duckdb-airflow-batch] ___

tmp_path = PosixPath('/tmp/pytest-of-root/pytest-10/test_complete_reference_workfl10')
request = <SubRequest 'engine' for <Function test_complete_reference_workflows[duckdb-airflow-batch]>>

    @pytest.fixture(params=['sqlite', 'duckdb'])
    def engine(tmp_path, request):
>       value = Engine(tmp_path/'db',mode=request.param,trusted_python=True)
                ^^^^^^^^^^^^^^^^^^^^^^^^^^^^^^^^^^^^^^^^^^^^^^^^^^^^^^^^^^^^

tests/test_root.py:21: 
_ _ _ _ _ _ _ _ _ _ _ _ _ _ _ _ _ _ _ _ _ _ _ _ _ _ _ _ _ _ _ _ _ _ _ _ _ _ _ _ 
apps/api/datapass/execution.py:64: in __init__
    self.catalog = Catalog(directory, mode)
                   ^^^^^^^^^^^^^^^^^^^^^^^^
_ _ _ _ _ _ _ _ _ _ _ _ _ _ _ _ _ _ _ _ _ _ _ _ _ _ _ _ _ _ _ _ _ _ _ _ _ _ _ _ 

self = <apps.api.datapass.catalog.Catalog object at 0x7f989e13f020>
directory = PosixPath('/tmp/pytest-of-root/pytest-10/test_complete_reference_workfl10/db')
mode = 'duckdb'

    def __init__(self, directory: Path, mode: str = 'auto'):
        self.directory = directory
        directory.mkdir(parents=True, exist_ok=True)
        has_duckdb = importlib.util.find_spec('duckdb') is not None
        if mode not in {'auto', 'duckdb', 'ducklake', 'sqlite'}:
            raise ValueError('Unknown storage mode.')
        if mode in {'duckdb', 'ducklake'} and not has_duckdb:
>           raise RuntimeError('DuckDB is not installed. Install requirements-engines.txt; no silent storage substitution was made.')
E           RuntimeError: DuckDB is not installed. Install requirements-engines.txt; no silent storage substitution was made.

apps/api/datapass/catalog.py:108: RuntimeError
___ ERROR at setup of test_complete_reference_workflows[duckdb-airflow-dbt] ____

tmp_path = PosixPath('/tmp/pytest-of-root/pytest-10/test_complete_reference_workfl11')
request = <SubRequest 'engine' for <Function test_complete_reference_workflows[duckdb-airflow-dbt]>>

    @pytest.fixture(params=['sqlite', 'duckdb'])
    def engine(tmp_path, request):
>       value = Engine(tmp_path/'db',mode=request.param,trusted_python=True)
                ^^^^^^^^^^^^^^^^^^^^^^^^^^^^^^^^^^^^^^^^^^^^^^^^^^^^^^^^^^^^

tests/test_root.py:21: 
_ _ _ _ _ _ _ _ _ _ _ _ _ _ _ _ _ _ _ _ _ _ _ _ _ _ _ _ _ _ _ _ _ _ _ _ _ _ _ _ 
apps/api/datapass/execution.py:64: in __init__
    self.catalog = Catalog(directory, mode)
                   ^^^^^^^^^^^^^^^^^^^^^^^^
_ _ _ _ _ _ _ _ _ _ _ _ _ _ _ _ _ _ _ _ _ _ _ _ _ _ _ _ _ _ _ _ _ _ _ _ _ _ _ _ 

self = <apps.api.datapass.catalog.Catalog object at 0x7f989e13dfd0>
directory = PosixPath('/tmp/pytest-of-root/pytest-10/test_complete_reference_workfl11/db')
mode = 'duckdb'

    def __init__(self, directory: Path, mode: str = 'auto'):
        self.directory = directory
        directory.mkdir(parents=True, exist_ok=True)
        has_duckdb = importlib.util.find_spec('duckdb') is not None
        if mode not in {'auto', 'duckdb', 'ducklake', 'sqlite'}:
            raise ValueError('Unknown storage mode.')
        if mode in {'duckdb', 'ducklake'} and not has_duckdb:
>           raise RuntimeError('DuckDB is not installed. Install requirements-engines.txt; no silent storage substitution was made.')
E           RuntimeError: DuckDB is not installed. Install requirements-engines.txt; no silent storage substitution was made.

apps/api/datapass/catalog.py:108: RuntimeError
____ ERROR at setup of test_complete_reference_workflows[duckdb-turbine-ml] ____

tmp_path = PosixPath('/tmp/pytest-of-root/pytest-10/test_complete_reference_workfl12')
request = <SubRequest 'engine' for <Function test_complete_reference_workflows[duckdb-turbine-ml]>>

    @pytest.fixture(params=['sqlite', 'duckdb'])
    def engine(tmp_path, request):
>       value = Engine(tmp_path/'db',mode=request.param,trusted_python=True)
                ^^^^^^^^^^^^^^^^^^^^^^^^^^^^^^^^^^^^^^^^^^^^^^^^^^^^^^^^^^^^

tests/test_root.py:21: 
_ _ _ _ _ _ _ _ _ _ _ _ _ _ _ _ _ _ _ _ _ _ _ _ _ _ _ _ _ _ _ _ _ _ _ _ _ _ _ _ 
apps/api/datapass/execution.py:64: in __init__
    self.catalog = Catalog(directory, mode)
                   ^^^^^^^^^^^^^^^^^^^^^^^^
_ _ _ _ _ _ _ _ _ _ _ _ _ _ _ _ _ _ _ _ _ _ _ _ _ _ _ _ _ _ _ _ _ _ _ _ _ _ _ _ 

self = <apps.api.datapass.catalog.Catalog object at 0x7f989e13fc80>
directory = PosixPath('/tmp/pytest-of-root/pytest-10/test_complete_reference_workfl12/db')
mode = 'duckdb'

    def __init__(self, directory: Path, mode: str = 'auto'):
        self.directory = directory
        directory.mkdir(parents=True, exist_ok=True)
        has_duckdb = importlib.util.find_spec('duckdb') is not None
        if mode not in {'auto', 'duckdb', 'ducklake', 'sqlite'}:
            raise ValueError('Unknown storage mode.')
        if mode in {'duckdb', 'ducklake'} and not has_duckdb:
>           raise RuntimeError('DuckDB is not installed. Install requirements-engines.txt; no silent storage substitution was made.')
E           RuntimeError: DuckDB is not installed. Install requirements-engines.txt; no silent storage substitution was made.

apps/api/datapass/catalog.py:108: RuntimeError
___ ERROR at setup of test_complete_reference_workflows[duckdb-spark-tuning] ___

tmp_path = PosixPath('/tmp/pytest-of-root/pytest-10/test_complete_reference_workfl13')
request = <SubRequest 'engine' for <Function test_complete_reference_workflows[duckdb-spark-tuning]>>

    @pytest.fixture(params=['sqlite', 'duckdb'])
    def engine(tmp_path, request):
>       value = Engine(tmp_path/'db',mode=request.param,trusted_python=True)
                ^^^^^^^^^^^^^^^^^^^^^^^^^^^^^^^^^^^^^^^^^^^^^^^^^^^^^^^^^^^^

tests/test_root.py:21: 
_ _ _ _ _ _ _ _ _ _ _ _ _ _ _ _ _ _ _ _ _ _ _ _ _ _ _ _ _ _ _ _ _ _ _ _ _ _ _ _ 
apps/api/datapass/execution.py:64: in __init__
    self.catalog = Catalog(directory, mode)
                   ^^^^^^^^^^^^^^^^^^^^^^^^
_ _ _ _ _ _ _ _ _ _ _ _ _ _ _ _ _ _ _ _ _ _ _ _ _ _ _ _ _ _ _ _ _ _ _ _ _ _ _ _ 

self = <apps.api.datapass.catalog.Catalog object at 0x7f989c3cc5f0>
directory = PosixPath('/tmp/pytest-of-root/pytest-10/test_complete_reference_workfl13/db')
mode = 'duckdb'

    def __init__(self, directory: Path, mode: str = 'auto'):
        self.directory = directory
        directory.mkdir(parents=True, exist_ok=True)
        has_duckdb = importlib.util.find_spec('duckdb') is not None
        if mode not in {'auto', 'duckdb', 'ducklake', 'sqlite'}:
            raise ValueError('Unknown storage mode.')
        if mode in {'duckdb', 'ducklake'} and not has_duckdb:
>           raise RuntimeError('DuckDB is not installed. Install requirements-engines.txt; no silent storage substitution was made.')
E           RuntimeError: DuckDB is not installed. Install requirements-engines.txt; no silent storage substitution was made.

apps/api/datapass/catalog.py:108: RuntimeError
______ ERROR at setup of test_reference_values_and_shared_catalog[duckdb] ______

tmp_path = PosixPath('/tmp/pytest-of-root/pytest-10/test_reference_values_and_shar1')
request = <SubRequest 'engine' for <Function test_reference_values_and_shared_catalog[duckdb]>>

    @pytest.fixture(params=['sqlite', 'duckdb'])
    def engine(tmp_path, request):
>       value = Engine(tmp_path/'db',mode=request.param,trusted_python=True)
                ^^^^^^^^^^^^^^^^^^^^^^^^^^^^^^^^^^^^^^^^^^^^^^^^^^^^^^^^^^^^

tests/test_root.py:21: 
_ _ _ _ _ _ _ _ _ _ _ _ _ _ _ _ _ _ _ _ _ _ _ _ _ _ _ _ _ _ _ _ _ _ _ _ _ _ _ _ 
apps/api/datapass/execution.py:64: in __init__
    self.catalog = Catalog(directory, mode)
                   ^^^^^^^^^^^^^^^^^^^^^^^^
_ _ _ _ _ _ _ _ _ _ _ _ _ _ _ _ _ _ _ _ _ _ _ _ _ _ _ _ _ _ _ _ _ _ _ _ _ _ _ _ 

self = <apps.api.datapass.catalog.Catalog object at 0x7f989c3cd2e0>
directory = PosixPath('/tmp/pytest-of-root/pytest-10/test_reference_values_and_shar1/db')
mode = 'duckdb'

    def __init__(self, directory: Path, mode: str = 'auto'):
        self.directory = directory
        directory.mkdir(parents=True, exist_ok=True)
        has_duckdb = importlib.util.find_spec('duckdb') is not None
        if mode not in {'auto', 'duckdb', 'ducklake', 'sqlite'}:
            raise ValueError('Unknown storage mode.')
        if mode in {'duckdb', 'ducklake'} and not has_duckdb:
>           raise RuntimeError('DuckDB is not installed. Install requirements-engines.txt; no silent storage substitution was made.')
E           RuntimeError: DuckDB is not installed. Install requirements-engines.txt; no silent storage substitution was made.

apps/api/datapass/catalog.py:108: RuntimeError
_ ERROR at setup of test_source_mutation_makes_downstream_stale_transitively[duckdb] _

tmp_path = PosixPath('/tmp/pytest-of-root/pytest-10/test_source_mutation_makes_dow1')
request = <SubRequest 'engine' for <Function test_source_mutation_makes_downstream_stale_transitively[duckdb]>>

    @pytest.fixture(params=['sqlite', 'duckdb'])
    def engine(tmp_path, request):
>       value = Engine(tmp_path/'db',mode=request.param,trusted_python=True)
                ^^^^^^^^^^^^^^^^^^^^^^^^^^^^^^^^^^^^^^^^^^^^^^^^^^^^^^^^^^^^

tests/test_root.py:21: 
_ _ _ _ _ _ _ _ _ _ _ _ _ _ _ _ _ _ _ _ _ _ _ _ _ _ _ _ _ _ _ _ _ _ _ _ _ _ _ _ 
apps/api/datapass/execution.py:64: in __init__
    self.catalog = Catalog(directory, mode)
                   ^^^^^^^^^^^^^^^^^^^^^^^^
_ _ _ _ _ _ _ _ _ _ _ _ _ _ _ _ _ _ _ _ _ _ _ _ _ _ _ _ _ _ _ _ _ _ _ _ _ _ _ _ 

self = <apps.api.datapass.catalog.Catalog object at 0x7f989c3ccd40>
directory = PosixPath('/tmp/pytest-of-root/pytest-10/test_source_mutation_makes_dow1/db')
mode = 'duckdb'

    def __init__(self, directory: Path, mode: str = 'auto'):
        self.directory = directory
        directory.mkdir(parents=True, exist_ok=True)
        has_duckdb = importlib.util.find_spec('duckdb') is not None
        if mode not in {'auto', 'duckdb', 'ducklake', 'sqlite'}:
            raise ValueError('Unknown storage mode.')
        if mode in {'duckdb', 'ducklake'} and not has_duckdb:
>           raise RuntimeError('DuckDB is not installed. Install requirements-engines.txt; no silent storage substitution was made.')
E           RuntimeError: DuckDB is not installed. Install requirements-engines.txt; no silent storage substitution was made.

apps/api/datapass/catalog.py:108: RuntimeError
__________ ERROR at setup of test_wrong_solution_not_accepted[duckdb] __________

tmp_path = PosixPath('/tmp/pytest-of-root/pytest-10/test_wrong_solution_not_accept1')
request = <SubRequest 'engine' for <Function test_wrong_solution_not_accepted[duckdb]>>

    @pytest.fixture(params=['sqlite', 'duckdb'])
    def engine(tmp_path, request):
>       value = Engine(tmp_path/'db',mode=request.param,trusted_python=True)
                ^^^^^^^^^^^^^^^^^^^^^^^^^^^^^^^^^^^^^^^^^^^^^^^^^^^^^^^^^^^^

tests/test_root.py:21: 
_ _ _ _ _ _ _ _ _ _ _ _ _ _ _ _ _ _ _ _ _ _ _ _ _ _ _ _ _ _ _ _ _ _ _ _ _ _ _ _ 
apps/api/datapass/execution.py:64: in __init__
    self.catalog = Catalog(directory, mode)
                   ^^^^^^^^^^^^^^^^^^^^^^^^
_ _ _ _ _ _ _ _ _ _ _ _ _ _ _ _ _ _ _ _ _ _ _ _ _ _ _ _ _ _ _ _ _ _ _ _ _ _ _ _ 

self = <apps.api.datapass.catalog.Catalog object at 0x7f989c3cdeb0>
directory = PosixPath('/tmp/pytest-of-root/pytest-10/test_wrong_solution_not_accept1/db')
mode = 'duckdb'

    def __init__(self, directory: Path, mode: str = 'auto'):
        self.directory = directory
        directory.mkdir(parents=True, exist_ok=True)
        has_duckdb = importlib.util.find_spec('duckdb') is not None
        if mode not in {'auto', 'duckdb', 'ducklake', 'sqlite'}:
            raise ValueError('Unknown storage mode.')
        if mode in {'duckdb', 'ducklake'} and not has_duckdb:
>           raise RuntimeError('DuckDB is not installed. Install requirements-engines.txt; no silent storage substitution was made.')
E           RuntimeError: DuckDB is not installed. Install requirements-engines.txt; no silent storage substitution was made.

apps/api/datapass/catalog.py:108: RuntimeError
_ ERROR at setup of test_spark_symbols_persist_and_notebook_isolation[duckdb] __

tmp_path = PosixPath('/tmp/pytest-of-root/pytest-10/test_spark_symbols_persist_and1')
request = <SubRequest 'engine' for <Function test_spark_symbols_persist_and_notebook_isolation[duckdb]>>

    @pytest.fixture(params=['sqlite', 'duckdb'])
    def engine(tmp_path, request):
>       value = Engine(tmp_path/'db',mode=request.param,trusted_python=True)
                ^^^^^^^^^^^^^^^^^^^^^^^^^^^^^^^^^^^^^^^^^^^^^^^^^^^^^^^^^^^^

tests/test_root.py:21: 
_ _ _ _ _ _ _ _ _ _ _ _ _ _ _ _ _ _ _ _ _ _ _ _ _ _ _ _ _ _ _ _ _ _ _ _ _ _ _ _ 
apps/api/datapass/execution.py:64: in __init__
    self.catalog = Catalog(directory, mode)
                   ^^^^^^^^^^^^^^^^^^^^^^^^
_ _ _ _ _ _ _ _ _ _ _ _ _ _ _ _ _ _ _ _ _ _ _ _ _ _ _ _ _ _ _ _ _ _ _ _ _ _ _ _ 

self = <apps.api.datapass.catalog.Catalog object at 0x7f989c3ccb90>
directory = PosixPath('/tmp/pytest-of-root/pytest-10/test_spark_symbols_persist_and1/db')
mode = 'duckdb'

    def __init__(self, directory: Path, mode: str = 'auto'):
        self.directory = directory
        directory.mkdir(parents=True, exist_ok=True)
        has_duckdb = importlib.util.find_spec('duckdb') is not None
        if mode not in {'auto', 'duckdb', 'ducklake', 'sqlite'}:
            raise ValueError('Unknown storage mode.')
        if mode in {'duckdb', 'ducklake'} and not has_duckdb:
>           raise RuntimeError('DuckDB is not installed. Install requirements-engines.txt; no silent storage substitution was made.')
E           RuntimeError: DuckDB is not installed. Install requirements-engines.txt; no silent storage substitution was made.

apps/api/datapass/catalog.py:108: RuntimeError
_________ ERROR at setup of test_python_state_and_sql_interop[duckdb] __________

tmp_path = PosixPath('/tmp/pytest-of-root/pytest-10/test_python_state_and_sql_inte1')
request = <SubRequest 'engine' for <Function test_python_state_and_sql_interop[duckdb]>>

    @pytest.fixture(params=['sqlite', 'duckdb'])
    def engine(tmp_path, request):
>       value = Engine(tmp_path/'db',mode=request.param,trusted_python=True)
                ^^^^^^^^^^^^^^^^^^^^^^^^^^^^^^^^^^^^^^^^^^^^^^^^^^^^^^^^^^^^

tests/test_root.py:21: 
_ _ _ _ _ _ _ _ _ _ _ _ _ _ _ _ _ _ _ _ _ _ _ _ _ _ _ _ _ _ _ _ _ _ _ _ _ _ _ _ 
apps/api/datapass/execution.py:64: in __init__
    self.catalog = Catalog(directory, mode)
                   ^^^^^^^^^^^^^^^^^^^^^^^^
_ _ _ _ _ _ _ _ _ _ _ _ _ _ _ _ _ _ _ _ _ _ _ _ _ _ _ _ _ _ _ _ _ _ _ _ _ _ _ _ 

self = <apps.api.datapass.catalog.Catalog object at 0x7f989c3ce450>
directory = PosixPath('/tmp/pytest-of-root/pytest-10/test_python_state_and_sql_inte1/db')
mode = 'duckdb'

    def __init__(self, directory: Path, mode: str = 'auto'):
        self.directory = directory
        directory.mkdir(parents=True, exist_ok=True)
        has_duckdb = importlib.util.find_spec('duckdb') is not None
        if mode not in {'auto', 'duckdb', 'ducklake', 'sqlite'}:
            raise ValueError('Unknown storage mode.')
        if mode in {'duckdb', 'ducklake'} and not has_duckdb:
>           raise RuntimeError('DuckDB is not installed. Install requirements-engines.txt; no silent storage substitution was made.')
E           RuntimeError: DuckDB is not installed. Install requirements-engines.txt; no silent storage substitution was made.

apps/api/datapass/catalog.py:108: RuntimeError
_ ERROR at setup of test_spark_fails_closed[duckdb-import os\nresult = spark.table("source.orders")] _

tmp_path = PosixPath('/tmp/pytest-of-root/pytest-10/test_spark_fails_closed_duckdb0')
request = <SubRequest 'engine' for <Function test_spark_fails_closed[duckdb-import os\nresult = spark.table("source.orders")]>>

    @pytest.fixture(params=['sqlite', 'duckdb'])
    def engine(tmp_path, request):
>       value = Engine(tmp_path/'db',mode=request.param,trusted_python=True)
                ^^^^^^^^^^^^^^^^^^^^^^^^^^^^^^^^^^^^^^^^^^^^^^^^^^^^^^^^^^^^

tests/test_root.py:21: 
_ _ _ _ _ _ _ _ _ _ _ _ _ _ _ _ _ _ _ _ _ _ _ _ _ _ _ _ _ _ _ _ _ _ _ _ _ _ _ _ 
apps/api/datapass/execution.py:64: in __init__
    self.catalog = Catalog(directory, mode)
                   ^^^^^^^^^^^^^^^^^^^^^^^^
_ _ _ _ _ _ _ _ _ _ _ _ _ _ _ _ _ _ _ _ _ _ _ _ _ _ _ _ _ _ _ _ _ _ _ _ _ _ _ _ 

self = <apps.api.datapass.catalog.Catalog object at 0x7f989c3cc560>
directory = PosixPath('/tmp/pytest-of-root/pytest-10/test_spark_fails_closed_duckdb0/db')
mode = 'duckdb'

    def __init__(self, directory: Path, mode: str = 'auto'):
        self.directory = directory
        directory.mkdir(parents=True, exist_ok=True)
        has_duckdb = importlib.util.find_spec('duckdb') is not None
        if mode not in {'auto', 'duckdb', 'ducklake', 'sqlite'}:
            raise ValueError('Unknown storage mode.')
        if mode in {'duckdb', 'ducklake'} and not has_duckdb:
>           raise RuntimeError('DuckDB is not installed. Install requirements-engines.txt; no silent storage substitution was made.')
E           RuntimeError: DuckDB is not installed. Install requirements-engines.txt; no silent storage substitution was made.

apps/api/datapass/catalog.py:108: RuntimeError
_ ERROR at setup of test_spark_fails_closed[duckdb-result = spark.table("source.orders").__class__] _

tmp_path = PosixPath('/tmp/pytest-of-root/pytest-10/test_spark_fails_closed_duckdb1')
request = <SubRequest 'engine' for <Function test_spark_fails_closed[duckdb-result = spark.table("source.orders").__class__]>>

    @pytest.fixture(params=['sqlite', 'duckdb'])
    def engine(tmp_path, request):
>       value = Engine(tmp_path/'db',mode=request.param,trusted_python=True)
                ^^^^^^^^^^^^^^^^^^^^^^^^^^^^^^^^^^^^^^^^^^^^^^^^^^^^^^^^^^^^

tests/test_root.py:21: 
_ _ _ _ _ _ _ _ _ _ _ _ _ _ _ _ _ _ _ _ _ _ _ _ _ _ _ _ _ _ _ _ _ _ _ _ _ _ _ _ 
apps/api/datapass/execution.py:64: in __init__
    self.catalog = Catalog(directory, mode)
                   ^^^^^^^^^^^^^^^^^^^^^^^^
_ _ _ _ _ _ _ _ _ _ _ _ _ _ _ _ _ _ _ _ _ _ _ _ _ _ _ _ _ _ _ _ _ _ _ _ _ _ _ _ 

self = <apps.api.datapass.catalog.Catalog object at 0x7f989c3ce330>
directory = PosixPath('/tmp/pytest-of-root/pytest-10/test_spark_fails_closed_duckdb1/db')
mode = 'duckdb'

    def __init__(self, directory: Path, mode: str = 'auto'):
        self.directory = directory
        directory.mkdir(parents=True, exist_ok=True)
        has_duckdb = importlib.util.find_spec('duckdb') is not None
        if mode not in {'auto', 'duckdb', 'ducklake', 'sqlite'}:
            raise ValueError('Unknown storage mode.')
        if mode in {'duckdb', 'ducklake'} and not has_duckdb:
>           raise RuntimeError('DuckDB is not installed. Install requirements-engines.txt; no silent storage substitution was made.')
E           RuntimeError: DuckDB is not installed. Install requirements-engines.txt; no silent storage substitution was made.

apps/api/datapass/catalog.py:108: RuntimeError
_ ERROR at setup of test_spark_fails_closed[duckdb-result = spark.table("source.orders").filter((F.col("net_amount") > 0) and (F.col("segment_id") > 0))] _

tmp_path = PosixPath('/tmp/pytest-of-root/pytest-10/test_spark_fails_closed_duckdb2')
request = <SubRequest 'engine' for <Function test_spark_fails_closed[duckdb-result = spark.table("source.orders").filter((F.col("net_amount") > 0) and (F.col("segment_id") > 0))]>>

    @pytest.fixture(params=['sqlite', 'duckdb'])
    def engine(tmp_path, request):
>       value = Engine(tmp_path/'db',mode=request.param,trusted_python=True)
                ^^^^^^^^^^^^^^^^^^^^^^^^^^^^^^^^^^^^^^^^^^^^^^^^^^^^^^^^^^^^

tests/test_root.py:21: 
_ _ _ _ _ _ _ _ _ _ _ _ _ _ _ _ _ _ _ _ _ _ _ _ _ _ _ _ _ _ _ _ _ _ _ _ _ _ _ _ 
apps/api/datapass/execution.py:64: in __init__
    self.catalog = Catalog(directory, mode)
                   ^^^^^^^^^^^^^^^^^^^^^^^^
_ _ _ _ _ _ _ _ _ _ _ _ _ _ _ _ _ _ _ _ _ _ _ _ _ _ _ _ _ _ _ _ _ _ _ _ _ _ _ _ 

self = <apps.api.datapass.catalog.Catalog object at 0x7f989c3ccef0>
directory = PosixPath('/tmp/pytest-of-root/pytest-10/test_spark_fails_closed_duckdb2/db')
mode = 'duckdb'

    def __init__(self, directory: Path, mode: str = 'auto'):
        self.directory = directory
        directory.mkdir(parents=True, exist_ok=True)
        has_duckdb = importlib.util.find_spec('duckdb') is not None
        if mode not in {'auto', 'duckdb', 'ducklake', 'sqlite'}:
            raise ValueError('Unknown storage mode.')
        if mode in {'duckdb', 'ducklake'} and not has_duckdb:
>           raise RuntimeError('DuckDB is not installed. Install requirements-engines.txt; no silent storage substitution was made.')
E           RuntimeError: DuckDB is not installed. Install requirements-engines.txt; no silent storage substitution was made.

apps/api/datapass/catalog.py:108: RuntimeError
___ ERROR at setup of test_spark_fails_closed[duckdb-while True:\n    pass] ____

tmp_path = PosixPath('/tmp/pytest-of-root/pytest-10/test_spark_fails_closed_duckdb3')
request = <SubRequest 'engine' for <Function test_spark_fails_closed[duckdb-while True:\n    pass]>>

    @pytest.fixture(params=['sqlite', 'duckdb'])
    def engine(tmp_path, request):
>       value = Engine(tmp_path/'db',mode=request.param,trusted_python=True)
                ^^^^^^^^^^^^^^^^^^^^^^^^^^^^^^^^^^^^^^^^^^^^^^^^^^^^^^^^^^^^

tests/test_root.py:21: 
_ _ _ _ _ _ _ _ _ _ _ _ _ _ _ _ _ _ _ _ _ _ _ _ _ _ _ _ _ _ _ _ _ _ _ _ _ _ _ _ 
apps/api/datapass/execution.py:64: in __init__
    self.catalog = Catalog(directory, mode)
                   ^^^^^^^^^^^^^^^^^^^^^^^^
_ _ _ _ _ _ _ _ _ _ _ _ _ _ _ _ _ _ _ _ _ _ _ _ _ _ _ _ _ _ _ _ _ _ _ _ _ _ _ _ 

self = <apps.api.datapass.catalog.Catalog object at 0x7f989c3ce3c0>
directory = PosixPath('/tmp/pytest-of-root/pytest-10/test_spark_fails_closed_duckdb3/db')
mode = 'duckdb'

    def __init__(self, directory: Path, mode: str = 'auto'):
        self.directory = directory
        directory.mkdir(parents=True, exist_ok=True)
        has_duckdb = importlib.util.find_spec('duckdb') is not None
        if mode not in {'auto', 'duckdb', 'ducklake', 'sqlite'}:
            raise ValueError('Unknown storage mode.')
        if mode in {'duckdb', 'ducklake'} and not has_duckdb:
>           raise RuntimeError('DuckDB is not installed. Install requirements-engines.txt; no silent storage substitution was made.')
E           RuntimeError: DuckDB is not installed. Install requirements-engines.txt; no silent storage substitution was made.

apps/api/datapass/catalog.py:108: RuntimeError
_ ERROR at setup of test_sql_rejects_external_operations[duckdb-ATTACH 'evil.db' AS secret] _

tmp_path = PosixPath('/tmp/pytest-of-root/pytest-10/test_sql_rejects_external_oper7')
request = <SubRequest 'engine' for <Function test_sql_rejects_external_operations[duckdb-ATTACH 'evil.db' AS secret]>>

    @pytest.fixture(params=['sqlite', 'duckdb'])
    def engine(tmp_path, request):
>       value = Engine(tmp_path/'db',mode=request.param,trusted_python=True)
                ^^^^^^^^^^^^^^^^^^^^^^^^^^^^^^^^^^^^^^^^^^^^^^^^^^^^^^^^^^^^

tests/test_root.py:21: 
_ _ _ _ _ _ _ _ _ _ _ _ _ _ _ _ _ _ _ _ _ _ _ _ _ _ _ _ _ _ _ _ _ _ _ _ _ _ _ _ 
apps/api/datapass/execution.py:64: in __init__
    self.catalog = Catalog(directory, mode)
                   ^^^^^^^^^^^^^^^^^^^^^^^^
_ _ _ _ _ _ _ _ _ _ _ _ _ _ _ _ _ _ _ _ _ _ _ _ _ _ _ _ _ _ _ _ _ _ _ _ _ _ _ _ 

self = <apps.api.datapass.catalog.Catalog object at 0x7f989c3cd910>
directory = PosixPath('/tmp/pytest-of-root/pytest-10/test_sql_rejects_external_oper7/db')
mode = 'duckdb'

    def __init__(self, directory: Path, mode: str = 'auto'):
        self.directory = directory
        directory.mkdir(parents=True, exist_ok=True)
        has_duckdb = importlib.util.find_spec('duckdb') is not None
        if mode not in {'auto', 'duckdb', 'ducklake', 'sqlite'}:
            raise ValueError('Unknown storage mode.')
        if mode in {'duckdb', 'ducklake'} and not has_duckdb:
>           raise RuntimeError('DuckDB is not installed. Install requirements-engines.txt; no silent storage substitution was made.')
E           RuntimeError: DuckDB is not installed. Install requirements-engines.txt; no silent storage substitution was made.

apps/api/datapass/catalog.py:108: RuntimeError
_ ERROR at setup of test_sql_rejects_external_operations[duckdb-INSTALL httpfs] _

tmp_path = PosixPath('/tmp/pytest-of-root/pytest-10/test_sql_rejects_external_oper8')
request = <SubRequest 'engine' for <Function test_sql_rejects_external_operations[duckdb-INSTALL httpfs]>>

    @pytest.fixture(params=['sqlite', 'duckdb'])
    def engine(tmp_path, request):
>       value = Engine(tmp_path/'db',mode=request.param,trusted_python=True)
                ^^^^^^^^^^^^^^^^^^^^^^^^^^^^^^^^^^^^^^^^^^^^^^^^^^^^^^^^^^^^

tests/test_root.py:21: 
_ _ _ _ _ _ _ _ _ _ _ _ _ _ _ _ _ _ _ _ _ _ _ _ _ _ _ _ _ _ _ _ _ _ _ _ _ _ _ _ 
apps/api/datapass/execution.py:64: in __init__
    self.catalog = Catalog(directory, mode)
                   ^^^^^^^^^^^^^^^^^^^^^^^^
_ _ _ _ _ _ _ _ _ _ _ _ _ _ _ _ _ _ _ _ _ _ _ _ _ _ _ _ _ _ _ _ _ _ _ _ _ _ _ _ 

self = <apps.api.datapass.catalog.Catalog object at 0x7f989c3cd880>
directory = PosixPath('/tmp/pytest-of-root/pytest-10/test_sql_rejects_external_oper8/db')
mode = 'duckdb'

    def __init__(self, directory: Path, mode: str = 'auto'):
        self.directory = directory
        directory.mkdir(parents=True, exist_ok=True)
        has_duckdb = importlib.util.find_spec('duckdb') is not None
        if mode not in {'auto', 'duckdb', 'ducklake', 'sqlite'}:
            raise ValueError('Unknown storage mode.')
        if mode in {'duckdb', 'ducklake'} and not has_duckdb:
>           raise RuntimeError('DuckDB is not installed. Install requirements-engines.txt; no silent storage substitution was made.')
E           RuntimeError: DuckDB is not installed. Install requirements-engines.txt; no silent storage substitution was made.

apps/api/datapass/catalog.py:108: RuntimeError
__ ERROR at setup of test_sql_rejects_external_operations[duckdb-LOAD httpfs] __

tmp_path = PosixPath('/tmp/pytest-of-root/pytest-10/test_sql_rejects_external_oper9')
request = <SubRequest 'engine' for <Function test_sql_rejects_external_operations[duckdb-LOAD httpfs]>>

    @pytest.fixture(params=['sqlite', 'duckdb'])
    def engine(tmp_path, request):
>       value = Engine(tmp_path/'db',mode=request.param,trusted_python=True)
                ^^^^^^^^^^^^^^^^^^^^^^^^^^^^^^^^^^^^^^^^^^^^^^^^^^^^^^^^^^^^

tests/test_root.py:21: 
_ _ _ _ _ _ _ _ _ _ _ _ _ _ _ _ _ _ _ _ _ _ _ _ _ _ _ _ _ _ _ _ _ _ _ _ _ _ _ _ 
apps/api/datapass/execution.py:64: in __init__
    self.catalog = Catalog(directory, mode)
                   ^^^^^^^^^^^^^^^^^^^^^^^^
_ _ _ _ _ _ _ _ _ _ _ _ _ _ _ _ _ _ _ _ _ _ _ _ _ _ _ _ _ _ _ _ _ _ _ _ _ _ _ _ 

self = <apps.api.datapass.catalog.Catalog object at 0x7f989cf27b60>
directory = PosixPath('/tmp/pytest-of-root/pytest-10/test_sql_rejects_external_oper9/db')
mode = 'duckdb'

    def __init__(self, directory: Path, mode: str = 'auto'):
        self.directory = directory
        directory.mkdir(parents=True, exist_ok=True)
        has_duckdb = importlib.util.find_spec('duckdb') is not None
        if mode not in {'auto', 'duckdb', 'ducklake', 'sqlite'}:
            raise ValueError('Unknown storage mode.')
        if mode in {'duckdb', 'ducklake'} and not has_duckdb:
>           raise RuntimeError('DuckDB is not installed. Install requirements-engines.txt; no silent storage substitution was made.')
E           RuntimeError: DuckDB is not installed. Install requirements-engines.txt; no silent storage substitution was made.

apps/api/datapass/catalog.py:108: RuntimeError
_ ERROR at setup of test_sql_rejects_external_operations[duckdb-SELECT * FROM read_csv('/etc/passwd')] _

tmp_path = PosixPath('/tmp/pytest-of-root/pytest-10/test_sql_rejects_external_oper10')
request = <SubRequest 'engine' for <Function test_sql_rejects_external_operations[duckdb-SELECT * FROM read_csv('/etc/passwd')]>>

    @pytest.fixture(params=['sqlite', 'duckdb'])
    def engine(tmp_path, request):
>       value = Engine(tmp_path/'db',mode=request.param,trusted_python=True)
                ^^^^^^^^^^^^^^^^^^^^^^^^^^^^^^^^^^^^^^^^^^^^^^^^^^^^^^^^^^^^

tests/test_root.py:21: 
_ _ _ _ _ _ _ _ _ _ _ _ _ _ _ _ _ _ _ _ _ _ _ _ _ _ _ _ _ _ _ _ _ _ _ _ _ _ _ _ 
apps/api/datapass/execution.py:64: in __init__
    self.catalog = Catalog(directory, mode)
                   ^^^^^^^^^^^^^^^^^^^^^^^^
_ _ _ _ _ _ _ _ _ _ _ _ _ _ _ _ _ _ _ _ _ _ _ _ _ _ _ _ _ _ _ _ _ _ _ _ _ _ _ _ 

self = <apps.api.datapass.catalog.Catalog object at 0x7f989cf257f0>
directory = PosixPath('/tmp/pytest-of-root/pytest-10/test_sql_rejects_external_oper10/db')
mode = 'duckdb'

    def __init__(self, directory: Path, mode: str = 'auto'):
        self.directory = directory
        directory.mkdir(parents=True, exist_ok=True)
        has_duckdb = importlib.util.find_spec('duckdb') is not None
        if mode not in {'auto', 'duckdb', 'ducklake', 'sqlite'}:
            raise ValueError('Unknown storage mode.')
        if mode in {'duckdb', 'ducklake'} and not has_duckdb:
>           raise RuntimeError('DuckDB is not installed. Install requirements-engines.txt; no silent storage substitution was made.')
E           RuntimeError: DuckDB is not installed. Install requirements-engines.txt; no silent storage substitution was made.

apps/api/datapass/catalog.py:108: RuntimeError
_ ERROR at setup of test_sql_rejects_external_operations[duckdb-PRAGMA database_list] _

tmp_path = PosixPath('/tmp/pytest-of-root/pytest-10/test_sql_rejects_external_oper11')
request = <SubRequest 'engine' for <Function test_sql_rejects_external_operations[duckdb-PRAGMA database_list]>>

    @pytest.fixture(params=['sqlite', 'duckdb'])
    def engine(tmp_path, request):
>       value = Engine(tmp_path/'db',mode=request.param,trusted_python=True)
                ^^^^^^^^^^^^^^^^^^^^^^^^^^^^^^^^^^^^^^^^^^^^^^^^^^^^^^^^^^^^

tests/test_root.py:21: 
_ _ _ _ _ _ _ _ _ _ _ _ _ _ _ _ _ _ _ _ _ _ _ _ _ _ _ _ _ _ _ _ _ _ _ _ _ _ _ _ 
apps/api/datapass/execution.py:64: in __init__
    self.catalog = Catalog(directory, mode)
                   ^^^^^^^^^^^^^^^^^^^^^^^^
_ _ _ _ _ _ _ _ _ _ _ _ _ _ _ _ _ _ _ _ _ _ _ _ _ _ _ _ _ _ _ _ _ _ _ _ _ _ _ _ 

self = <apps.api.datapass.catalog.Catalog object at 0x7f989cf24a70>
directory = PosixPath('/tmp/pytest-of-root/pytest-10/test_sql_rejects_external_oper11/db')
mode = 'duckdb'

    def __init__(self, directory: Path, mode: str = 'auto'):
        self.directory = directory
        directory.mkdir(parents=True, exist_ok=True)
        has_duckdb = importlib.util.find_spec('duckdb') is not None
        if mode not in {'auto', 'duckdb', 'ducklake', 'sqlite'}:
            raise ValueError('Unknown storage mode.')
        if mode in {'duckdb', 'ducklake'} and not has_duckdb:
>           raise RuntimeError('DuckDB is not installed. Install requirements-engines.txt; no silent storage substitution was made.')
E           RuntimeError: DuckDB is not installed. Install requirements-engines.txt; no silent storage substitution was made.

apps/api/datapass/catalog.py:108: RuntimeError
_ ERROR at setup of test_sql_rejects_external_operations[duckdb-SELECT load_extension('evil')] _

tmp_path = PosixPath('/tmp/pytest-of-root/pytest-10/test_sql_rejects_external_oper12')
request = <SubRequest 'engine' for <Function test_sql_rejects_external_operations[duckdb-SELECT load_extension('evil')]>>

    @pytest.fixture(params=['sqlite', 'duckdb'])
    def engine(tmp_path, request):
>       value = Engine(tmp_path/'db',mode=request.param,trusted_python=True)
                ^^^^^^^^^^^^^^^^^^^^^^^^^^^^^^^^^^^^^^^^^^^^^^^^^^^^^^^^^^^^

tests/test_root.py:21: 
_ _ _ _ _ _ _ _ _ _ _ _ _ _ _ _ _ _ _ _ _ _ _ _ _ _ _ _ _ _ _ _ _ _ _ _ _ _ _ _ 
apps/api/datapass/execution.py:64: in __init__
    self.catalog = Catalog(directory, mode)
                   ^^^^^^^^^^^^^^^^^^^^^^^^
_ _ _ _ _ _ _ _ _ _ _ _ _ _ _ _ _ _ _ _ _ _ _ _ _ _ _ _ _ _ _ _ _ _ _ _ _ _ _ _ 

self = <apps.api.datapass.catalog.Catalog object at 0x7f989cf27ec0>
directory = PosixPath('/tmp/pytest-of-root/pytest-10/test_sql_rejects_external_oper12/db')
mode = 'duckdb'

    def __init__(self, directory: Path, mode: str = 'auto'):
        self.directory = directory
        directory.mkdir(parents=True, exist_ok=True)
        has_duckdb = importlib.util.find_spec('duckdb') is not None
        if mode not in {'auto', 'duckdb', 'ducklake', 'sqlite'}:
            raise ValueError('Unknown storage mode.')
        if mode in {'duckdb', 'ducklake'} and not has_duckdb:
>           raise RuntimeError('DuckDB is not installed. Install requirements-engines.txt; no silent storage substitution was made.')
E           RuntimeError: DuckDB is not installed. Install requirements-engines.txt; no silent storage substitution was made.

apps/api/datapass/catalog.py:108: RuntimeError
_ ERROR at setup of test_sql_rejects_external_operations[duckdb-COPY source.orders TO '/tmp/data.csv'] _

tmp_path = PosixPath('/tmp/pytest-of-root/pytest-10/test_sql_rejects_external_oper13')
request = <SubRequest 'engine' for <Function test_sql_rejects_external_operations[duckdb-COPY source.orders TO '/tmp/data.csv']>>

    @pytest.fixture(params=['sqlite', 'duckdb'])
    def engine(tmp_path, request):
>       value = Engine(tmp_path/'db',mode=request.param,trusted_python=True)
                ^^^^^^^^^^^^^^^^^^^^^^^^^^^^^^^^^^^^^^^^^^^^^^^^^^^^^^^^^^^^

tests/test_root.py:21: 
_ _ _ _ _ _ _ _ _ _ _ _ _ _ _ _ _ _ _ _ _ _ _ _ _ _ _ _ _ _ _ _ _ _ _ _ _ _ _ _ 
apps/api/datapass/execution.py:64: in __init__
    self.catalog = Catalog(directory, mode)
                   ^^^^^^^^^^^^^^^^^^^^^^^^
_ _ _ _ _ _ _ _ _ _ _ _ _ _ _ _ _ _ _ _ _ _ _ _ _ _ _ _ _ _ _ _ _ _ _ _ _ _ _ _ 

self = <apps.api.datapass.catalog.Catalog object at 0x7f989cf27e30>
directory = PosixPath('/tmp/pytest-of-root/pytest-10/test_sql_rejects_external_oper13/db')
mode = 'duckdb'

    def __init__(self, directory: Path, mode: str = 'auto'):
        self.directory = directory
        directory.mkdir(parents=True, exist_ok=True)
        has_duckdb = importlib.util.find_spec('duckdb') is not None
        if mode not in {'auto', 'duckdb', 'ducklake', 'sqlite'}:
            raise ValueError('Unknown storage mode.')
        if mode in {'duckdb', 'ducklake'} and not has_duckdb:
>           raise RuntimeError('DuckDB is not installed. Install requirements-engines.txt; no silent storage substitution was made.')
E           RuntimeError: DuckDB is not installed. Install requirements-engines.txt; no silent storage substitution was made.

apps/api/datapass/catalog.py:108: RuntimeError
___________ ERROR at setup of test_publish_atomic_on_failure[duckdb] ___________

tmp_path = PosixPath('/tmp/pytest-of-root/pytest-10/test_publish_atomic_on_failure1')
request = <SubRequest 'engine' for <Function test_publish_atomic_on_failure[duckdb]>>

    @pytest.fixture(params=['sqlite', 'duckdb'])
    def engine(tmp_path, request):
>       value = Engine(tmp_path/'db',mode=request.param,trusted_python=True)
                ^^^^^^^^^^^^^^^^^^^^^^^^^^^^^^^^^^^^^^^^^^^^^^^^^^^^^^^^^^^^

tests/test_root.py:21: 
_ _ _ _ _ _ _ _ _ _ _ _ _ _ _ _ _ _ _ _ _ _ _ _ _ _ _ _ _ _ _ _ _ _ _ _ _ _ _ _ 
apps/api/datapass/execution.py:64: in __init__
    self.catalog = Catalog(directory, mode)
                   ^^^^^^^^^^^^^^^^^^^^^^^^
_ _ _ _ _ _ _ _ _ _ _ _ _ _ _ _ _ _ _ _ _ _ _ _ _ _ _ _ _ _ _ _ _ _ _ _ _ _ _ _ 

self = <apps.api.datapass.catalog.Catalog object at 0x7f989cf271d0>
directory = PosixPath('/tmp/pytest-of-root/pytest-10/test_publish_atomic_on_failure1/db')
mode = 'duckdb'

    def __init__(self, directory: Path, mode: str = 'auto'):
        self.directory = directory
        directory.mkdir(parents=True, exist_ok=True)
        has_duckdb = importlib.util.find_spec('duckdb') is not None
        if mode not in {'auto', 'duckdb', 'ducklake', 'sqlite'}:
            raise ValueError('Unknown storage mode.')
        if mode in {'duckdb', 'ducklake'} and not has_duckdb:
>           raise RuntimeError('DuckDB is not installed. Install requirements-engines.txt; no silent storage substitution was made.')
E           RuntimeError: DuckDB is not installed. Install requirements-engines.txt; no silent storage substitution was made.

apps/api/datapass/catalog.py:108: RuntimeError
_ ERROR at setup of test_multiple_sql_statements_and_semicolon_in_string[duckdb] _

tmp_path = PosixPath('/tmp/pytest-of-root/pytest-10/test_multiple_sql_statements_a1')
request = <SubRequest 'engine' for <Function test_multiple_sql_statements_and_semicolon_in_string[duckdb]>>

    @pytest.fixture(params=['sqlite', 'duckdb'])
    def engine(tmp_path, request):
>       value = Engine(tmp_path/'db',mode=request.param,trusted_python=True)
                ^^^^^^^^^^^^^^^^^^^^^^^^^^^^^^^^^^^^^^^^^^^^^^^^^^^^^^^^^^^^

tests/test_root.py:21: 
_ _ _ _ _ _ _ _ _ _ _ _ _ _ _ _ _ _ _ _ _ _ _ _ _ _ _ _ _ _ _ _ _ _ _ _ _ _ _ _ 
apps/api/datapass/execution.py:64: in __init__
    self.catalog = Catalog(directory, mode)
                   ^^^^^^^^^^^^^^^^^^^^^^^^
_ _ _ _ _ _ _ _ _ _ _ _ _ _ _ _ _ _ _ _ _ _ _ _ _ _ _ _ _ _ _ _ _ _ _ _ _ _ _ _ 

self = <apps.api.datapass.catalog.Catalog object at 0x7f989cf24dd0>
directory = PosixPath('/tmp/pytest-of-root/pytest-10/test_multiple_sql_statements_a1/db')
mode = 'duckdb'

    def __init__(self, directory: Path, mode: str = 'auto'):
        self.directory = directory
        directory.mkdir(parents=True, exist_ok=True)
        has_duckdb = importlib.util.find_spec('duckdb') is not None
        if mode not in {'auto', 'duckdb', 'ducklake', 'sqlite'}:
            raise ValueError('Unknown storage mode.')
        if mode in {'duckdb', 'ducklake'} and not has_duckdb:
>           raise RuntimeError('DuckDB is not installed. Install requirements-engines.txt; no silent storage substitution was made.')
E           RuntimeError: DuckDB is not installed. Install requirements-engines.txt; no silent storage substitution was made.

apps/api/datapass/catalog.py:108: RuntimeError
_ ERROR at setup of test_failed_sql_transaction_preserves_previous_data[duckdb] _

tmp_path = PosixPath('/tmp/pytest-of-root/pytest-10/test_failed_sql_transaction_pr1')
request = <SubRequest 'engine' for <Function test_failed_sql_transaction_preserves_previous_data[duckdb]>>

    @pytest.fixture(params=['sqlite', 'duckdb'])
    def engine(tmp_path, request):
>       value = Engine(tmp_path/'db',mode=request.param,trusted_python=True)
                ^^^^^^^^^^^^^^^^^^^^^^^^^^^^^^^^^^^^^^^^^^^^^^^^^^^^^^^^^^^^

tests/test_root.py:21: 
_ _ _ _ _ _ _ _ _ _ _ _ _ _ _ _ _ _ _ _ _ _ _ _ _ _ _ _ _ _ _ _ _ _ _ _ _ _ _ _ 
apps/api/datapass/execution.py:64: in __init__
    self.catalog = Catalog(directory, mode)
                   ^^^^^^^^^^^^^^^^^^^^^^^^
_ _ _ _ _ _ _ _ _ _ _ _ _ _ _ _ _ _ _ _ _ _ _ _ _ _ _ _ _ _ _ _ _ _ _ _ _ _ _ _ 

self = <apps.api.datapass.catalog.Catalog object at 0x7f989cf27c80>
directory = PosixPath('/tmp/pytest-of-root/pytest-10/test_failed_sql_transaction_pr1/db')
mode = 'duckdb'

    def __init__(self, directory: Path, mode: str = 'auto'):
        self.directory = directory
        directory.mkdir(parents=True, exist_ok=True)
        has_duckdb = importlib.util.find_spec('duckdb') is not None
        if mode not in {'auto', 'duckdb', 'ducklake', 'sqlite'}:
            raise ValueError('Unknown storage mode.')
        if mode in {'duckdb', 'ducklake'} and not has_duckdb:
>           raise RuntimeError('DuckDB is not installed. Install requirements-engines.txt; no silent storage substitution was made.')
E           RuntimeError: DuckDB is not installed. Install requirements-engines.txt; no silent storage substitution was made.

apps/api/datapass/catalog.py:108: RuntimeError
_ ERROR at setup of test_wrong_kpi_code_cannot_reuse_previous_catalog_acceptance[duckdb] _

tmp_path = PosixPath('/tmp/pytest-of-root/pytest-10/test_wrong_kpi_code_cannot_reu1')
request = <SubRequest 'engine' for <Function test_wrong_kpi_code_cannot_reuse_previous_catalog_acceptance[duckdb]>>

    @pytest.fixture(params=['sqlite', 'duckdb'])
    def engine(tmp_path, request):
>       value = Engine(tmp_path/'db',mode=request.param,trusted_python=True)
                ^^^^^^^^^^^^^^^^^^^^^^^^^^^^^^^^^^^^^^^^^^^^^^^^^^^^^^^^^^^^

tests/test_root.py:21: 
_ _ _ _ _ _ _ _ _ _ _ _ _ _ _ _ _ _ _ _ _ _ _ _ _ _ _ _ _ _ _ _ _ _ _ _ _ _ _ _ 
apps/api/datapass/execution.py:64: in __init__
    self.catalog = Catalog(directory, mode)
                   ^^^^^^^^^^^^^^^^^^^^^^^^
_ _ _ _ _ _ _ _ _ _ _ _ _ _ _ _ _ _ _ _ _ _ _ _ _ _ _ _ _ _ _ _ _ _ _ _ _ _ _ _ 

self = <apps.api.datapass.catalog.Catalog object at 0x7f989c3cf0b0>
directory = PosixPath('/tmp/pytest-of-root/pytest-10/test_wrong_kpi_code_cannot_reu1/db')
mode = 'duckdb'

    def __init__(self, directory: Path, mode: str = 'auto'):
        self.directory = directory
        directory.mkdir(parents=True, exist_ok=True)
        has_duckdb = importlib.util.find_spec('duckdb') is not None
        if mode not in {'auto', 'duckdb', 'ducklake', 'sqlite'}:
            raise ValueError('Unknown storage mode.')
        if mode in {'duckdb', 'ducklake'} and not has_duckdb:
>           raise RuntimeError('DuckDB is not installed. Install requirements-engines.txt; no silent storage substitution was made.')
E           RuntimeError: DuckDB is not installed. Install requirements-engines.txt; no silent storage substitution was made.

apps/api/datapass/catalog.py:108: RuntimeError
_____ ERROR at setup of test_copy_check_is_full_row_not_row_count[duckdb] ______

tmp_path = PosixPath('/tmp/pytest-of-root/pytest-10/test_copy_check_is_full_row_no1')
request = <SubRequest 'engine' for <Function test_copy_check_is_full_row_not_row_count[duckdb]>>

    @pytest.fixture(params=['sqlite', 'duckdb'])
    def engine(tmp_path, request):
>       value = Engine(tmp_path/'db',mode=request.param,trusted_python=True)
                ^^^^^^^^^^^^^^^^^^^^^^^^^^^^^^^^^^^^^^^^^^^^^^^^^^^^^^^^^^^^

tests/test_root.py:21: 
_ _ _ _ _ _ _ _ _ _ _ _ _ _ _ _ _ _ _ _ _ _ _ _ _ _ _ _ _ _ _ _ _ _ _ _ _ _ _ _ 
apps/api/datapass/execution.py:64: in __init__
    self.catalog = Catalog(directory, mode)
                   ^^^^^^^^^^^^^^^^^^^^^^^^
_ _ _ _ _ _ _ _ _ _ _ _ _ _ _ _ _ _ _ _ _ _ _ _ _ _ _ _ _ _ _ _ _ _ _ _ _ _ _ _ 

self = <apps.api.datapass.catalog.Catalog object at 0x7f989c3cfe30>
directory = PosixPath('/tmp/pytest-of-root/pytest-10/test_copy_check_is_full_row_no1/db')
mode = 'duckdb'

    def __init__(self, directory: Path, mode: str = 'auto'):
        self.directory = directory
        directory.mkdir(parents=True, exist_ok=True)
        has_duckdb = importlib.util.find_spec('duckdb') is not None
        if mode not in {'auto', 'duckdb', 'ducklake', 'sqlite'}:
            raise ValueError('Unknown storage mode.')
        if mode in {'duckdb', 'ducklake'} and not has_duckdb:
>           raise RuntimeError('DuckDB is not installed. Install requirements-engines.txt; no silent storage substitution was made.')
E           RuntimeError: DuckDB is not installed. Install requirements-engines.txt; no silent storage substitution was made.

apps/api/datapass/catalog.py:108: RuntimeError
__ ERROR at setup of test_spark_simulation_withholds_mutated_fixture[duckdb] ___

tmp_path = PosixPath('/tmp/pytest-of-root/pytest-10/test_spark_simulation_withhold1')
request = <SubRequest 'engine' for <Function test_spark_simulation_withholds_mutated_fixture[duckdb]>>

    @pytest.fixture(params=['sqlite', 'duckdb'])
    def engine(tmp_path, request):
>       value = Engine(tmp_path/'db',mode=request.param,trusted_python=True)
                ^^^^^^^^^^^^^^^^^^^^^^^^^^^^^^^^^^^^^^^^^^^^^^^^^^^^^^^^^^^^

tests/test_root.py:21: 
_ _ _ _ _ _ _ _ _ _ _ _ _ _ _ _ _ _ _ _ _ _ _ _ _ _ _ _ _ _ _ _ _ _ _ _ _ _ _ _ 
apps/api/datapass/execution.py:64: in __init__
    self.catalog = Catalog(directory, mode)
                   ^^^^^^^^^^^^^^^^^^^^^^^^
_ _ _ _ _ _ _ _ _ _ _ _ _ _ _ _ _ _ _ _ _ _ _ _ _ _ _ _ _ _ _ _ _ _ _ _ _ _ _ _ 

self = <apps.api.datapass.catalog.Catalog object at 0x7f989e2acb90>
directory = PosixPath('/tmp/pytest-of-root/pytest-10/test_spark_simulation_withhold1/db')
mode = 'duckdb'

    def __init__(self, directory: Path, mode: str = 'auto'):
        self.directory = directory
        directory.mkdir(parents=True, exist_ok=True)
        has_duckdb = importlib.util.find_spec('duckdb') is not None
        if mode not in {'auto', 'duckdb', 'ducklake', 'sqlite'}:
            raise ValueError('Unknown storage mode.')
        if mode in {'duckdb', 'ducklake'} and not has_duckdb:
>           raise RuntimeError('DuckDB is not installed. Install requirements-engines.txt; no silent storage substitution was made.')
E           RuntimeError: DuckDB is not installed. Install requirements-engines.txt; no silent storage substitution was made.

apps/api/datapass/catalog.py:108: RuntimeError
______ ERROR at setup of test_unknown_workflow_override_rejected[duckdb] _______

tmp_path = PosixPath('/tmp/pytest-of-root/pytest-10/test_unknown_workflow_override1')
request = <SubRequest 'engine' for <Function test_unknown_workflow_override_rejected[duckdb]>>

    @pytest.fixture(params=['sqlite', 'duckdb'])
    def engine(tmp_path, request):
>       value = Engine(tmp_path/'db',mode=request.param,trusted_python=True)
                ^^^^^^^^^^^^^^^^^^^^^^^^^^^^^^^^^^^^^^^^^^^^^^^^^^^^^^^^^^^^

tests/test_root.py:21: 
_ _ _ _ _ _ _ _ _ _ _ _ _ _ _ _ _ _ _ _ _ _ _ _ _ _ _ _ _ _ _ _ _ _ _ _ _ _ _ _ 
apps/api/datapass/execution.py:64: in __init__
    self.catalog = Catalog(directory, mode)
                   ^^^^^^^^^^^^^^^^^^^^^^^^
_ _ _ _ _ _ _ _ _ _ _ _ _ _ _ _ _ _ _ _ _ _ _ _ _ _ _ _ _ _ _ _ _ _ _ _ _ _ _ _ 

self = <apps.api.datapass.catalog.Catalog object at 0x7f989c484dd0>
directory = PosixPath('/tmp/pytest-of-root/pytest-10/test_unknown_workflow_override1/db')
mode = 'duckdb'

    def __init__(self, directory: Path, mode: str = 'auto'):
        self.directory = directory
        directory.mkdir(parents=True, exist_ok=True)
        has_duckdb = importlib.util.find_spec('duckdb') is not None
        if mode not in {'auto', 'duckdb', 'ducklake', 'sqlite'}:
            raise ValueError('Unknown storage mode.')
        if mode in {'duckdb', 'ducklake'} and not has_duckdb:
>           raise RuntimeError('DuckDB is not installed. Install requirements-engines.txt; no silent storage substitution was made.')
E           RuntimeError: DuckDB is not installed. Install requirements-engines.txt; no silent storage substitution was made.

apps/api/datapass/catalog.py:108: RuntimeError
_ ERROR at setup of test_valid_pyspark_sql_filter_is_explicitly_unsupported_here[duckdb] _

tmp_path = PosixPath('/tmp/pytest-of-root/pytest-10/test_valid_pyspark_sql_filter_1')
request = <SubRequest 'engine' for <Function test_valid_pyspark_sql_filter_is_explicitly_unsupported_here[duckdb]>>

    @pytest.fixture(params=['sqlite', 'duckdb'])
    def engine(tmp_path, request):
>       value = Engine(tmp_path/'db',mode=request.param,trusted_python=True)
                ^^^^^^^^^^^^^^^^^^^^^^^^^^^^^^^^^^^^^^^^^^^^^^^^^^^^^^^^^^^^

tests/test_root.py:21: 
_ _ _ _ _ _ _ _ _ _ _ _ _ _ _ _ _ _ _ _ _ _ _ _ _ _ _ _ _ _ _ _ _ _ _ _ _ _ _ _ 
apps/api/datapass/execution.py:64: in __init__
    self.catalog = Catalog(directory, mode)
                   ^^^^^^^^^^^^^^^^^^^^^^^^
_ _ _ _ _ _ _ _ _ _ _ _ _ _ _ _ _ _ _ _ _ _ _ _ _ _ _ _ _ _ _ _ _ _ _ _ _ _ _ _ 

self = <apps.api.datapass.catalog.Catalog object at 0x7f989cdb5490>
directory = PosixPath('/tmp/pytest-of-root/pytest-10/test_valid_pyspark_sql_filter_1/db')
mode = 'duckdb'

    def __init__(self, directory: Path, mode: str = 'auto'):
        self.directory = directory
        directory.mkdir(parents=True, exist_ok=True)
        has_duckdb = importlib.util.find_spec('duckdb') is not None
        if mode not in {'auto', 'duckdb', 'ducklake', 'sqlite'}:
            raise ValueError('Unknown storage mode.')
        if mode in {'duckdb', 'ducklake'} and not has_duckdb:
>           raise RuntimeError('DuckDB is not installed. Install requirements-engines.txt; no silent storage substitution was made.')
E           RuntimeError: DuckDB is not installed. Install requirements-engines.txt; no silent storage substitution was made.

apps/api/datapass/catalog.py:108: RuntimeError
______ ERROR at setup of test_python_reads_participate_in_lineage[duckdb] ______

tmp_path = PosixPath('/tmp/pytest-of-root/pytest-10/test_python_reads_participate_1')
request = <SubRequest 'engine' for <Function test_python_reads_participate_in_lineage[duckdb]>>

    @pytest.fixture(params=['sqlite', 'duckdb'])
    def engine(tmp_path, request):
>       value = Engine(tmp_path/'db',mode=request.param,trusted_python=True)
                ^^^^^^^^^^^^^^^^^^^^^^^^^^^^^^^^^^^^^^^^^^^^^^^^^^^^^^^^^^^^

tests/test_root.py:21: 
_ _ _ _ _ _ _ _ _ _ _ _ _ _ _ _ _ _ _ _ _ _ _ _ _ _ _ _ _ _ _ _ _ _ _ _ _ _ _ _ 
apps/api/datapass/execution.py:64: in __init__
    self.catalog = Catalog(directory, mode)
                   ^^^^^^^^^^^^^^^^^^^^^^^^
_ _ _ _ _ _ _ _ _ _ _ _ _ _ _ _ _ _ _ _ _ _ _ _ _ _ _ _ _ _ _ _ _ _ _ _ _ _ _ _ 

self = <apps.api.datapass.catalog.Catalog object at 0x7f989cdb5e20>
directory = PosixPath('/tmp/pytest-of-root/pytest-10/test_python_reads_participate_1/db')
mode = 'duckdb'

    def __init__(self, directory: Path, mode: str = 'auto'):
        self.directory = directory
        directory.mkdir(parents=True, exist_ok=True)
        has_duckdb = importlib.util.find_spec('duckdb') is not None
        if mode not in {'auto', 'duckdb', 'ducklake', 'sqlite'}:
            raise ValueError('Unknown storage mode.')
        if mode in {'duckdb', 'ducklake'} and not has_duckdb:
>           raise RuntimeError('DuckDB is not installed. Install requirements-engines.txt; no silent storage substitution was made.')
E           RuntimeError: DuckDB is not installed. Install requirements-engines.txt; no silent storage substitution was made.

apps/api/datapass/catalog.py:108: RuntimeError
____ ERROR at setup of test_stale_recompute_and_incompatible_schema[duckdb] ____

tmp_path = PosixPath('/tmp/pytest-of-root/pytest-10/test_stale_recompute_and_incom1')
request = <SubRequest 'engine' for <Function test_stale_recompute_and_incompatible_schema[duckdb]>>

    @pytest.fixture(params=['sqlite', 'duckdb'])
    def engine(tmp_path, request):
>       value = Engine(tmp_path/'db',mode=request.param,trusted_python=True)
                ^^^^^^^^^^^^^^^^^^^^^^^^^^^^^^^^^^^^^^^^^^^^^^^^^^^^^^^^^^^^

tests/test_root.py:21: 
_ _ _ _ _ _ _ _ _ _ _ _ _ _ _ _ _ _ _ _ _ _ _ _ _ _ _ _ _ _ _ _ _ _ _ _ _ _ _ _ 
apps/api/datapass/execution.py:64: in __init__
    self.catalog = Catalog(directory, mode)
                   ^^^^^^^^^^^^^^^^^^^^^^^^
_ _ _ _ _ _ _ _ _ _ _ _ _ _ _ _ _ _ _ _ _ _ _ _ _ _ _ _ _ _ _ _ _ _ _ _ _ _ _ _ 

self = <apps.api.datapass.catalog.Catalog object at 0x7f989cdb59a0>
directory = PosixPath('/tmp/pytest-of-root/pytest-10/test_stale_recompute_and_incom1/db')
mode = 'duckdb'

    def __init__(self, directory: Path, mode: str = 'auto'):
        self.directory = directory
        directory.mkdir(parents=True, exist_ok=True)
        has_duckdb = importlib.util.find_spec('duckdb') is not None
        if mode not in {'auto', 'duckdb', 'ducklake', 'sqlite'}:
            raise ValueError('Unknown storage mode.')
        if mode in {'duckdb', 'ducklake'} and not has_duckdb:
>           raise RuntimeError('DuckDB is not installed. Install requirements-engines.txt; no silent storage substitution was made.')
E           RuntimeError: DuckDB is not installed. Install requirements-engines.txt; no silent storage substitution was made.

apps/api/datapass/catalog.py:108: RuntimeError
_________ ERROR at setup of test_outer_semi_anti_nulls_and_duplicates __________

tmp_path = PosixPath('/tmp/pytest-of-root/pytest-10/test_outer_semi_anti_nulls_and0')

    @pytest.fixture
    def engine(tmp_path):
>       value = Engine(tmp_path, mode='duckdb')
                ^^^^^^^^^^^^^^^^^^^^^^^^^^^^^^^

services/sparklab/tests/test_runtime_pass1.py:13: 
_ _ _ _ _ _ _ _ _ _ _ _ _ _ _ _ _ _ _ _ _ _ _ _ _ _ _ _ _ _ _ _ _ _ _ _ _ _ _ _ 
apps/api/datapass/execution.py:64: in __init__
    self.catalog = Catalog(directory, mode)
                   ^^^^^^^^^^^^^^^^^^^^^^^^
_ _ _ _ _ _ _ _ _ _ _ _ _ _ _ _ _ _ _ _ _ _ _ _ _ _ _ _ _ _ _ _ _ _ _ _ _ _ _ _ 

self = <apps.api.datapass.catalog.Catalog object at 0x7f989cd9bbf0>
directory = PosixPath('/tmp/pytest-of-root/pytest-10/test_outer_semi_anti_nulls_and0')
mode = 'duckdb'

    def __init__(self, directory: Path, mode: str = 'auto'):
        self.directory = directory
        directory.mkdir(parents=True, exist_ok=True)
        has_duckdb = importlib.util.find_spec('duckdb') is not None
        if mode not in {'auto', 'duckdb', 'ducklake', 'sqlite'}:
            raise ValueError('Unknown storage mode.')
        if mode in {'duckdb', 'ducklake'} and not has_duckdb:
>           raise RuntimeError('DuckDB is not installed. Install requirements-engines.txt; no silent storage substitution was made.')
E           RuntimeError: DuckDB is not installed. Install requirements-engines.txt; no silent storage substitution was made.

apps/api/datapass/catalog.py:108: RuntimeError
_ ERROR at setup of test_unsupported_is_error[result = spark.table("source.orders").selectExpr("*")] _

tmp_path = PosixPath('/tmp/pytest-of-root/pytest-10/test_unsupported_is_error_resu0')

    @pytest.fixture
    def engine(tmp_path):
>       value = Engine(tmp_path, mode='duckdb')
                ^^^^^^^^^^^^^^^^^^^^^^^^^^^^^^^

services/sparklab/tests/test_runtime_pass1.py:13: 
_ _ _ _ _ _ _ _ _ _ _ _ _ _ _ _ _ _ _ _ _ _ _ _ _ _ _ _ _ _ _ _ _ _ _ _ _ _ _ _ 
apps/api/datapass/execution.py:64: in __init__
    self.catalog = Catalog(directory, mode)
                   ^^^^^^^^^^^^^^^^^^^^^^^^
_ _ _ _ _ _ _ _ _ _ _ _ _ _ _ _ _ _ _ _ _ _ _ _ _ _ _ _ _ _ _ _ _ _ _ _ _ _ _ _ 

self = <apps.api.datapass.catalog.Catalog object at 0x7f989cd99490>
directory = PosixPath('/tmp/pytest-of-root/pytest-10/test_unsupported_is_error_resu0')
mode = 'duckdb'

    def __init__(self, directory: Path, mode: str = 'auto'):
        self.directory = directory
        directory.mkdir(parents=True, exist_ok=True)
        has_duckdb = importlib.util.find_spec('duckdb') is not None
        if mode not in {'auto', 'duckdb', 'ducklake', 'sqlite'}:
            raise ValueError('Unknown storage mode.')
        if mode in {'duckdb', 'ducklake'} and not has_duckdb:
>           raise RuntimeError('DuckDB is not installed. Install requirements-engines.txt; no silent storage substitution was made.')
E           RuntimeError: DuckDB is not installed. Install requirements-engines.txt; no silent storage substitution was made.

apps/api/datapass/catalog.py:108: RuntimeError
_ ERROR at setup of test_unsupported_is_error[result = spark.table("source.orders").filter((F.col("segment_id") > 1) and (F.col("net_amount") > 0))] _

tmp_path = PosixPath('/tmp/pytest-of-root/pytest-10/test_unsupported_is_error_resu1')

    @pytest.fixture
    def engine(tmp_path):
>       value = Engine(tmp_path, mode='duckdb')
                ^^^^^^^^^^^^^^^^^^^^^^^^^^^^^^^

services/sparklab/tests/test_runtime_pass1.py:13: 
_ _ _ _ _ _ _ _ _ _ _ _ _ _ _ _ _ _ _ _ _ _ _ _ _ _ _ _ _ _ _ _ _ _ _ _ _ _ _ _ 
apps/api/datapass/execution.py:64: in __init__
    self.catalog = Catalog(directory, mode)
                   ^^^^^^^^^^^^^^^^^^^^^^^^
_ _ _ _ _ _ _ _ _ _ _ _ _ _ _ _ _ _ _ _ _ _ _ _ _ _ _ _ _ _ _ _ _ _ _ _ _ _ _ _ 

self = <apps.api.datapass.catalog.Catalog object at 0x7f989cd99e20>
directory = PosixPath('/tmp/pytest-of-root/pytest-10/test_unsupported_is_error_resu1')
mode = 'duckdb'

    def __init__(self, directory: Path, mode: str = 'auto'):
        self.directory = directory
        directory.mkdir(parents=True, exist_ok=True)
        has_duckdb = importlib.util.find_spec('duckdb') is not None
        if mode not in {'auto', 'duckdb', 'ducklake', 'sqlite'}:
            raise ValueError('Unknown storage mode.')
        if mode in {'duckdb', 'ducklake'} and not has_duckdb:
>           raise RuntimeError('DuckDB is not installed. Install requirements-engines.txt; no silent storage substitution was made.')
E           RuntimeError: DuckDB is not installed. Install requirements-engines.txt; no silent storage substitution was made.

apps/api/datapass/catalog.py:108: RuntimeError
_ ERROR at setup of test_unsupported_is_error[result = spark.table("source.orders").limit(-1)] _

tmp_path = PosixPath('/tmp/pytest-of-root/pytest-10/test_unsupported_is_error_resu2')

    @pytest.fixture
    def engine(tmp_path):
>       value = Engine(tmp_path, mode='duckdb')
                ^^^^^^^^^^^^^^^^^^^^^^^^^^^^^^^

services/sparklab/tests/test_runtime_pass1.py:13: 
_ _ _ _ _ _ _ _ _ _ _ _ _ _ _ _ _ _ _ _ _ _ _ _ _ _ _ _ _ _ _ _ _ _ _ _ _ _ _ _ 
apps/api/datapass/execution.py:64: in __init__
    self.catalog = Catalog(directory, mode)
                   ^^^^^^^^^^^^^^^^^^^^^^^^
_ _ _ _ _ _ _ _ _ _ _ _ _ _ _ _ _ _ _ _ _ _ _ _ _ _ _ _ _ _ _ _ _ _ _ _ _ _ _ _ 

self = <apps.api.datapass.catalog.Catalog object at 0x7f989cd9b410>
directory = PosixPath('/tmp/pytest-of-root/pytest-10/test_unsupported_is_error_resu2')
mode = 'duckdb'

    def __init__(self, directory: Path, mode: str = 'auto'):
        self.directory = directory
        directory.mkdir(parents=True, exist_ok=True)
        has_duckdb = importlib.util.find_spec('duckdb') is not None
        if mode not in {'auto', 'duckdb', 'ducklake', 'sqlite'}:
            raise ValueError('Unknown storage mode.')
        if mode in {'duckdb', 'ducklake'} and not has_duckdb:
>           raise RuntimeError('DuckDB is not installed. Install requirements-engines.txt; no silent storage substitution was made.')
E           RuntimeError: DuckDB is not installed. Install requirements-engines.txt; no silent storage substitution was made.

apps/api/datapass/catalog.py:108: RuntimeError
_ ERROR at setup of test_unsupported_is_error[result = spark.table("source.orders; DROP TABLE source.orders")] _

tmp_path = PosixPath('/tmp/pytest-of-root/pytest-10/test_unsupported_is_error_resu3')

    @pytest.fixture
    def engine(tmp_path):
>       value = Engine(tmp_path, mode='duckdb')
                ^^^^^^^^^^^^^^^^^^^^^^^^^^^^^^^

services/sparklab/tests/test_runtime_pass1.py:13: 
_ _ _ _ _ _ _ _ _ _ _ _ _ _ _ _ _ _ _ _ _ _ _ _ _ _ _ _ _ _ _ _ _ _ _ _ _ _ _ _ 
apps/api/datapass/execution.py:64: in __init__
    self.catalog = Catalog(directory, mode)
                   ^^^^^^^^^^^^^^^^^^^^^^^^
_ _ _ _ _ _ _ _ _ _ _ _ _ _ _ _ _ _ _ _ _ _ _ _ _ _ _ _ _ _ _ _ _ _ _ _ _ _ _ _ 

self = <apps.api.datapass.catalog.Catalog object at 0x7f989cd9a7b0>
directory = PosixPath('/tmp/pytest-of-root/pytest-10/test_unsupported_is_error_resu3')
mode = 'duckdb'

    def __init__(self, directory: Path, mode: str = 'auto'):
        self.directory = directory
        directory.mkdir(parents=True, exist_ok=True)
        has_duckdb = importlib.util.find_spec('duckdb') is not None
        if mode not in {'auto', 'duckdb', 'ducklake', 'sqlite'}:
            raise ValueError('Unknown storage mode.')
        if mode in {'duckdb', 'ducklake'} and not has_duckdb:
>           raise RuntimeError('DuckDB is not installed. Install requirements-engines.txt; no silent storage substitution was made.')
E           RuntimeError: DuckDB is not installed. Install requirements-engines.txt; no silent storage substitution was made.

apps/api/datapass/catalog.py:108: RuntimeError
_ ERROR at setup of test_unsupported_is_error[result = spark.table("source.orders").select(F.col("net_amount").cast("decimal(2,9)"))] _

tmp_path = PosixPath('/tmp/pytest-of-root/pytest-10/test_unsupported_is_error_resu4')

    @pytest.fixture
    def engine(tmp_path):
>       value = Engine(tmp_path, mode='duckdb')
                ^^^^^^^^^^^^^^^^^^^^^^^^^^^^^^^

services/sparklab/tests/test_runtime_pass1.py:13: 
_ _ _ _ _ _ _ _ _ _ _ _ _ _ _ _ _ _ _ _ _ _ _ _ _ _ _ _ _ _ _ _ _ _ _ _ _ _ _ _ 
apps/api/datapass/execution.py:64: in __init__
    self.catalog = Catalog(directory, mode)
                   ^^^^^^^^^^^^^^^^^^^^^^^^
_ _ _ _ _ _ _ _ _ _ _ _ _ _ _ _ _ _ _ _ _ _ _ _ _ _ _ _ _ _ _ _ _ _ _ _ _ _ _ _ 

self = <apps.api.datapass.catalog.Catalog object at 0x7f989cd9af00>
directory = PosixPath('/tmp/pytest-of-root/pytest-10/test_unsupported_is_error_resu4')
mode = 'duckdb'

    def __init__(self, directory: Path, mode: str = 'auto'):
        self.directory = directory
        directory.mkdir(parents=True, exist_ok=True)
        has_duckdb = importlib.util.find_spec('duckdb') is not None
        if mode not in {'auto', 'duckdb', 'ducklake', 'sqlite'}:
            raise ValueError('Unknown storage mode.')
        if mode in {'duckdb', 'ducklake'} and not has_duckdb:
>           raise RuntimeError('DuckDB is not installed. Install requirements-engines.txt; no silent storage substitution was made.')
E           RuntimeError: DuckDB is not installed. Install requirements-engines.txt; no silent storage substitution was made.

apps/api/datapass/catalog.py:108: RuntimeError
_ ERROR at setup of test_unsupported_is_error[import os\nresult = spark.table("source.orders")] _

tmp_path = PosixPath('/tmp/pytest-of-root/pytest-10/test_unsupported_is_error_impo0')

    @pytest.fixture
    def engine(tmp_path):
>       value = Engine(tmp_path, mode='duckdb')
                ^^^^^^^^^^^^^^^^^^^^^^^^^^^^^^^

services/sparklab/tests/test_runtime_pass1.py:13: 
_ _ _ _ _ _ _ _ _ _ _ _ _ _ _ _ _ _ _ _ _ _ _ _ _ _ _ _ _ _ _ _ _ _ _ _ _ _ _ _ 
apps/api/datapass/execution.py:64: in __init__
    self.catalog = Catalog(directory, mode)
                   ^^^^^^^^^^^^^^^^^^^^^^^^
_ _ _ _ _ _ _ _ _ _ _ _ _ _ _ _ _ _ _ _ _ _ _ _ _ _ _ _ _ _ _ _ _ _ _ _ _ _ _ _ 

self = <apps.api.datapass.catalog.Catalog object at 0x7f989cd9b5c0>
directory = PosixPath('/tmp/pytest-of-root/pytest-10/test_unsupported_is_error_impo0')
mode = 'duckdb'

    def __init__(self, directory: Path, mode: str = 'auto'):
        self.directory = directory
        directory.mkdir(parents=True, exist_ok=True)
        has_duckdb = importlib.util.find_spec('duckdb') is not None
        if mode not in {'auto', 'duckdb', 'ducklake', 'sqlite'}:
            raise ValueError('Unknown storage mode.')
        if mode in {'duckdb', 'ducklake'} and not has_duckdb:
>           raise RuntimeError('DuckDB is not installed. Install requirements-engines.txt; no silent storage substitution was made.')
E           RuntimeError: DuckDB is not installed. Install requirements-engines.txt; no silent storage substitution was made.

apps/api/datapass/catalog.py:108: RuntimeError
_ ERROR at setup of test_finance_pack_profile_invariance_counterexamples_and_mutation _

tmp_path = PosixPath('/tmp/pytest-of-root/pytest-10/test_finance_pack_profile_inva0')

    @pytest.fixture
    def engine(tmp_path):
>       value = Engine(tmp_path, mode='duckdb')
                ^^^^^^^^^^^^^^^^^^^^^^^^^^^^^^^

services/sparklab/tests/test_runtime_pass1.py:13: 
_ _ _ _ _ _ _ _ _ _ _ _ _ _ _ _ _ _ _ _ _ _ _ _ _ _ _ _ _ _ _ _ _ _ _ _ _ _ _ _ 
apps/api/datapass/execution.py:64: in __init__
    self.catalog = Catalog(directory, mode)
                   ^^^^^^^^^^^^^^^^^^^^^^^^
_ _ _ _ _ _ _ _ _ _ _ _ _ _ _ _ _ _ _ _ _ _ _ _ _ _ _ _ _ _ _ _ _ _ _ _ _ _ _ _ 

self = <apps.api.datapass.catalog.Catalog object at 0x7f989cd9b380>
directory = PosixPath('/tmp/pytest-of-root/pytest-10/test_finance_pack_profile_inva0')
mode = 'duckdb'

    def __init__(self, directory: Path, mode: str = 'auto'):
        self.directory = directory
        directory.mkdir(parents=True, exist_ok=True)
        has_duckdb = importlib.util.find_spec('duckdb') is not None
        if mode not in {'auto', 'duckdb', 'ducklake', 'sqlite'}:
            raise ValueError('Unknown storage mode.')
        if mode in {'duckdb', 'ducklake'} and not has_duckdb:
>           raise RuntimeError('DuckDB is not installed. Install requirements-engines.txt; no silent storage substitution was made.')
E           RuntimeError: DuckDB is not installed. Install requirements-engines.txt; no silent storage substitution was made.

apps/api/datapass/catalog.py:108: RuntimeError
_ ERROR at setup of test_shared_exercise_grades_semantics_and_keeps_hidden_rows_private _

tmp_path = PosixPath('/tmp/pytest-of-root/pytest-10/test_shared_exercise_grades_se0')

    @pytest.fixture
    def engine(tmp_path):
>       value = Engine(tmp_path, mode='duckdb')
                ^^^^^^^^^^^^^^^^^^^^^^^^^^^^^^^

services/sparklab/tests/test_runtime_pass1.py:13: 
_ _ _ _ _ _ _ _ _ _ _ _ _ _ _ _ _ _ _ _ _ _ _ _ _ _ _ _ _ _ _ _ _ _ _ _ _ _ _ _ 
apps/api/datapass/execution.py:64: in __init__
    self.catalog = Catalog(directory, mode)
                   ^^^^^^^^^^^^^^^^^^^^^^^^
_ _ _ _ _ _ _ _ _ _ _ _ _ _ _ _ _ _ _ _ _ _ _ _ _ _ _ _ _ _ _ _ _ _ _ _ _ _ _ _ 

self = <apps.api.datapass.catalog.Catalog object at 0x7f989cd9b1d0>
directory = PosixPath('/tmp/pytest-of-root/pytest-10/test_shared_exercise_grades_se0')
mode = 'duckdb'

    def __init__(self, directory: Path, mode: str = 'auto'):
        self.directory = directory
        directory.mkdir(parents=True, exist_ok=True)
        has_duckdb = importlib.util.find_spec('duckdb') is not None
        if mode not in {'auto', 'duckdb', 'ducklake', 'sqlite'}:
            raise ValueError('Unknown storage mode.')
        if mode in {'duckdb', 'ducklake'} and not has_duckdb:
>           raise RuntimeError('DuckDB is not installed. Install requirements-engines.txt; no silent storage substitution was made.')
E           RuntimeError: DuckDB is not installed. Install requirements-engines.txt; no silent storage substitution was made.

apps/api/datapass/catalog.py:108: RuntimeError
________ ERROR at setup of test_legacy_pack_and_empty_duplicate_subset _________

tmp_path = PosixPath('/tmp/pytest-of-root/pytest-10/test_legacy_pack_and_empty_dup0')

    @pytest.fixture
    def engine(tmp_path):
>       value = Engine(tmp_path, mode='duckdb')
                ^^^^^^^^^^^^^^^^^^^^^^^^^^^^^^^

services/sparklab/tests/test_runtime_pass1.py:13: 
_ _ _ _ _ _ _ _ _ _ _ _ _ _ _ _ _ _ _ _ _ _ _ _ _ _ _ _ _ _ _ _ _ _ _ _ _ _ _ _ 
apps/api/datapass/execution.py:64: in __init__
    self.catalog = Catalog(directory, mode)
                   ^^^^^^^^^^^^^^^^^^^^^^^^
_ _ _ _ _ _ _ _ _ _ _ _ _ _ _ _ _ _ _ _ _ _ _ _ _ _ _ _ _ _ _ _ _ _ _ _ _ _ _ _ 

self = <apps.api.datapass.catalog.Catalog object at 0x7f989cd99910>
directory = PosixPath('/tmp/pytest-of-root/pytest-10/test_legacy_pack_and_empty_dup0')
mode = 'duckdb'

    def __init__(self, directory: Path, mode: str = 'auto'):
        self.directory = directory
        directory.mkdir(parents=True, exist_ok=True)
        has_duckdb = importlib.util.find_spec('duckdb') is not None
        if mode not in {'auto', 'duckdb', 'ducklake', 'sqlite'}:
            raise ValueError('Unknown storage mode.')
        if mode in {'duckdb', 'ducklake'} and not has_duckdb:
>           raise RuntimeError('DuckDB is not installed. Install requirements-engines.txt; no silent storage substitution was made.')
E           RuntimeError: DuckDB is not installed. Install requirements-engines.txt; no silent storage substitution was made.

apps/api/datapass/catalog.py:108: RuntimeError
=================================== FAILURES ===================================
____________________ test_shared_grading_adapters[demo-sum] ____________________

id = 'demo-sum'
tmp_path = PosixPath('/tmp/pytest-of-root/pytest-10/test_shared_grading_adapters_d0')

    @pytest.mark.parametrize('id', ['demo-sum','demo-count','demo-python','demo-polars','demo-sparklab'])
    def test_shared_grading_adapters(id,tmp_path):
>       engine = Engine(tmp_path,mode='duckdb',trusted_python=True)
                 ^^^^^^^^^^^^^^^^^^^^^^^^^^^^^^^^^^^^^^^^^^^^^^^^^^

tests/test_exercise_packs.py:32: 
_ _ _ _ _ _ _ _ _ _ _ _ _ _ _ _ _ _ _ _ _ _ _ _ _ _ _ _ _ _ _ _ _ _ _ _ _ _ _ _ 
apps/api/datapass/execution.py:64: in __init__
    self.catalog = Catalog(directory, mode)
                   ^^^^^^^^^^^^^^^^^^^^^^^^
_ _ _ _ _ _ _ _ _ _ _ _ _ _ _ _ _ _ _ _ _ _ _ _ _ _ _ _ _ _ _ _ _ _ _ _ _ _ _ _ 

self = <apps.api.datapass.catalog.Catalog object at 0x7f989e3a1e80>
directory = PosixPath('/tmp/pytest-of-root/pytest-10/test_shared_grading_adapters_d0')
mode = 'duckdb'

    def __init__(self, directory: Path, mode: str = 'auto'):
        self.directory = directory
        directory.mkdir(parents=True, exist_ok=True)
        has_duckdb = importlib.util.find_spec('duckdb') is not None
        if mode not in {'auto', 'duckdb', 'ducklake', 'sqlite'}:
            raise ValueError('Unknown storage mode.')
        if mode in {'duckdb', 'ducklake'} and not has_duckdb:
>           raise RuntimeError('DuckDB is not installed. Install requirements-engines.txt; no silent storage substitution was made.')
E           RuntimeError: DuckDB is not installed. Install requirements-engines.txt; no silent storage substitution was made.

apps/api/datapass/catalog.py:108: RuntimeError
___________________ test_shared_grading_adapters[demo-count] ___________________

id = 'demo-count'
tmp_path = PosixPath('/tmp/pytest-of-root/pytest-10/test_shared_grading_adapters_d1')

    @pytest.mark.parametrize('id', ['demo-sum','demo-count','demo-python','demo-polars','demo-sparklab'])
    def test_shared_grading_adapters(id,tmp_path):
>       engine = Engine(tmp_path,mode='duckdb',trusted_python=True)
                 ^^^^^^^^^^^^^^^^^^^^^^^^^^^^^^^^^^^^^^^^^^^^^^^^^^

tests/test_exercise_packs.py:32: 
_ _ _ _ _ _ _ _ _ _ _ _ _ _ _ _ _ _ _ _ _ _ _ _ _ _ _ _ _ _ _ _ _ _ _ _ _ _ _ _ 
apps/api/datapass/execution.py:64: in __init__
    self.catalog = Catalog(directory, mode)
                   ^^^^^^^^^^^^^^^^^^^^^^^^
_ _ _ _ _ _ _ _ _ _ _ _ _ _ _ _ _ _ _ _ _ _ _ _ _ _ _ _ _ _ _ _ _ _ _ _ _ _ _ _ 

self = <apps.api.datapass.catalog.Catalog object at 0x7f989e499bd0>
directory = PosixPath('/tmp/pytest-of-root/pytest-10/test_shared_grading_adapters_d1')
mode = 'duckdb'

    def __init__(self, directory: Path, mode: str = 'auto'):
        self.directory = directory
        directory.mkdir(parents=True, exist_ok=True)
        has_duckdb = importlib.util.find_spec('duckdb') is not None
        if mode not in {'auto', 'duckdb', 'ducklake', 'sqlite'}:
            raise ValueError('Unknown storage mode.')
        if mode in {'duckdb', 'ducklake'} and not has_duckdb:
>           raise RuntimeError('DuckDB is not installed. Install requirements-engines.txt; no silent storage substitution was made.')
E           RuntimeError: DuckDB is not installed. Install requirements-engines.txt; no silent storage substitution was made.

apps/api/datapass/catalog.py:108: RuntimeError
__________________ test_shared_grading_adapters[demo-python] ___________________

id = 'demo-python'
tmp_path = PosixPath('/tmp/pytest-of-root/pytest-10/test_shared_grading_adapters_d2')

    @pytest.mark.parametrize('id', ['demo-sum','demo-count','demo-python','demo-polars','demo-sparklab'])
    def test_shared_grading_adapters(id,tmp_path):
>       engine = Engine(tmp_path,mode='duckdb',trusted_python=True)
                 ^^^^^^^^^^^^^^^^^^^^^^^^^^^^^^^^^^^^^^^^^^^^^^^^^^

tests/test_exercise_packs.py:32: 
_ _ _ _ _ _ _ _ _ _ _ _ _ _ _ _ _ _ _ _ _ _ _ _ _ _ _ _ _ _ _ _ _ _ _ _ _ _ _ _ 
apps/api/datapass/execution.py:64: in __init__
    self.catalog = Catalog(directory, mode)
                   ^^^^^^^^^^^^^^^^^^^^^^^^
_ _ _ _ _ _ _ _ _ _ _ _ _ _ _ _ _ _ _ _ _ _ _ _ _ _ _ _ _ _ _ _ _ _ _ _ _ _ _ _ 

self = <apps.api.datapass.catalog.Catalog object at 0x7f989e49a210>
directory = PosixPath('/tmp/pytest-of-root/pytest-10/test_shared_grading_adapters_d2')
mode = 'duckdb'

    def __init__(self, directory: Path, mode: str = 'auto'):
        self.directory = directory
        directory.mkdir(parents=True, exist_ok=True)
        has_duckdb = importlib.util.find_spec('duckdb') is not None
        if mode not in {'auto', 'duckdb', 'ducklake', 'sqlite'}:
            raise ValueError('Unknown storage mode.')
        if mode in {'duckdb', 'ducklake'} and not has_duckdb:
>           raise RuntimeError('DuckDB is not installed. Install requirements-engines.txt; no silent storage substitution was made.')
E           RuntimeError: DuckDB is not installed. Install requirements-engines.txt; no silent storage substitution was made.

apps/api/datapass/catalog.py:108: RuntimeError
__________________ test_shared_grading_adapters[demo-polars] ___________________

id = 'demo-polars'
tmp_path = PosixPath('/tmp/pytest-of-root/pytest-10/test_shared_grading_adapters_d3')

    @pytest.mark.parametrize('id', ['demo-sum','demo-count','demo-python','demo-polars','demo-sparklab'])
    def test_shared_grading_adapters(id,tmp_path):
>       engine = Engine(tmp_path,mode='duckdb',trusted_python=True)
                 ^^^^^^^^^^^^^^^^^^^^^^^^^^^^^^^^^^^^^^^^^^^^^^^^^^

tests/test_exercise_packs.py:32: 
_ _ _ _ _ _ _ _ _ _ _ _ _ _ _ _ _ _ _ _ _ _ _ _ _ _ _ _ _ _ _ _ _ _ _ _ _ _ _ _ 
apps/api/datapass/execution.py:64: in __init__
    self.catalog = Catalog(directory, mode)
                   ^^^^^^^^^^^^^^^^^^^^^^^^
_ _ _ _ _ _ _ _ _ _ _ _ _ _ _ _ _ _ _ _ _ _ _ _ _ _ _ _ _ _ _ _ _ _ _ _ _ _ _ _ 

self = <apps.api.datapass.catalog.Catalog object at 0x7f989e673100>
directory = PosixPath('/tmp/pytest-of-root/pytest-10/test_shared_grading_adapters_d3')
mode = 'duckdb'

    def __init__(self, directory: Path, mode: str = 'auto'):
        self.directory = directory
        directory.mkdir(parents=True, exist_ok=True)
        has_duckdb = importlib.util.find_spec('duckdb') is not None
        if mode not in {'auto', 'duckdb', 'ducklake', 'sqlite'}:
            raise ValueError('Unknown storage mode.')
        if mode in {'duckdb', 'ducklake'} and not has_duckdb:
>           raise RuntimeError('DuckDB is not installed. Install requirements-engines.txt; no silent storage substitution was made.')
E           RuntimeError: DuckDB is not installed. Install requirements-engines.txt; no silent storage substitution was made.

apps/api/datapass/catalog.py:108: RuntimeError
_________________ test_shared_grading_adapters[demo-sparklab] __________________

id = 'demo-sparklab'
tmp_path = PosixPath('/tmp/pytest-of-root/pytest-10/test_shared_grading_adapters_d4')

    @pytest.mark.parametrize('id', ['demo-sum','demo-count','demo-python','demo-polars','demo-sparklab'])
    def test_shared_grading_adapters(id,tmp_path):
>       engine = Engine(tmp_path,mode='duckdb',trusted_python=True)
                 ^^^^^^^^^^^^^^^^^^^^^^^^^^^^^^^^^^^^^^^^^^^^^^^^^^

tests/test_exercise_packs.py:32: 
_ _ _ _ _ _ _ _ _ _ _ _ _ _ _ _ _ _ _ _ _ _ _ _ _ _ _ _ _ _ _ _ _ _ _ _ _ _ _ _ 
apps/api/datapass/execution.py:64: in __init__
    self.catalog = Catalog(directory, mode)
                   ^^^^^^^^^^^^^^^^^^^^^^^^
_ _ _ _ _ _ _ _ _ _ _ _ _ _ _ _ _ _ _ _ _ _ _ _ _ _ _ _ _ _ _ _ _ _ _ _ _ _ _ _ 

self = <apps.api.datapass.catalog.Catalog object at 0x7f989e6736f0>
directory = PosixPath('/tmp/pytest-of-root/pytest-10/test_shared_grading_adapters_d4')
mode = 'duckdb'

    def __init__(self, directory: Path, mode: str = 'auto'):
        self.directory = directory
        directory.mkdir(parents=True, exist_ok=True)
        has_duckdb = importlib.util.find_spec('duckdb') is not None
        if mode not in {'auto', 'duckdb', 'ducklake', 'sqlite'}:
            raise ValueError('Unknown storage mode.')
        if mode in {'duckdb', 'ducklake'} and not has_duckdb:
>           raise RuntimeError('DuckDB is not installed. Install requirements-engines.txt; no silent storage substitution was made.')
E           RuntimeError: DuckDB is not installed. Install requirements-engines.txt; no silent storage substitution was made.

apps/api/datapass/catalog.py:108: RuntimeError
_ test_grading_executes_fixtures_not_constants_and_leaves_catalog_unchanged[duckdb] _

tmp_path = PosixPath('/tmp/pytest-of-root/pytest-10/test_grading_executes_fixtures1')
mode = 'duckdb'

    @pytest.mark.parametrize('mode', ['sqlite','duckdb'])
    def test_grading_executes_fixtures_not_constants_and_leaves_catalog_unchanged(tmp_path,mode):
>       engine=Engine(tmp_path,mode=mode)
               ^^^^^^^^^^^^^^^^^^^^^^^^^^

tests/test_interview.py:20: 
_ _ _ _ _ _ _ _ _ _ _ _ _ _ _ _ _ _ _ _ _ _ _ _ _ _ _ _ _ _ _ _ _ _ _ _ _ _ _ _ 
apps/api/datapass/execution.py:64: in __init__
    self.catalog = Catalog(directory, mode)
                   ^^^^^^^^^^^^^^^^^^^^^^^^
_ _ _ _ _ _ _ _ _ _ _ _ _ _ _ _ _ _ _ _ _ _ _ _ _ _ _ _ _ _ _ _ _ _ _ _ _ _ _ _ 

self = <apps.api.datapass.catalog.Catalog object at 0x7f989e12e580>
directory = PosixPath('/tmp/pytest-of-root/pytest-10/test_grading_executes_fixtures1')
mode = 'duckdb'

    def __init__(self, directory: Path, mode: str = 'auto'):
        self.directory = directory
        directory.mkdir(parents=True, exist_ok=True)
        has_duckdb = importlib.util.find_spec('duckdb') is not None
        if mode not in {'auto', 'duckdb', 'ducklake', 'sqlite'}:
            raise ValueError('Unknown storage mode.')
        if mode in {'duckdb', 'ducklake'} and not has_duckdb:
>           raise RuntimeError('DuckDB is not installed. Install requirements-engines.txt; no silent storage substitution was made.')
E           RuntimeError: DuckDB is not installed. Install requirements-engines.txt; no silent storage substitution was made.

apps/api/datapass/catalog.py:108: RuntimeError
__________ test_api_submit_checkpoint_redaction_attempts_and_timeout ___________

tmp_path = PosixPath('/tmp/pytest-of-root/pytest-10/test_api_submit_checkpoint_red0')
monkeypatch = <_pytest.monkeypatch.MonkeyPatch object at 0x7f989e12e9c0>

    def test_api_submit_checkpoint_redaction_attempts_and_timeout(tmp_path,monkeypatch):
        app=create_app(tmp_path,token='test',mode='duckdb')
        with TestClient(app,base_url='http://localhost',headers={'Authorization':'Bearer test'}) as client:
            definitions=client.get('/api/exercises').json()
            demo=next(e for e in definitions if e['id']=='demo-sum')
            assert demo['origin']=='internal-demo'
            assert {e['pack']['id'] for e in definitions} >= {'internal-demo','sparklab-runtime'}
            assert all('source' not in e.get('solution', {}) for e in definitions)
            assert 'expected' not in json.dumps(definitions)
            w=client.post('/api/workspaces',json={}).json();base=f"/api/workspaces/{w['id']}"
            code=solution('demo-sum')['source']
            n={'id':'exercise-demo-sum-1','blocks':[{'id':'answer','type':'sql'}], 'blockState':{'mosaic:v2:code:answer':code}}
            w=client.put(base+'/notebook',json={'revision':0,'notebook':n}).json()
            body=request(code,'run');body['source_revision']=w['revision']
            run=client.post(base+'/exercise',json=body)
            assert run.status_code==200,run.text
            assert client.get(base+'/attempts').json()==[]
            body.update(mode='submit',source_revision=run.json()['workspace_revision'])
            response=client.post(base+'/exercise',json=body)
            assert response.status_code==200,response.text
            result=response.json();attempt=result['attempt']
            assert attempt['source_hash']==hashlib.sha256(code.encode()).hexdigest()
            assert attempt['source_revision']==body['source_revision']
>           assert attempt['status']=='passed'
E           AssertionError: assert 'error' == 'passed'
E             
E             - passed
E             + error

tests/test_interview.py:75: AssertionError
______ test_public_contract_has_no_grader_payload_and_openapi_is_current _______

    def test_public_contract_has_no_grader_payload_and_openapi_is_current():
        spec=definition('demo-sum')
        assert spec['validation']['duplicate_sensitive']
        app=create_app()
        try:
            schema=app.openapi()
            from pathlib import Path
            saved=json.loads(Path('packages/contracts/openapi.json').read_text())
>           assert saved==schema
E           AssertionError: assert {'components'...atus'}}, ...}} == {'components'...atus'}}, ...}}
E             
E             Omitting 3 identical items, use -vv to show
E             Differing items:
E             {'components': {'schemas': {'AirflowRemoteRun': {'additionalProperties': False, 'properties': {'dag_id': {'maxLength':...er'}, ...}, 'required': ['schema_version', 'id', 'title', 'revision', 'kind'], 'title': 'CatalogResource', ...}, ...}}} != {'components': {'schemas': {'AirflowRemoteRun': {'additionalProperties': False, 'properties': {'dag_id': {'maxLength':...er'}, ...}, 'required': ['schema_version', 'id', 'title', 'revision', 'kind'], 'title': 'CatalogResource', ...}, ...}}}
E             
E             Full diff:
E               {
E                   'components': {
E                       'schemas': {
E                           'AirflowRemoteRun': {
E                               'additionalProperties': False,
E                               'properties': {
E                                   'dag_id': {
E                                       'maxLength': 100,
E                                       'minLength': 1,
E                                       'pattern': '^[A-Za-z_][A-Za-z0-9_.-]{0,99}$',
E                                       'title': 'Dag Id',
E                                       'type': 'string',
E                                   },
E                                   'logical_date': {
E                                       'default': '2026-01-01T00:00:00+00:00',
E                                       'maxLength': 80,
E                                       'minLength': 10,
E                                       'title': 'Logical Date',
E                                       'type': 'string',
E                                   },
E                                   'source': {
E                                       'maxLength': 30000,
E                                       'minLength': 1,
E                                       'title': 'Source',
E                                       'type': 'string',
E                                   },
E                               },
E                               'required': [
E                                   'dag_id',
E                                   'source',
E                               ],
E                               'title': 'AirflowRemoteRun',
E                               'type': 'object',
E                           },
E                           'ArtifactBundle': {
E                               'additionalProperties': False,
E                               'properties': {
E                                   'generatedAt': {
E                                       'maxLength': 100,
E                                       'title': 'Generatedat',
E                                       'type': 'string',
E                                   },
E                                   'invocationId': {
E                                       'maxLength': 100,
E                                       'title': 'Invocationid',
E                                       'type': 'string',
E                                   },
E                                   'nodes': {
E                                       'items': {
E                                           '$ref': '#/components/schemas/DbtNode',
E                                       },
E                                       'maxItems': 400,
E                                       'title': 'Nodes',
E                                       'type': 'array',
E                                   },
E                                   'projectName': {
E                                       'maxLength': 200,
E                                       'title': 'Projectname',
E                                       'type': 'string',
E                                   },
E                                   'provenance': {
E                                       'const': 'imported-dbt-artifact',
E                                       'title': 'Provenance',
E                                       'type': 'string',
E                                   },
E                                   'resultGeneratedAt': {
E                                       'anyOf': [
E                                           {
E                                               'maxLength': 100,
E                                               'type': 'string',
E                                           },
E                                           {
E                                               'type': 'null',
E                                           },
E                                       ],
E                                       'title': 'Resultgeneratedat',
E                                   },
E                                   'resultInvocationId': {
E                                       'anyOf': [
E                                           {
E                                               'maxLength': 100,
E                                               'type': 'string',
E                                           },
E                                           {
E                                               'type': 'null',
E                                           },
E                                       ],
E                                       'title': 'Resultinvocationid',
E                                   },
E                                   'results': {
E                                       'items': {
E                                           '$ref': '#/components/schemas/DbtResult',
E                                       },
E                                       'maxItems': 400,
E                                       'title': 'Results',
E                                       'type': 'array',
E                                   },
E                                   'schema': {
E                                       'enum': [
E                                           9,
E                                           10,
E                                           11,
E                                           12,
E                                       ],
E                                       'title': 'Schema',
E                                       'type': 'integer',
E                                   },
E                                   'warnings': {
E                                       'items': {
E                                           'type': 'string',
E                                       },
E                                       'maxItems': 3000,
E                                       'title': 'Warnings',
E                                       'type': 'array',
E                                   },
E                               },
E                               'required': [
E                                   'schema',
E                                   'projectName',
E                                   'generatedAt',
E                                   'invocationId',
E                                   'nodes',
E                                   'results',
E                                   'warnings',
E                                   'provenance',
E                               ],
E                               'title': 'ArtifactBundle',
E                               'type': 'object',
E                           },
E                           'Board': {
E                               'additionalProperties': False,
E                               'properties': {
E                                   'aggregation': {
E                                       'enum': [
E                                           'sum',
E                                           'mean',
E                                           'count',
E                                       ],
E                                       'title': 'Aggregation',
E                                       'type': 'string',
E                                   },
E                                   'chartType': {
E                                       'enum': [
E                                           'bar',
E                                           'line',
E                                           'table',
E                                           'kpi',
E                                       ],
E                                       'title': 'Charttype',
E                                       'type': 'string',
E                                   },
E                                   'query': {
E                                       'maxLength': 100000,
E                                       'title': 'Query',
E                                       'type': 'string',
E                                   },
E                                   'snapshot': {
E                                       '$ref': '#/components/schemas/Snapshot',
E                                   },
E                                   'title': {
E                                       'maxLength': 200,
E                                       'title': 'Title',
E                                       'type': 'string',
E                                   },
E                                   'x': {
E                                       'maxLength': 100,
E                                       'title': 'X',
E                                       'type': 'string',
E                                   },
E                                   'y': {
E                                       'maxLength': 100,
E                                       'title': 'Y',
E                                       'type': 'string',
E                                   },
E                               },
E                               'required': [
E                                   'title',
E                                   'chartType',
E                                   'x',
E                                   'y',
E                                   'aggregation',
E                                   'query',
E                                   'snapshot',
E                               ],
E                               'title': 'Board',
E                               'type': 'object',
E                           },
E                           'CatalogResource': {
E                               'additionalProperties': False,
E                               'properties': {
E                                   'id': {
E                                       'pattern': '^[A-Za-z0-9_-]{1,100}$',
E                                       'title': 'Id',
E                                       'type': 'string',
E                                   },
E                                   'kind': {
E                                       'const': 'catalog',
E                                       'title': 'Kind',
E                                       'type': 'string',
E                                   },
E                                   'revision': {
E                                       'maximum': 9007199254740991.0,
E                                       'minimum': 0.0,
E                                       'title': 'Revision',
E                                       'type': 'integer',
E                                   },
E                                   'schema_version': {
E                                       'const': 1,
E                                       'title': 'Schema Version',
E                                       'type': 'integer',
E                                   },
E                                   'title': {
E                                       'maxLength': 160,
E                                       'minLength': 1,
E                                       'title': 'Title',
E                                       'type': 'string',
E                                   },
E                               },
E                               'required': [
E                                   'schema_version',
E                                   'id',
E                                   'title',
E                                   'revision',
E                                   'kind',
E                               ],
E                               'title': 'CatalogResource',
E                               'type': 'object',
E                           },
E                           'ChartBoardResource': {
E                               'additionalProperties': False,
E                               'properties': {
E                                   'board': {
E                                       '$ref': '#/components/schemas/Board',
E                                   },
E                                   'id': {
E                                       'pattern': '^[A-Za-z0-9_-]{1,100}$',
E                                       'title': 'Id',
E                                       'type': 'string',
E                                   },
E                                   'kind': {
E                                       'const': 'chart-board',
E                                       'title': 'Kind',
E                                       'type': 'string',
E                                   },
E                                   'revision': {
E                                       'maximum': 9007199254740991.0,
E                                       'minimum': 0.0,
E                                       'title': 'Revision',
E                                       'type': 'integer',
E                                   },
E                                   'schema_version': {
E                                       'const': 1,
E                                       'title': 'Schema Version',
E                                       'type': 'integer',
E                                   },
E                                   'title': {
E                                       'maxLength': 160,
E                                       'minLength': 1,
E                                       'title': 'Title',
E                                       'type': 'string',
E                                   },
E                               },
E                               'required': [
E                                   'schema_version',
E                                   'id',
E                                   'title',
E                                   'revision',
E                                   'kind',
E                                   'board',
E                               ],
E                               'title': 'ChartBoardResource',
E                               'type': 'object',
E                           },
E                           'Column': {
E                               'additionalProperties': False,
E                               'properties': {
E                                   'id': {
E                                       'maxLength': 100,
E                                       'minLength': 1,
E                                       'title': 'Id',
E                                       'type': 'string',
E                                   },
E                                   'name': {
E                                       'maxLength': 100,
E                                       'pattern': '^[A-Za-z_][A-Za-z0-9_]*$',
E                                       'title': 'Name',
E                                       'type': 'string',
E                                   },
E                                   'nullable': {
E                                       'title': 'Nullable',
E                                       'type': 'boolean',
E                                   },
E                                   'primary': {
E                                       'title': 'Primary',
E                                       'type': 'boolean',
E                                   },
E                                   'type': {
E                                       'maxLength': 100,
E                                       'title': 'Type',
E                                       'type': 'string',
E                                   },
E                               },
E                               'required': [
E                                   'id',
E                                   'name',
E                                   'type',
E                                   'primary',
E                                   'nullable',
E                               ],
E                               'title': 'Column',
E                               'type': 'object',
E                           },
E                           'CompilePipeline': {
E                               'additionalProperties': False,
E                               'properties': {
E                                   'source': {
E                                       'maxLength': 80000,
E                                       'title': 'Source',
E                                       'type': 'string',
E                                   },
E                               },
E                               'required': [
E                                   'source',
E                               ],
E                               'title': 'CompilePipeline',
E                               'type': 'object',
E                           },
E                           'CreateWorkspace': {
E                               'additionalProperties': False,
E                               'properties': {
E                                   'case_id': {
E                                       'anyOf': [
E                                           {
E                                               'maxLength': 64,
E                                               'minLength': 1,
E                                               'type': 'string',
E                                           },
E                                           {
E                                               'type': 'null',
E                                           },
E                                       ],
E                                       'title': 'Case Id',
E                                   },
E                                   'title': {
E                                       'anyOf': [
E                                           {
E                                               'maxLength': 120,
E                                               'minLength': 1,
E                                               'type': 'string',
E                                           },
E                                           {
E                                               'type': 'null',
E                                           },
E                                       ],
E                                       'title': 'Title',
E                                   },
E                               },
E                               'title': 'CreateWorkspace',
E                               'type': 'object',
E                           },
E                           'CsvImport': {
E                               'additionalProperties': False,
E                               'properties': {
E                                   'asset': {
E                                       'pattern': '^bronze\\.[A-Za-z][A-Za-z0-9_]{0,63}$',
E                                       'title': 'Asset',
E                                       'type': 'string',
E                                   },
E                                   'text': {
E                                       'maxLength': 1000000,
E                                       'minLength': 1,
E                                       'title': 'Text',
E                                       'type': 'string',
E                                   },
E                                   'workspace_revision': {
E                                       'minimum': 0.0,
E                                       'title': 'Workspace Revision',
E                                       'type': 'integer',
E                                   },
E                               },
E                               'required': [
E                                   'asset',
E                                   'text',
E                                   'workspace_revision',
E                               ],
E                               'title': 'CsvImport',
E                               'type': 'object',
E                           },
E                           'DataContext': {
E                               'additionalProperties': False,
E                               'properties': {
E                                   'catalog_ref': {
E                                       'anyOf': [
E                                           {
E                                               'type': 'string',
E                                           },
E                                           {
E                                               'type': 'null',
E                                           },
E                                       ],
E                                       'title': 'Catalog Ref',
E                                   },
E                                   'columns': {
E                                       'additionalProperties': {
E                                           'type': 'string',
E                                       },
E                                       'title': 'Columns',
E                                       'type': 'object',
E                                   },
E                                   'name': {
E                                       'title': 'Name',
E                                       'type': 'string',
E                                   },
E                                   'sample_rows': {
E                                       'items': {
E                                           'additionalProperties': True,
E                                           'type': 'object',
E                                       },
E                                       'title': 'Sample Rows',
E                                       'type': 'array',
E                                   },
E                               },
E                               'required': [
E                                   'name',
E                                   'columns',
E                               ],
E                               'title': 'DataContext',
E                               'type': 'object',
E                           },
E                           'DataModelResource': {
E                               'additionalProperties': False,
E                               'properties': {
E                                   'id': {
E                                       'pattern': '^[A-Za-z0-9_-]{1,100}$',
E                                       'title': 'Id',
E                                       'type': 'string',
E                                   },
E                                   'kind': {
E                                       'const': 'data-model',
E                                       'title': 'Kind',
E                                       'type': 'string',
E                                   },
E                                   'relationships': {
E                                       'items': {
E             -                             '$ref': '#/components/schemas/Relationship',
E             +                             '$ref': '#/components/schemas/apps__api__datapass__foundation__Relationship',
E             ?                                                           +++++++++++++++++++++++++++++++++
E                                       },
E                                       'maxItems': 500,
E                                       'title': 'Relationships',
E                                       'type': 'array',
E                                   },
E                                   'revision': {
E                                       'maximum': 9007199254740991.0,
E                                       'minimum': 0.0,
E                                       'title': 'Revision',
E                                       'type': 'integer',
E                                   },
E                                   'schema_version': {
E                                       'const': 1,
E                                       'title': 'Schema Version',
E                                       'type': 'integer',
E                                   },
E                                   'tables': {
E                                       'items': {
E                                           '$ref': '#/components/schemas/apps__api__datapass__foundation__ModelTable',
E                                       },
E                                       'maxItems': 200,
E                                       'title': 'Tables',
E                                       'type': 'array',
E                                   },
E                                   'title': {
E                                       'maxLength': 160,
E                                       'minLength': 1,
E                                       'title': 'Title',
E                                       'type': 'string',
E                                   },
E                               },
E                               'required': [
E                                   'schema_version',
E                                   'id',
E                                   'title',
E                                   'revision',
E                                   'kind',
E                                   'tables',
E                                   'relationships',
E                               ],
E                               'title': 'DataModelResource',
E                               'type': 'object',
E                           },
E                           'DbtNode': {
E                               'additionalProperties': False,
E                               'properties': {
E                                   'columns': {
E                                       'items': {
E                                           'additionalProperties': {
E                                               'type': 'string',
E                                           },
E                                           'type': 'object',
E                                       },
E                                       'maxItems': 250,
E                                       'title': 'Columns',
E                                       'type': 'array',
E                                   },
E                                   'compiled': {
E                                       'maxLength': 100000,
E                                       'title': 'Compiled',
E                                       'type': 'string',
E                                   },
E                                   'dependencies': {
E                                       'items': {
E                                           'type': 'string',
E                                       },
E                                       'maxItems': 400,
E                                       'title': 'Dependencies',
E                                       'type': 'array',
E                                   },
E                                   'description': {
E                                       'maxLength': 20000,
E                                       'title': 'Description',
E                                       'type': 'string',
E                                   },
E                                   'id': {
E                                       'maxLength': 500,
E                                       'title': 'Id',
E                                       'type': 'string',
E                                   },
E                                   'kind': {
E                                       'maxLength': 50,
E                                       'title': 'Kind',
E                                       'type': 'string',
E                                   },
E                                   'materialization': {
E                                       'maxLength': 80,
E                                       'title': 'Materialization',
E                                       'type': 'string',
E                                   },
E                                   'name': {
E                                       'maxLength': 250,
E                                       'title': 'Name',
E                                       'type': 'string',
E                                   },
E                                   'path': {
E                                       'maxLength': 500,
E                                       'title': 'Path',
E                                       'type': 'string',
E                                   },
E                                   'source': {
E                                       'maxLength': 100000,
E                                       'title': 'Source',
E                                       'type': 'string',
E                                   },
E                               },
E                               'required': [
E                                   'id',
E                                   'name',
E                                   'kind',
E                                   'path',
E                                   'description',
E                                   'materialization',
E                                   'dependencies',
E                                   'columns',
E                                   'source',
E                                   'compiled',
E                               ],
E                               'title': 'DbtNode',
E                               'type': 'object',
E                           },
E                           'DbtProjectResource': {
E                               'additionalProperties': False,
E                               'properties': {
E                                   'artifacts': {
E                                       'anyOf': [
E                                           {
E                                               '$ref': '#/components/schemas/ArtifactBundle',
E                                           },
E                                           {
E                                               'type': 'null',
E                                           },
E                                       ],
E                                   },
E                                   'files': {
E                                       'items': {
E                                           '$ref': '#/components/schemas/ProjectFile',
E                                       },
E                                       'maxItems': 60,
E                                       'minItems': 1,
E                                       'title': 'Files',
E                                       'type': 'array',
E                                   },
E                                   'id': {
E                                       'pattern': '^[A-Za-z0-9_-]{1,100}$',
E                                       'title': 'Id',
E                                       'type': 'string',
E                                   },
E                                   'kind': {
E                                       'const': 'dbt-project',
E                                       'title': 'Kind',
E                                       'type': 'string',
E                                   },
E                                   'last_run_id': {
E                                       'anyOf': [
E                                           {
E                                               'pattern': '^[A-Za-z0-9_-]{1,100}$',
E                                               'type': 'string',
E                                           },
E                                           {
E                                               'type': 'null',
E                                           },
E                                       ],
E                                       'title': 'Last Run Id',
E                                   },
E                                   'revision': {
E                                       'maximum': 9007199254740991.0,
E                                       'minimum': 0.0,
E                                       'title': 'Revision',
E                                       'type': 'integer',
E                                   },
E                                   'schema_version': {
E                                       'const': 1,
E                                       'title': 'Schema Version',
E                                       'type': 'integer',
E                                   },
E                                   'title': {
E                                       'maxLength': 160,
E                                       'minLength': 1,
E                                       'title': 'Title',
E                                       'type': 'string',
E                                   },
E                               },
E                               'required': [
E                                   'schema_version',
E                                   'id',
E                                   'title',
E                                   'revision',
E                                   'kind',
E                                   'files',
E                               ],
E                               'title': 'DbtProjectResource',
E                               'type': 'object',
E                           },
E                           'DbtResult': {
E                               'additionalProperties': False,
E                               'properties': {
E                                   'failures': {
E                                       'anyOf': [
E                                           {
E                                               'anyOf': [
E                                                   {
E                                                       'type': 'number',
E                                                   },
E                                                   {
E                                                       'type': 'integer',
E                                                   },
E                                               ],
E                                               'ge': 0,
E                                           },
E                                           {
E                                               'type': 'null',
E                                           },
E                                       ],
E                                       'title': 'Failures',
E                                   },
E                                   'id': {
E                                       'maxLength': 500,
E                                       'title': 'Id',
E                                       'type': 'string',
E                                   },
E                                   'message': {
E                                       'maxLength': 10000,
E                                       'title': 'Message',
E                                       'type': 'string',
E                                   },
E                                   'seconds': {
E                                       'anyOf': [
E                                           {
E                                               'anyOf': [
E                                                   {
E                                                       'type': 'number',
E                                                   },
E                                                   {
E                                                       'type': 'integer',
E                                                   },
E                                               ],
E                                               'ge': 0,
E                                           },
E                                           {
E                                               'type': 'null',
E                                           },
E                                       ],
E                                       'title': 'Seconds',
E                                   },
E                                   'status': {
E                                       'maxLength': 100,
E                                       'title': 'Status',
E                                       'type': 'string',
E                                   },
E                               },
E                               'required': [
E                                   'id',
E                                   'status',
E                                   'seconds',
E                                   'message',
E                                   'failures',
E                               ],
E                               'title': 'DbtResult',
E                               'type': 'object',
E                           },
E                           'Dependency': {
E                               'additionalProperties': False,
E                               'properties': {
E                                   'condition': {
E                                       'enum': [
E                                           'success',
E                                           'completion',
E                                       ],
E                                       'title': 'Condition',
E                                       'type': 'string',
E                                   },
E                                   'id': {
E                                       'pattern': '^[A-Za-z0-9_-]{1,100}$',
E                                       'title': 'Id',
E                                       'type': 'string',
E                                   },
E                                   'source': {
E                                       'pattern': '^[A-Za-z0-9_-]{1,100}$',
E                                       'title': 'Source',
E                                       'type': 'string',
E                                   },
E                                   'target': {
E                                       'pattern': '^[A-Za-z0-9_-]{1,100}$',
E                                       'title': 'Target',
E                                       'type': 'string',
E                                   },
E                               },
E                               'required': [
E                                   'id',
E                                   'source',
E                                   'target',
E                                   'condition',
E                               ],
E                               'title': 'Dependency',
E                               'type': 'object',
E                           },
E                           'Derivation': {
E                               'additionalProperties': False,
E                               'properties': {
E                                   'id': {
E                                       'pattern': '^[A-Za-z0-9_-]{1,100}$',
E                                       'title': 'Id',
E                                       'type': 'string',
E                                   },
E                                   'note': {
E                                       'maxLength': 2000,
E                                       'title': 'Note',
E                                       'type': 'string',
E                                   },
E                                   'source': {
E                                       'pattern': '^[A-Za-z0-9_-]{1,100}$',
E                                       'title': 'Source',
E                                       'type': 'string',
E                                   },
E                                   'target': {
E                                       'pattern': '^[A-Za-z0-9_-]{1,100}$',
E                                       'title': 'Target',
E                                       'type': 'string',
E                                   },
E                               },
E                               'required': [
E                                   'id',
E                                   'source',
E                                   'target',
E                                   'note',
E                               ],
E                               'title': 'Derivation',
E                               'type': 'object',
E                           },
E                           'EvidenceResource': {
E                               'additionalProperties': False,
E                               'properties': {
E                                   'id': {
E                                       'pattern': '^[A-Za-z0-9_-]{1,100}$',
E                                       'title': 'Id',
E                                       'type': 'string',
E                                   },
E                                   'kind': {
E                                       'const': 'evidence',
E                                       'title': 'Kind',
E                                       'type': 'string',
E                                   },
E                                   'revision': {
E                                       'maximum': 9007199254740991.0,
E                                       'minimum': 0.0,
E                                       'title': 'Revision',
E                                       'type': 'integer',
E                                   },
E                                   'schema_version': {
E                                       'const': 1,
E                                       'title': 'Schema Version',
E                                       'type': 'integer',
E                                   },
E                                   'title': {
E                                       'maxLength': 160,
E                                       'minLength': 1,
E                                       'title': 'Title',
E                                       'type': 'string',
E                                   },
E                               },
E                               'required': [
E                                   'schema_version',
E                                   'id',
E                                   'title',
E                                   'revision',
E                                   'kind',
E                               ],
E                               'title': 'EvidenceResource',
E                               'type': 'object',
E                           },
E                           'ExecuteCell': {
E                               'additionalProperties': False,
E                               'properties': {
E                                   'aqe': {
E                                       'default': True,
E                                       'title': 'Aqe',
E                                       'type': 'boolean',
E                                   },
E                                   'cell_id': {
E                                       'maxLength': 100,
E                                       'minLength': 1,
E                                       'pattern': '^[A-Za-z0-9_-]+$',
E                                       'title': 'Cell Id',
E                                       'type': 'string',
E                                   },
E                                   'code': {
E                                       'maxLength': 40000,
E                                       'minLength': 1,
E                                       'title': 'Code',
E                                       'type': 'string',
E                                   },
E                                   'language': {
E                                       'enum': [
E                                           'sql',
E                                           'sparklab',
E                                           'python',
E                                           'polars',
E                                           'dbt',
E                                       ],
E                                       'title': 'Language',
E                                       'type': 'string',
E                                   },
E                                   'notebook_id': {
E                                       'maxLength': 100,
E                                       'minLength': 1,
E                                       'pattern': '^[A-Za-z0-9_-]+$',
E                                       'title': 'Notebook Id',
E                                       'type': 'string',
E                                   },
E                                   'output_asset': {
E                                       'anyOf': [
E                                           {
E                                               'maxLength': 100,
E                                               'type': 'string',
E                                           },
E                                           {
E                                               'type': 'null',
E                                           },
E                                       ],
E                                       'title': 'Output Asset',
E                                   },
E                                   'profile': {
E                                       'default': 'generic_8x8',
E                                       'maxLength': 80,
E                                       'title': 'Profile',
E                                       'type': 'string',
E                                   },
E                                   'step_id': {
E                                       'anyOf': [
E                                           {
E                                               'maxLength': 100,
E                                               'type': 'string',
E                                           },
E                                           {
E                                               'type': 'null',
E                                           },
E                                       ],
E                                       'title': 'Step Id',
E                                   },
E                               },
E                               'required': [
E                                   'notebook_id',
E                                   'cell_id',
E                                   'language',
E                                   'code',
E                               ],
E                               'title': 'ExecuteCell',
E                               'type': 'object',
E                           },
E                           'ExecutionError': {
E                               'additionalProperties': False,
E                               'properties': {
E                                   'message': {
E                                       'title': 'Message',
E                                       'type': 'string',
E                                   },
E                                   'type': {
E                                       'title': 'Type',
E                                       'type': 'string',
E                                   },
E                               },
E                               'required': [
E                                   'type',
E                                   'message',
E                               ],
E                               'title': 'ExecutionError',
E                               'type': 'object',
E                           },
E                           'ExerciseAttempt': {
E                               'additionalProperties': False,
E                               'properties': {
E                                   'cell_id': {
E                                       'title': 'Cell Id',
E                                       'type': 'string',
E                                   },
E                                   'checks': {
E                                       'items': {
E                                           '$ref': '#/components/schemas/ExerciseCheck',
E                                       },
E                                       'title': 'Checks',
E                                       'type': 'array',
E                                   },
E                                   'created_at': {
E                                       'title': 'Created At',
E                                       'type': 'string',
E                                   },
E                                   'elapsed_ms': {
E                                       'title': 'Elapsed Ms',
E                                       'type': 'number',
E                                   },
E                                   'error': {
E                                       'anyOf': [
E                                           {
E                                               '$ref': '#/components/schemas/ExecutionError',
E                                           },
E                                           {
E                                               'type': 'null',
E                                           },
E                                       ],
E                                   },
E                                   'exercise_id': {
E                                       'title': 'Exercise Id',
E                                       'type': 'string',
E                                   },
E                                   'exercise_version': {
E                                       'title': 'Exercise Version',
E                                       'type': 'string',
E                                   },
E                                   'fixtures': {
E                                       'items': {
E                                           '$ref': '#/components/schemas/VersionRef',
E                                       },
E                                       'title': 'Fixtures',
E                                       'type': 'array',
E                                   },
E                                   'id': {
E                                       'title': 'Id',
E                                       'type': 'string',
E                                   },
E                                   'language': {
E                                       'enum': [
E                                           'sql',
E                                           'sparklab',
E                                           'python',
E                                           'polars',
E                                           'dbt',
E                                       ],
E                                       'title': 'Language',
E                                       'type': 'string',
E                                   },
E                                   'notebook_id': {
E                                       'title': 'Notebook Id',
E                                       'type': 'string',
E                                   },
E                                   'runtime': {
E                                       '$ref': '#/components/schemas/RuntimeIdentity',
E                                   },
E                                   'schema_version': {
E                                       'const': 1,
E                                       'title': 'Schema Version',
E                                       'type': 'integer',
E                                   },
E                                   'source': {
E                                       'title': 'Source',
E                                       'type': 'string',
E                                   },
E                                   'source_hash': {
E                                       'title': 'Source Hash',
E                                       'type': 'string',
E                                   },
E                                   'source_revision': {
E                                       'title': 'Source Revision',
E                                       'type': 'integer',
E                                   },
E                                   'status': {
E                                       'enum': [
E                                           'passed',
E                                           'failed',
E                                           'error',
E                                       ],
E                                       'title': 'Status',
E                                       'type': 'string',
E                                   },
E                                   'truth': {
E                                       'enum': [
E                                           'real',
E                                           'semantic-emulation',
E                                           'simulated',
E                                           'unsupported',
E                                       ],
E                                       'title': 'Truth',
E                                       'type': 'string',
E                                   },
E                                   'validator_version': {
E                                       'title': 'Validator Version',
E                                       'type': 'string',
E                                   },
E                               },
E                               'required': [
E                                   'schema_version',
E                                   'id',
E                                   'created_at',
E                                   'exercise_id',
E                                   'exercise_version',
E                                   'notebook_id',
E                                   'cell_id',
E                                   'source',
E                                   'source_hash',
E                                   'source_revision',
E                                   'validator_version',
E                                   'fixtures',
E                                   'language',
E                                   'status',
E                                   'checks',
E                                   'truth',
E                                   'runtime',
E                                   'elapsed_ms',
E                               ],
E                               'title': 'ExerciseAttempt',
E                               'type': 'object',
E                           },
E                           'ExerciseCheck': {
E                               'additionalProperties': False,
E                               'properties': {
E                                   'actual': {
E                                       'anyOf': [
E                                           {
E                                               'items': {
E                                                   'additionalProperties': True,
E                                                   'type': 'object',
E                                               },
E                                               'type': 'array',
E                                           },
E                                           {
E                                               'type': 'null',
E                                           },
E                                       ],
E                                       'title': 'Actual',
E                                   },
E                                   'elapsed_ms': {
E                                       'title': 'Elapsed Ms',
E                                       'type': 'number',
E                                   },
E                                   'execution_id': {
E                                       'title': 'Execution Id',
E                                       'type': 'string',
E                                   },
E                                   'execution_status': {
E                                       'title': 'Execution Status',
E                                       'type': 'string',
E                                   },
E                                   'expected': {
E                                       'anyOf': [
E                                           {
E                                               'items': {
E                                                   'additionalProperties': True,
E                                                   'type': 'object',
E                                               },
E                                               'type': 'array',
E                                           },
E                                           {
E                                               'type': 'null',
E                                           },
E                                       ],
E                                       'title': 'Expected',
E                                   },
E                                   'id': {
E                                       'title': 'Id',
E                                       'type': 'string',
E                                   },
E                                   'input_versions': {
E                                       'additionalProperties': {
E                                           'anyOf': [
E                                               {
E                                                   'type': 'string',
E                                               },
E                                               {
E                                                   'type': 'null',
E                                               },
E                                           ],
E                                       },
E                                       'title': 'Input Versions',
E                                       'type': 'object',
E                                   },
E                                   'message': {
E                                       'title': 'Message',
E                                       'type': 'string',
E                                   },
E                                   'passed': {
E                                       'title': 'Passed',
E                                       'type': 'boolean',
E                                   },
E                                   'status': {
E                                       'enum': [
E                                           'passed',
E                                           'failed',
E                                       ],
E                                       'title': 'Status',
E                                       'type': 'string',
E                                   },
E                                   'visibility': {
E                                       'enum': [
E                                           'visible',
E                                           'hidden',
E                                           'edge',
E                                       ],
E                                       'title': 'Visibility',
E                                       'type': 'string',
E                                   },
E                               },
E                               'required': [
E                                   'id',
E                                   'visibility',
E                                   'passed',
E                                   'status',
E                                   'execution_id',
E                                   'execution_status',
E                                   'elapsed_ms',
E                                   'message',
E                                   'input_versions',
E                               ],
E                               'title': 'ExerciseCheck',
E                               'type': 'object',
E                           },
E                           'ExerciseDefinition': {
E                               'additionalProperties': False,
E                               'properties': {
E                                   'canonical_placement': {
E                                       '$ref': '#/components/schemas/Placement',
E                                   },
E                                   'constraints': {
E                                       'additionalProperties': {
E                                           'type': 'string',
E                                       },
E                                       'title': 'Constraints',
E                                       'type': 'object',
E                                   },
E                                   'context_refs': {
E                                       'items': {
E                                           'type': 'string',
E                                       },
E                                       'title': 'Context Refs',
E                                       'type': 'array',
E                                   },
E                                   'data_context': {
E                                       'items': {
E                                           '$ref': '#/components/schemas/DataContext',
E                                       },
E                                       'title': 'Data Context',
E                                       'type': 'array',
E                                   },
E                                   'difficulty': {
E                                       'enum': [
E                                           'easy',
E                                           'medium',
E                                           'hard',
E                                       ],
E                                       'title': 'Difficulty',
E                                       'type': 'string',
E                                   },
E                                   'edge_check_refs': {
E                                       'items': {
E                                           'type': 'string',
E                                       },
E                                       'title': 'Edge Check Refs',
E                                       'type': 'array',
E                                   },
E                                   'explanation': {
E                                       'title': 'Explanation',
E                                       'type': 'string',
E                                   },
E                                   'fixtures': {
E                                       'items': {
E                                           '$ref': '#/components/schemas/VersionRef',
E                                       },
E                                       'title': 'Fixtures',
E                                       'type': 'array',
E                                   },
E                                   'follow_ups': {
E                                       'items': {
E                                           'type': 'string',
E                                       },
E                                       'title': 'Follow Ups',
E                                       'type': 'array',
E                                   },
E                                   'hidden_check_refs': {
E                                       'items': {
E                                           'type': 'string',
E                                       },
E                                       'title': 'Hidden Check Refs',
E                                       'type': 'array',
E                                   },
E                                   'hints': {
E                                       'items': {
E                                           'type': 'string',
E                                       },
E                                       'title': 'Hints',
E                                       'type': 'array',
E                                   },
E                                   'id': {
E                                       'title': 'Id',
E                                       'type': 'string',
E                                   },
E                                   'language': {
E                                       'enum': [
E                                           'sql',
E                                           'sparklab',
E                                           'python',
E                                           'polars',
E                                           'dbt',
E                                       ],
E                                       'title': 'Language',
E                                       'type': 'string',
E                                   },
E                                   'origin': {
E                                       'enum': [
E                                           'internal-demo',
E                                           'authored',
E                                           'migrated',
E                                       ],
E                                       'title': 'Origin',
E                                       'type': 'string',
E                                   },
E                                   'output_schema': {
E                                       'additionalProperties': {
E                                           'type': 'string',
E                                       },
E                                       'title': 'Output Schema',
E                                       'type': 'object',
E                                   },
E                                   'pack': {
E                                       'anyOf': [
E                                           {
E                                               '$ref': '#/components/schemas/VersionRef',
E                                           },
E                                           {
E                                               'type': 'null',
E                                           },
E                                       ],
E                                   },
E                                   'prompt': {
E                                       'title': 'Prompt',
E                                       'type': 'string',
E                                   },
E                                   'provenance': {
E                                       'additionalProperties': {
E                                           'type': 'string',
E                                       },
E                                       'title': 'Provenance',
E                                       'type': 'object',
E                                   },
E                                   'recommendation': {
E                                       'anyOf': [
E                                           {
E                                               '$ref': '#/components/schemas/Recommendation',
E                                           },
E                                           {
E                                               'type': 'null',
E                                           },
E                                       ],
E                                   },
E                                   'related_associations': {
E                                       'items': {
E                                           'type': 'string',
E                                       },
E                                       'title': 'Related Associations',
E                                       'type': 'array',
E                                   },
E                                   'runtime': {
E                                       'title': 'Runtime',
E                                       'type': 'string',
E                                   },
E                                   'runtime_requirements': {
E                                       'items': {
E                                           'type': 'string',
E                                       },
E                                       'title': 'Runtime Requirements',
E                                       'type': 'array',
E                                   },
E                                   'schema_version': {
E                                       'const': 1,
E                                       'title': 'Schema Version',
E                                       'type': 'integer',
E                                   },
E                                   'sections': {
E                                       'items': {
E                                           '$ref': '#/components/schemas/Section',
E                                       },
E                                       'title': 'Sections',
E                                       'type': 'array',
E                                   },
E                                   'semantic': {
E                                       'anyOf': [
E                                           {
E                                               '$ref': '#/components/schemas/SemanticExercise',
E                                           },
E                                           {
E                                               'type': 'null',
E                                           },
E                                       ],
E                                   },
E                                   'solution': {
E                                       '$ref': '#/components/schemas/SolutionMetadata',
E                                   },
E                                   'starter_source': {
E                                       'title': 'Starter Source',
E                                       'type': 'string',
E                                   },
E                                   'tags': {
E                                       'items': {
E                                           'type': 'string',
E                                       },
E                                       'title': 'Tags',
E                                       'type': 'array',
E                                   },
E                                   'title': {
E                                       'title': 'Title',
E                                       'type': 'string',
E                                   },
E                                   'topics': {
E                                       'items': {
E                                           'type': 'string',
E                                       },
E                                       'title': 'Topics',
E                                       'type': 'array',
E                                   },
E                                   'truth': {
E                                       'default': 'real',
E                                       'enum': [
E                                           'real',
E                                           'semantic-emulation',
E                                           'simulated',
E                                           'unsupported',
E                                       ],
E                                       'title': 'Truth',
E                                       'type': 'string',
E                                   },
E                                   'validation': {
E                                       '$ref': '#/components/schemas/RowValidation',
E                                   },
E                                   'validator_version': {
E                                       'title': 'Validator Version',
E                                       'type': 'string',
E                                   },
E                                   'version': {
E                                       'title': 'Version',
E                                       'type': 'string',
E                                   },
E                                   'visible_checks': {
E                                       'items': {
E                                           '$ref': '#/components/schemas/VisibleCheck',
E                                       },
E                                       'title': 'Visible Checks',
E                                       'type': 'array',
E                                   },
E                               },
E                               'required': [
E                                   'schema_version',
E                                   'id',
E                                   'version',
E                                   'title',
E                                   'difficulty',
E                                   'topics',
E                                   'tags',
E                                   'origin',
E                                   'language',
E                                   'runtime',
E                                   'prompt',
E                                   'sections',
E                                   'starter_source',
E                                   'fixtures',
E                                   'visible_checks',
E                                   'hidden_check_refs',
E                                   'edge_check_refs',
E                                   'hints',
E                                   'solution',
E                                   'explanation',
E                                   'follow_ups',
E                                   'canonical_placement',
E                                   'related_associations',
E                                   'validator_version',
E                               ],
E                               'title': 'ExerciseDefinition',
E                               'type': 'object',
E                           },
E                           'ExerciseRequest': {
E                               'additionalProperties': False,
E                               'properties': {
E                                   'aqe': {
E                                       'default': True,
E                                       'title': 'Aqe',
E                                       'type': 'boolean',
E                                   },
E                                   'cell_id': {
E                                       'maxLength': 100,
E                                       'minLength': 1,
E                                       'pattern': '^[A-Za-z0-9_-]+$',
E                                       'title': 'Cell Id',
E                                       'type': 'string',
E                                   },
E                                   'code': {
E                                       'maxLength': 39000,
E                                       'minLength': 1,
E                                       'title': 'Code',
E                                       'type': 'string',
E                                   },
E                                   'exercise_id': {
E                                       'maxLength': 100,
E                                       'title': 'Exercise Id',
E                                       'type': 'string',
E                                   },
E                                   'exercise_version': {
E                                       'maxLength': 40,
E                                       'title': 'Exercise Version',
E                                       'type': 'string',
E                                   },
E                                   'language': {
E                                       'enum': [
E                                           'sql',
E                                           'sparklab',
E                                           'python',
E                                           'polars',
E                                           'dbt',
E                                       ],
E                                       'title': 'Language',
E                                       'type': 'string',
E                                   },
E                                   'mode': {
E                                       'enum': [
E                                           'run',
E                                           'submit',
E                                       ],
E                                       'title': 'Mode',
E                                       'type': 'string',
E                                   },
E                                   'notebook_id': {
E                                       'maxLength': 100,
E                                       'minLength': 1,
E                                       'pattern': '^[A-Za-z0-9_-]+$',
E                                       'title': 'Notebook Id',
E                                       'type': 'string',
E                                   },
E                                   'profile': {
E                                       'default': 'generic_8x8',
E                                       'maxLength': 80,
E                                       'title': 'Profile',
E                                       'type': 'string',
E                                   },
E                                   'remote_consent': {
E                                       'default': False,
E                                       'title': 'Remote Consent',
E                                       'type': 'boolean',
E                                   },
E                                   'source_revision': {
E                                       'minimum': 0.0,
E                                       'title': 'Source Revision',
E                                       'type': 'integer',
E                                   },
E                               },
E                               'required': [
E                                   'exercise_id',
E                                   'exercise_version',
E                                   'notebook_id',
E                                   'cell_id',
E                                   'code',
E                                   'language',
E                                   'source_revision',
E                                   'mode',
E                               ],
E                               'title': 'ExerciseRequest',
E                               'type': 'object',
E                           },
E                           'ExerciseResource': {
E                               'additionalProperties': False,
E                               'properties': {
E                                   'exercise_id': {
E                                       'pattern': '^[A-Za-z0-9_-]{1,100}$',
E                                       'title': 'Exercise Id',
E                                       'type': 'string',
E                                   },
E                                   'fixture_version': {
E                                       'maxLength': 160,
E                                       'minLength': 1,
E                                       'title': 'Fixture Version',
E                                       'type': 'string',
E                                   },
E                                   'id': {
E                                       'pattern': '^[A-Za-z0-9_-]{1,100}$',
E                                       'title': 'Id',
E                                       'type': 'string',
E                                   },
E                                   'kind': {
E                                       'const': 'exercise',
E                                       'title': 'Kind',
E                                       'type': 'string',
E                                   },
E                                   'revision': {
E                                       'maximum': 9007199254740991.0,
E                                       'minimum': 0.0,
E                                       'title': 'Revision',
E                                       'type': 'integer',
E                                   },
E                                   'schema_version': {
E                                       'const': 1,
E                                       'title': 'Schema Version',
E                                       'type': 'integer',
E                                   },
E                                   'title': {
E                                       'maxLength': 160,
E                                       'minLength': 1,
E                                       'title': 'Title',
E                                       'type': 'string',
E                                   },
E                                   'variant': {
E                                       'enum': [
E                                           'sql',
E                                           'python',
E                                           'polars',
E                                           'dbt',
E                                           'sparklab',
E                                       ],
E                                       'title': 'Variant',
E                                       'type': 'string',
E                                   },
E                               },
E                               'required': [
E                                   'schema_version',
E                                   'id',
E                                   'title',
E                                   'revision',
E                                   'kind',
E                                   'exercise_id',
E                                   'fixture_version',
E                                   'variant',
E                               ],
E                               'title': 'ExerciseResource',
E                               'type': 'object',
E                           },
E                           'ExerciseResult': {
E                               'additionalProperties': False,
E                               'properties': {
E                                   'attempt': {
E                                       'anyOf': [
E                                           {
E                                               '$ref': '#/components/schemas/ExerciseAttempt',
E                                           },
E                                           {
E                                               'type': 'null',
E                                           },
E                                       ],
E                                   },
E                                   'checks': {
E                                       'items': {
E                                           '$ref': '#/components/schemas/ExerciseCheck',
E                                       },
E                                       'title': 'Checks',
E                                       'type': 'array',
E                                   },
E                                   'elapsed_ms': {
E                                       'title': 'Elapsed Ms',
E                                       'type': 'number',
E                                   },
E                                   'error': {
E                                       'anyOf': [
E                                           {
E                                               '$ref': '#/components/schemas/ExecutionError',
E                                           },
E                                           {
E                                               'type': 'null',
E                                           },
E                                       ],
E                                   },
E                                   'runs': {
E                                       'items': {
E                                           'additionalProperties': True,
E                                           'type': 'object',
E                                       },
E                                       'title': 'Runs',
E                                       'type': 'array',
E                                   },
E                                   'runtime': {
E                                       '$ref': '#/components/schemas/RuntimeIdentity',
E                                   },
E                                   'status': {
E                                       'enum': [
E                                           'passed',
E                                           'failed',
E                                           'error',
E                                       ],
E                                       'title': 'Status',
E                                       'type': 'string',
E                                   },
E                                   'truth': {
E                                       'enum': [
E                                           'real',
E                                           'semantic-emulation',
E                                           'simulated',
E                                           'unsupported',
E                                       ],
E                                       'title': 'Truth',
E                                       'type': 'string',
E                                   },
E                                   'workspace_revision': {
E                                       'title': 'Workspace Revision',
E                                       'type': 'integer',
E                                   },
E                               },
E                               'required': [
E                                   'status',
E                                   'checks',
E                                   'runs',
E                                   'workspace_revision',
E                                   'truth',
E                                   'runtime',
E                                   'elapsed_ms',
E                               ],
E                               'title': 'ExerciseResult',
E                               'type': 'object',
E                           },
E                           'FigureResource': {
E                               'additionalProperties': False,
E                               'properties': {
E                                   'description': {
E                                       'maxLength': 2000,
E                                       'title': 'Description',
E                                       'type': 'string',
E                                   },
E                                   'family': {
E                                       'enum': [
E                                           'join',
E                                           'partitions',
E                                           'workflow',
E                                           'lineage',
E                                       ],
E                                       'title': 'Family',
E                                       'type': 'string',
E                                   },
E                                   'figure_version': {
E                                       'const': 1,
E                                       'title': 'Figure Version',
E                                       'type': 'integer',
E                                   },
E                                   'id': {
E                                       'pattern': '^[A-Za-z0-9_-]{1,100}$',
E                                       'title': 'Id',
E                                       'type': 'string',
E                                   },
E                                   'kind': {
E                                       'const': 'figure',
E                                       'title': 'Kind',
E                                       'type': 'string',
E                                   },
E                                   'revision': {
E                                       'maximum': 9007199254740991.0,
E                                       'minimum': 0.0,
E                                       'title': 'Revision',
E                                       'type': 'integer',
E                                   },
E                                   'schema_version': {
E                                       'const': 1,
E                                       'title': 'Schema Version',
E                                       'type': 'integer',
E                                   },
E                                   'title': {
E                                       'maxLength': 160,
E                                       'minLength': 1,
E                                       'title': 'Title',
E                                       'type': 'string',
E                                   },
E                               },
E                               'required': [
E                                   'schema_version',
E                                   'id',
E                                   'title',
E                                   'revision',
E                                   'kind',
E                                   'family',
E                                   'figure_version',
E                                   'description',
E                               ],
E                               'title': 'FigureResource',
E                               'type': 'object',
E                           },
E                           'GuidedConsent': {
E                               'additionalProperties': False,
E                               'properties': {
E                                   'consent': {
E                                       'title': 'Consent',
E                                       'type': 'boolean',
E                                   },
E                               },
E                               'required': [
E                                   'consent',
E                               ],
E                               'title': 'GuidedConsent',
E                               'type': 'object',
E                           },
E                           'HTTPValidationError': {
E                               'properties': {
E                                   'detail': {
E                                       'items': {
E                                           '$ref': '#/components/schemas/ValidationError',
E                                       },
E                                       'title': 'Detail',
E                                       'type': 'array',
E                                   },
E                               },
E                               'title': 'HTTPValidationError',
E                               'type': 'object',
E                           },
E                           'LineageDataset': {
E                               'additionalProperties': False,
E                               'properties': {
E                                   'asset_ref': {
E                                       'anyOf': [
E                                           {
E                                               'maxLength': 160,
E                                               'minLength': 1,
E                                               'type': 'string',
E                                           },
E                                           {
E                                               'type': 'null',
E                                           },
E                                       ],
E                                       'title': 'Asset Ref',
E                                   },
E                                   'id': {
E                                       'pattern': '^[A-Za-z0-9_-]{1,100}$',
E                                       'title': 'Id',
E                                       'type': 'string',
E                                   },
E                                   'label': {
E                                       'maxLength': 160,
E                                       'minLength': 1,
E                                       'title': 'Label',
E                                       'type': 'string',
E                                   },
E                               },
E                               'required': [
E                                   'id',
E                                   'label',
E                                   'asset_ref',
E                               ],
E                               'title': 'LineageDataset',
E                               'type': 'object',
E                           },
E                           'LineageResource': {
E                               'additionalProperties': False,
E                               'properties': {
E                                   'datasets': {
E                                       'items': {
E                                           '$ref': '#/components/schemas/LineageDataset',
E                                       },
E                                       'maxItems': 200,
E                                       'title': 'Datasets',
E                                       'type': 'array',
E                                   },
E                                   'derivations': {
E                                       'items': {
E                                           '$ref': '#/components/schemas/Derivation',
E                                       },
E                                       'maxItems': 500,
E                                       'title': 'Derivations',
E                                       'type': 'array',
E                                   },
E                                   'id': {
E                                       'pattern': '^[A-Za-z0-9_-]{1,100}$',
E                                       'title': 'Id',
E                                       'type': 'string',
E                                   },
E                                   'kind': {
E                                       'const': 'lineage',
E                                       'title': 'Kind',
E                                       'type': 'string',
E                                   },
E                                   'revision': {
E                                       'maximum': 9007199254740991.0,
E                                       'minimum': 0.0,
E                                       'title': 'Revision',
E                                       'type': 'integer',
E                                   },
E                                   'schema_version': {
E                                       'const': 1,
E                                       'title': 'Schema Version',
E                                       'type': 'integer',
E                                   },
E                                   'title': {
E                                       'maxLength': 160,
E                                       'minLength': 1,
E                                       'title': 'Title',
E                                       'type': 'string',
E                                   },
E                               },
E                               'required': [
E                                   'schema_version',
E                                   'id',
E                                   'title',
E                                   'revision',
E                                   'kind',
E                                   'datasets',
E                                   'derivations',
E                               ],
E                               'title': 'LineageResource',
E                               'type': 'object',
E                           },
E                           'Mapping': {
E                               'additionalProperties': False,
E                               'properties': {
E                                   'expression': {
E                                       'maxLength': 2000,
E                                       'title': 'Expression',
E                                       'type': 'string',
E                                   },
E                                   'fromColumn': {
E                                       'maxLength': 100,
E                                       'minLength': 1,
E                                       'title': 'Fromcolumn',
E                                       'type': 'string',
E                                   },
E                                   'fromTable': {
E                                       'maxLength': 100,
E                                       'minLength': 1,
E                                       'title': 'Fromtable',
E                                       'type': 'string',
E                                   },
E                                   'id': {
E                                       'maxLength': 100,
E                                       'minLength': 1,
E                                       'title': 'Id',
E                                       'type': 'string',
E                                   },
E                                   'toColumn': {
E                                       'maxLength': 100,
E                                       'minLength': 1,
E                                       'title': 'Tocolumn',
E                                       'type': 'string',
E                                   },
E                                   'toTable': {
E                                       'maxLength': 100,
E                                       'minLength': 1,
E                                       'title': 'Totable',
E                                       'type': 'string',
E                                   },
E                               },
E                               'required': [
E                                   'id',
E                                   'fromTable',
E                                   'fromColumn',
E                                   'toTable',
E                                   'toColumn',
E                                   'expression',
E                               ],
E                               'title': 'Mapping',
E                               'type': 'object',
E                           },
E                           'ModelColumn': {
E                               'additionalProperties': False,
E                               'properties': {
E                                   'data_type': {
E                                       'maxLength': 160,
E                                       'minLength': 1,
E                                       'title': 'Data Type',
E                                       'type': 'string',
E                                   },
E                                   'id': {
E                                       'pattern': '^[A-Za-z0-9_-]{1,100}$',
E                                       'title': 'Id',
E                                       'type': 'string',
E                                   },
E                                   'key': {
E                                       'enum': [
E                                           'none',
E                                           'primary',
E                                           'foreign',
E                                       ],
E                                       'title': 'Key',
E                                       'type': 'string',
E                                   },
E                                   'nullable': {
E                                       'title': 'Nullable',
E                                       'type': 'boolean',
E                                   },
E                               },
E                               'required': [
E                                   'id',
E                                   'data_type',
E                                   'key',
E                                   'nullable',
E                               ],
E                               'title': 'ModelColumn',
E                               'type': 'object',
E                           },
E                           'ModelDesign': {
E                               'additionalProperties': False,
E                               'properties': {
E                                   'mappings': {
E                                       'items': {
E                                           '$ref': '#/components/schemas/Mapping',
E                                       },
E                                       'maxItems': 200,
E                                       'title': 'Mappings',
E                                       'type': 'array',
E                                   },
E                                   'relationships': {
E                                       'items': {
E             -                             '$ref': '#/components/schemas/apps__api__datapass__analytics_contracts__Relationship',
E             ?                                                           ------------------------------------------
E             +                             '$ref': '#/components/schemas/Relationship',
E                                       },
E                                       'maxItems': 120,
E                                       'title': 'Relationships',
E                                       'type': 'array',
E                                   },
E                                   'tables': {
E                                       'items': {
E                                           '$ref': '#/components/schemas/ModelTable',
E                                       },
E                                       'maxItems': 30,
E                                       'title': 'Tables',
E                                       'type': 'array',
E                                   },
E                               },
E                               'required': [
E                                   'tables',
E                                   'relationships',
E                                   'mappings',
E                               ],
E                               'title': 'ModelDesign',
E                               'type': 'object',
E                           },
E                           'ModelDesignResource': {
E                               'additionalProperties': False,
E                               'properties': {
E                                   'id': {
E                                       'pattern': '^[A-Za-z0-9_-]{1,100}$',
E                                       'title': 'Id',
E                                       'type': 'string',
E                                   },
E                                   'kind': {
E                                       'const': 'model-design',
E                                       'title': 'Kind',
E                                       'type': 'string',
E                                   },
E                                   'model': {
E                                       '$ref': '#/components/schemas/ModelDesign',
E                                   },
E                                   'revision': {
E                                       'maximum': 9007199254740991.0,
E                                       'minimum': 0.0,
E                                       'title': 'Revision',
E                                       'type': 'integer',
E                                   },
E                                   'scd': {
E                                       '$ref': '#/components/schemas/ScdState',
E                                   },
E                                   'schema_version': {
E                                       'const': 1,
E                                       'title': 'Schema Version',
E                                       'type': 'integer',
E                                   },
E                                   'title': {
E                                       'maxLength': 160,
E                                       'minLength': 1,
E                                       'title': 'Title',
E                                       'type': 'string',
E                                   },
E                               },
E                               'required': [
E                                   'schema_version',
E                                   'id',
E                                   'title',
E                                   'revision',
E                                   'kind',
E                                   'model',
E                                   'scd',
E                               ],
E                               'title': 'ModelDesignResource',
E                               'type': 'object',
E                           },
E                           'ModelTable': {
E                               'additionalProperties': False,
E                               'properties': {
E                                   'columns': {
E                                       'items': {
E                                           '$ref': '#/components/schemas/Column',
E                                       },
E                                       'maxItems': 60,
E                                       'title': 'Columns',
E                                       'type': 'array',
E                                   },
E                                   'grain': {
E                                       'maxLength': 500,
E                                       'title': 'Grain',
E                                       'type': 'string',
E                                   },
E                                   'id': {
E                                       'maxLength': 100,
E                                       'minLength': 1,
E                                       'title': 'Id',
E                                       'type': 'string',
E                                   },
E                                   'name': {
E                                       'maxLength': 100,
E                                       'pattern': '^[A-Za-z_][A-Za-z0-9_]*$',
E                                       'title': 'Name',
E                                       'type': 'string',
E                                   },
E                                   'role': {
E                                       'enum': [
E                                           'fact',
E                                           'dimension',
E                                           'source',
E                                       ],
E                                       'title': 'Role',
E                                       'type': 'string',
E                                   },
E                                   'x': {
E                                       'anyOf': [
E                                           {
E                                               'type': 'number',
E                                           },
E                                           {
E                                               'type': 'integer',
E                                           },
E                                       ],
E                                       'ge': 0,
E                                       'le': 4000,
E                                       'title': 'X',
E                                   },
E                                   'y': {
E                                       'anyOf': [
E                                           {
E                                               'type': 'number',
E                                           },
E                                           {
E                                               'type': 'integer',
E                                           },
E                                       ],
E                                       'ge': 0,
E                                       'le': 4000,
E                                       'title': 'Y',
E                                   },
E                               },
E                               'required': [
E                                   'id',
E                                   'name',
E                                   'role',
E                                   'grain',
E                                   'columns',
E                                   'x',
E                                   'y',
E                               ],
E                               'title': 'ModelTable',
E                               'type': 'object',
E                           },
E                           'NotebookResource': {
E                               'additionalProperties': False,
E                               'properties': {
E                                   'id': {
E                                       'pattern': '^[A-Za-z0-9_-]{1,100}$',
E                                       'title': 'Id',
E                                       'type': 'string',
E                                   },
E                                   'kind': {
E                                       'const': 'notebook',
E                                       'title': 'Kind',
E                                       'type': 'string',
E                                   },
E                                   'notebook_id': {
E                                       'pattern': '^[A-Za-z0-9_-]{1,100}$',
E                                       'title': 'Notebook Id',
E                                       'type': 'string',
E                                   },
E                                   'revision': {
E                                       'maximum': 9007199254740991.0,
E                                       'minimum': 0.0,
E                                       'title': 'Revision',
E                                       'type': 'integer',
E                                   },
E                                   'schema_version': {
E                                       'const': 1,
E                                       'title': 'Schema Version',
E                                       'type': 'integer',
E                                   },
E                                   'title': {
E                                       'maxLength': 160,
E                                       'minLength': 1,
E                                       'title': 'Title',
E                                       'type': 'string',
E                                   },
E                               },
E                               'required': [
E                                   'schema_version',
E                                   'id',
E                                   'title',
E                                   'revision',
E                                   'kind',
E                                   'notebook_id',
E                               ],
E                               'title': 'NotebookResource',
E                               'type': 'object',
E                           },
E                           'Pane': {
E                               'additionalProperties': False,
E                               'properties': {
E                                   'active_view_id': {
E                                       'anyOf': [
E                                           {
E                                               'pattern': '^[A-Za-z0-9_-]{1,100}$',
E                                               'type': 'string',
E                                           },
E                                           {
E                                               'type': 'null',
E                                           },
E                                       ],
E                                       'title': 'Active View Id',
E                                   },
E                                   'id': {
E                                       'pattern': '^[A-Za-z0-9_-]{1,100}$',
E                                       'title': 'Id',
E                                       'type': 'string',
E                                   },
E                                   'view_ids': {
E                                       'items': {
E                                           'pattern': '^[A-Za-z0-9_-]{1,100}$',
E                                           'type': 'string',
E                                       },
E                                       'maxItems': 120,
E                                       'title': 'View Ids',
E                                       'type': 'array',
E                                   },
E                                   'weight': {
E                                       'maximum': 4.0,
E                                       'minimum': 0.25,
E                                       'title': 'Weight',
E                                       'type': 'number',
E                                   },
E                               },
E                               'required': [
E                                   'id',
E                                   'view_ids',
E                                   'active_view_id',
E                                   'weight',
E                               ],
E                               'title': 'Pane',
E                               'type': 'object',
E                           },
E                           'PipelineEdge': {
E                               'additionalProperties': False,
E                               'properties': {
E                                   'source': {
E                                       'maxLength': 100,
E                                       'minLength': 1,
E                                       'title': 'Source',
E                                       'type': 'string',
E                                   },
E                                   'target': {
E                                       'maxLength': 100,
E                                       'minLength': 1,
E                                       'title': 'Target',
E                                       'type': 'string',
E                                   },
E                               },
E                               'required': [
E                                   'source',
E                                   'target',
E                               ],
E                               'title': 'PipelineEdge',
E                               'type': 'object',
E                           },
E                           'PipelineIR': {
E                               'additionalProperties': False,
E                               'properties': {
E                                   'edges': {
E                                       'items': {
E                                           '$ref': '#/components/schemas/PipelineEdge',
E                                       },
E                                       'maxItems': 120,
E                                       'title': 'Edges',
E                                       'type': 'array',
E                                   },
E                                   'id': {
E                                       'maxLength': 100,
E                                       'minLength': 1,
E                                       'title': 'Id',
E                                       'type': 'string',
E                                   },
E                                   'schedule': {
E                                       'anyOf': [
E                                           {
E                                               'maxLength': 100,
E                                               'type': 'string',
E                                           },
E                                           {
E                                               'type': 'null',
E                                           },
E                                       ],
E                                       'title': 'Schedule',
E                                   },
E                                   'schema_version': {
E                                       'const': 1,
E                                       'title': 'Schema Version',
E                                       'type': 'integer',
E                                   },
E                                   'source_hash': {
E                                       'pattern': '^[a-f0-9]{64}$',
E                                       'title': 'Source Hash',
E                                       'type': 'string',
E                                   },
E                                   'tasks': {
E                                       'items': {
E                                           '$ref': '#/components/schemas/PipelineTask',
E                                       },
E                                       'maxItems': 40,
E                                       'minItems': 1,
E                                       'title': 'Tasks',
E                                       'type': 'array',
E                                   },
E                               },
E                               'required': [
E                                   'schema_version',
E                                   'id',
E                                   'schedule',
E                                   'tasks',
E                                   'edges',
E                                   'source_hash',
E                               ],
E                               'title': 'PipelineIR',
E                               'type': 'object',
E                           },
E                           'PipelineResource': {
E                               'additionalProperties': False,
E                               'properties': {
E                                   'diagnostics': {
E                                       'items': {
E                                           'type': 'string',
E                                       },
E                                       'maxItems': 20,
E                                       'title': 'Diagnostics',
E                                       'type': 'array',
E                                   },
E                                   'id': {
E                                       'pattern': '^[A-Za-z0-9_-]{1,100}$',
E                                       'title': 'Id',
E                                       'type': 'string',
E                                   },
E                                   'kind': {
E                                       'const': 'pipeline',
E                                       'title': 'Kind',
E                                       'type': 'string',
E                                   },
E                                   'last_run_id': {
E                                       'anyOf': [
E                                           {
E                                               'pattern': '^[A-Za-z0-9_-]{1,100}$',
E                                               'type': 'string',
E                                           },
E                                           {
E                                               'type': 'null',
E                                           },
E                                       ],
E                                       'title': 'Last Run Id',
E                                   },
E                                   'last_valid_ir': {
E                                       'anyOf': [
E                                           {
E                                               '$ref': '#/components/schemas/PipelineIR',
E                                           },
E                                           {
E                                               'type': 'null',
E                                           },
E                                       ],
E                                   },
E                                   'revision': {
E                                       'maximum': 9007199254740991.0,
E                                       'minimum': 0.0,
E                                       'title': 'Revision',
E                                       'type': 'integer',
E                                   },
E                                   'schema_version': {
E                                       'const': 1,
E                                       'title': 'Schema Version',
E                                       'type': 'integer',
E                                   },
E                                   'source': {
E                                       'maxLength': 80000,
E                                       'title': 'Source',
E                                       'type': 'string',
E                                   },
E                                   'title': {
E                                       'maxLength': 160,
E                                       'minLength': 1,
E                                       'title': 'Title',
E                                       'type': 'string',
E                                   },
E                               },
E                               'required': [
E                                   'schema_version',
E                                   'id',
E                                   'title',
E                                   'revision',
E                                   'kind',
E                                   'source',
E                               ],
E                               'title': 'PipelineResource',
E                               'type': 'object',
E                           },
E                           'PipelineTask': {
E                               'additionalProperties': False,
E                               'properties': {
E                                   'action': {
E                                       'anyOf': [
E                                           {
E                                               'enum': [
E                                                   'parse',
E                                                   'compile',
E                                                   'run',
E                                                   'build',
E                                                   'test',
E                                                   'seed',
E                                               ],
E                                               'type': 'string',
E                                           },
E                                           {
E                                               'type': 'null',
E                                           },
E                                       ],
E                                       'title': 'Action',
E                                   },
E                                   'id': {
E                                       'pattern': '^[A-Za-z_][A-Za-z0-9_]{0,63}$',
E                                       'title': 'Id',
E                                       'type': 'string',
E                                   },
E                                   'kind': {
E                                       'enum': [
E                                           'sql',
E                                           'quality',
E                                           'python',
E                                           'polars',
E                                           'dbt',
E                                       ],
E                                       'title': 'Kind',
E                                       'type': 'string',
E                                   },
E                                   'resource_id': {
E                                       'anyOf': [
E                                           {
E                                               'maxLength': 100,
E                                               'type': 'string',
E                                           },
E                                           {
E                                               'type': 'null',
E                                           },
E                                       ],
E                                       'title': 'Resource Id',
E                                   },
E                                   'retries': {
E                                       'maximum': 3.0,
E                                       'minimum': 0.0,
E                                       'title': 'Retries',
E                                       'type': 'integer',
E                                   },
E                                   'retry_delay': {
E                                       'anyOf': [
E                                           {
E                                               'type': 'number',
E                                           },
E                                           {
E                                               'type': 'integer',
E                                           },
E                                       ],
E                                       'ge': 0,
E                                       'le': 5,
E                                       'title': 'Retry Delay',
E                                   },
E                                   'source': {
E                                       'maxLength': 40000,
E                                       'title': 'Source',
E                                       'type': 'string',
E                                   },
E                               },
E                               'required': [
E                                   'id',
E                                   'kind',
E                                   'source',
E                                   'retries',
E                                   'retry_delay',
E                               ],
E                               'title': 'PipelineTask',
E                               'type': 'object',
E                           },
E                           'Placement': {
E                               'additionalProperties': False,
E                               'properties': {
E                                   'domain': {
E                                       'title': 'Domain',
E                                       'type': 'string',
E                                   },
E                                   'topic': {
E                                       'title': 'Topic',
E                                       'type': 'string',
E                                   },
E                               },
E                               'required': [
E                                   'domain',
E                                   'topic',
E                               ],
E                               'title': 'Placement',
E                               'type': 'object',
E                           },
E                           'Point': {
E                               'additionalProperties': False,
E                               'properties': {
E                                   'x': {
E                                       'maximum': 100000.0,
E                                       'minimum': -100000.0,
E                                       'title': 'X',
E                                       'type': 'number',
E                                   },
E                                   'y': {
E                                       'maximum': 100000.0,
E                                       'minimum': -100000.0,
E                                       'title': 'Y',
E                                       'type': 'number',
E                                   },
E                               },
E                               'required': [
E                                   'x',
E                                   'y',
E                               ],
E                               'title': 'Point',
E                               'type': 'object',
E                           },
E                           'ProjectFile': {
E                               'additionalProperties': False,
E                               'properties': {
E                                   'path': {
E                                       'title': 'Path',
E                                       'type': 'string',
E                                   },
E                                   'source': {
E                                       'maxLength': 100000,
E                                       'title': 'Source',
E                                       'type': 'string',
E                                   },
E                               },
E                               'required': [
E                                   'path',
E                                   'source',
E                               ],
E                               'title': 'ProjectFile',
E                               'type': 'object',
E                           },
E                           'Recommendation': {
E                               'additionalProperties': False,
E                               'properties': {
E                                   'rank': {
E                                       'title': 'Rank',
E                                       'type': 'integer',
E                                   },
E                                   'reason': {
E                                       'title': 'Reason',
E                                       'type': 'string',
E                                   },
E                               },
E                               'required': [
E                                   'rank',
E                                   'reason',
E                               ],
E                               'title': 'Recommendation',
E                               'type': 'object',
E                           },
E                           'Relationship': {
E                               'additionalProperties': False,
E                               'properties': {
E                                   'cardinality': {
E                                       'enum': [
E             -                             'one-to-many',
E                                           'many-to-one',
E                                           'one-to-one',
E             +                             'one-to-many',
E                                           'many-to-many',
E                                       ],
E                                       'title': 'Cardinality',
E                                       'type': 'string',
E                                   },
E             +                     'fromColumn': {
E             +                         'maxLength': 100,
E             +                         'minLength': 1,
E             +                         'title': 'Fromcolumn',
E             +                         'type': 'string',
E             +                     },
E             +                     'fromTable': {
E             +                         'maxLength': 100,
E             +                         'minLength': 1,
E             +                         'title': 'Fromtable',
E             +                         'type': 'string',
E             +                     },
E                                   'id': {
E             -                         'pattern': '^[A-Za-z0-9_-]{1,100}$',
E             +                         'maxLength': 100,
E             +                         'minLength': 1,
E                                       'title': 'Id',
E                                       'type': 'string',
E                                   },
E             -                     'source': {
E             -                         'pattern': '^[A-Za-z0-9_-]{1,100}$',
E             -                         'title': 'Source',
E             -                         'type': 'string',
E             -                     },
E             -                     'source_column': {
E             ?                      ^ ^^^^^^
E             +                     'toColumn': {
E             ?                      ^ ^
E             -                         'pattern': '^[A-Za-z0-9_-]{1,100}$',
E             +                         'maxLength': 100,
E             +                         'minLength': 1,
E             -                         'title': 'Source Column',
E             ?                                   ^ -- ---
E             +                         'title': 'Tocolumn',
E             ?                                   ^
E                                       'type': 'string',
E                                   },
E             -                     'target': {
E             ?                        ^^ -
E             +                     'toTable': {
E             ?                       ++ ^^
E             -                         'pattern': '^[A-Za-z0-9_-]{1,100}$',
E             +                         'maxLength': 100,
E             +                         'minLength': 1,
E             -                         'title': 'Target',
E             ?                                     ^^ -
E             +                         'title': 'Totable',
E             ?                                    ++ ^^
E             -                         'type': 'string',
E             -                     },
E             -                     'target_column': {
E             -                         'pattern': '^[A-Za-z0-9_-]{1,100}$',
E             -                         'title': 'Target Column',
E                                       'type': 'string',
E                                   },
E                               },
E                               'required': [
E                                   'id',
E             -                     'source',
E             ?                      ^ ^^^
E             +                     'fromTable',
E             ?                      ^^ ^^^^^
E             -                     'source_column',
E             ?                      ^ ^^^^^^
E             +                     'fromColumn',
E             ?                      ^^ ^^
E             -                     'target',
E             ?                        ^^ -
E             +                     'toTable',
E             ?                       ++ ^^
E             -                     'target_column',
E             ?                       ^^^^^^^
E             +                     'toColumn',
E             ?                       ^^
E                                   'cardinality',
E                               ],
E                               'title': 'Relationship',
E                               'type': 'object',
E                           },
E                           'ResourceMigration': {
E                               'additionalProperties': False,
E                               'properties': {
E                                   'fingerprint': {
E                                       'maxLength': 100,
E                                       'title': 'Fingerprint',
E                                       'type': 'string',
E                                   },
E                                   'message': {
E                                       'maxLength': 4000,
E                                       'title': 'Message',
E                                       'type': 'string',
E                                   },
E                                   'notebook_id': {
E                                       'pattern': '^[A-Za-z0-9_-]{1,100}$',
E                                       'title': 'Notebook Id',
E                                       'type': 'string',
E                                   },
E                                   'resources': {
E                                       'additionalProperties': {
E                                           'pattern': '^[A-Za-z0-9_-]{1,100}$',
E                                           'type': 'string',
E                                       },
E                                       'maxProperties': 12,
E                                       'title': 'Resources',
E                                       'type': 'object',
E                                   },
E                                   'status': {
E                                       'enum': [
E                                           'migrated',
E                                           'recovery',
E                                       ],
E                                       'title': 'Status',
E                                       'type': 'string',
E                                   },
E                               },
E                               'required': [
E                                   'notebook_id',
E                                   'fingerprint',
E                                   'status',
E                                   'resources',
E                                   'message',
E                               ],
E                               'title': 'ResourceMigration',
E                               'type': 'object',
E                           },
E                           'ReviewRequest': {
E                               'additionalProperties': False,
E                               'properties': {
E                                   'confidence': {
E                                       'default': 'low',
E                                       'enum': [
E                                           'low',
E                                           'medium',
E                                           'high',
E                                       ],
E                                       'title': 'Confidence',
E                                       'type': 'string',
E                                   },
E                                   'difficulty': {
E                                       'default': 'easy',
E                                       'enum': [
E                                           'easy',
E                                           'medium',
E                                           'hard',
E                                       ],
E                                       'title': 'Difficulty',
E                                       'type': 'string',
E                                   },
E                                   'review': {
E                                       'title': 'Review',
E                                       'type': 'boolean',
E                                   },
E                                   'revision': {
E                                       'minimum': 0.0,
E                                       'title': 'Revision',
E                                       'type': 'integer',
E                                   },
E                               },
E                               'required': [
E                                   'revision',
E                                   'review',
E                               ],
E                               'title': 'ReviewRequest',
E                               'type': 'object',
E                           },
E                           'RootWorkbench': {
E                               'additionalProperties': False,
E                               'properties': {
E                                   'active_pane_id': {
E                                       'pattern': '^[A-Za-z0-9_-]{1,100}$',
E                                       'title': 'Active Pane Id',
E                                       'type': 'string',
E                                   },
E                                   'direction': {
E                                       'enum': [
E                                           'horizontal',
E                                           'vertical',
E                                       ],
E                                       'title': 'Direction',
E                                       'type': 'string',
E                                   },
E                                   'migrations': {
E                                       'items': {
E                                           '$ref': '#/components/schemas/ResourceMigration',
E                                       },
E                                       'maxItems': 300,
E                                       'title': 'Migrations',
E                                       'type': 'array',
E                                   },
E                                   'panes': {
E                                       'items': {
E                                           '$ref': '#/components/schemas/Pane',
E                                       },
E                                       'maxItems': 3,
E                                       'minItems': 1,
E                                       'title': 'Panes',
E                                       'type': 'array',
E                                   },
E                                   'persona': {
E                                       'enum': [
E                                           'neutral',
E                                           'fabric',
E                                           'warehouse',
E                                       ],
E                                       'title': 'Persona',
E                                       'type': 'string',
E                                   },
E                                   'resource_schema_version': {
E                                       'const': 2,
E                                       'default': 2,
E                                       'title': 'Resource Schema Version',
E                                       'type': 'integer',
E                                   },
E                                   'resources': {
E                                       'items': {
E                                           'discriminator': {
E                                               'mapping': {
E                                                   'catalog': '#/components/schemas/CatalogResource',
E                                                   'chart-board': '#/components/schemas/ChartBoardResource',
E                                                   'data-model': '#/components/schemas/DataModelResource',
E                                                   'dbt-project': '#/components/schemas/DbtProjectResource',
E                                                   'evidence': '#/components/schemas/EvidenceResource',
E                                                   'exercise': '#/components/schemas/ExerciseResource',
E                                                   'figure': '#/components/schemas/FigureResource',
E                                                   'lineage': '#/components/schemas/LineageResource',
E                                                   'model-design': '#/components/schemas/ModelDesignResource',
E                                                   'notebook': '#/components/schemas/NotebookResource',
E                                                   'pipeline': '#/components/schemas/PipelineResource',
E                                                   'workflow': '#/components/schemas/WorkflowResource',
E                                               },
E                                               'propertyName': 'kind',
E                                           },
E                                           'oneOf': [
E                                               {
E                                                   '$ref': '#/components/schemas/NotebookResource',
E                                               },
E                                               {
E                                                   '$ref': '#/components/schemas/CatalogResource',
E                                               },
E                                               {
E                                                   '$ref': '#/components/schemas/EvidenceResource',
E                                               },
E                                               {
E                                                   '$ref': '#/components/schemas/WorkflowResource',
E                                               },
E                                               {
E                                                   '$ref': '#/components/schemas/LineageResource',
E                                               },
E                                               {
E                                                   '$ref': '#/components/schemas/DataModelResource',
E                                               },
E                                               {
E                                                   '$ref': '#/components/schemas/DbtProjectResource',
E                                               },
E                                               {
E                                                   '$ref': '#/components/schemas/ModelDesignResource',
E                                               },
E                                               {
E                                                   '$ref': '#/components/schemas/ChartBoardResource',
E                                               },
E                                               {
E                                                   '$ref': '#/components/schemas/PipelineResource',
E                                               },
E                                               {
E                                                   '$ref': '#/components/schemas/FigureResource',
E                                               },
E                                               {
E                                                   '$ref': '#/components/schemas/ExerciseResource',
E                                               },
E                                           ],
E                                       },
E                                       'maxItems': 60,
E                                       'title': 'Resources',
E                                       'type': 'array',
E                                   },
E                                   'schema_version': {
E                                       'const': 1,
E                                       'title': 'Schema Version',
E                                       'type': 'integer',
E                                   },
E                                   'ui': {
E                                       '$ref': '#/components/schemas/StudioUI',
E                                   },
E                                   'views': {
E                                       'items': {
E                                           '$ref': '#/components/schemas/ViewInstance',
E                                       },
E                                       'maxItems': 120,
E                                       'title': 'Views',
E                                       'type': 'array',
E                                   },
E                               },
E                               'required': [
E                                   'schema_version',
E                                   'resources',
E                                   'views',
E                                   'panes',
E                                   'active_pane_id',
E                                   'persona',
E                                   'direction',
E                               ],
E                               'title': 'RootWorkbench',
E                               'type': 'object',
E                           },
E                           'RowValidation': {
E                               'additionalProperties': False,
E                               'properties': {
E                                   'absolute_tolerance': {
E                                       'default': 1e-08,
E                                       'minimum': 0.0,
E                                       'title': 'Absolute Tolerance',
E                                       'type': 'number',
E                                   },
E                                   'aggregates': {
E                                       'additionalProperties': {
E                                           'enum': [
E                                               'sum',
E                                               'count',
E                                               'min',
E                                               'max',
E                                           ],
E                                           'type': 'string',
E                                       },
E                                       'title': 'Aggregates',
E                                       'type': 'object',
E                                   },
E                                   'duplicate_sensitive': {
E                                       'default': True,
E                                       'title': 'Duplicate Sensitive',
E                                       'type': 'boolean',
E                                   },
E                                   'exact_schema': {
E                                       'anyOf': [
E                                           {
E                                               'items': {
E                                                   'type': 'string',
E                                               },
E                                               'type': 'array',
E                                           },
E                                           {
E                                               'type': 'null',
E                                           },
E                                       ],
E                                       'title': 'Exact Schema',
E                                   },
E                                   'forbidden_extra_columns': {
E                                       'default': True,
E                                       'title': 'Forbidden Extra Columns',
E                                       'type': 'boolean',
E                                   },
E                                   'kind': {
E                                       'const': 'rows',
E                                       'default': 'rows',
E                                       'title': 'Kind',
E                                       'type': 'string',
E                                   },
E                                   'null_semantics': {
E                                       'default': 'equal',
E                                       'enum': [
E                                           'equal',
E                                           'forbidden',
E                                       ],
E                                       'title': 'Null Semantics',
E                                       'type': 'string',
E                                   },
E                                   'ordered': {
E                                       'default': False,
E                                       'title': 'Ordered',
E                                       'type': 'boolean',
E                                   },
E                                   'relative_tolerance': {
E                                       'default': 1e-09,
E                                       'minimum': 0.0,
E                                       'title': 'Relative Tolerance',
E                                       'type': 'number',
E                                   },
E                                   'required_columns': {
E                                       'items': {
E                                           'type': 'string',
E                                       },
E                                       'title': 'Required Columns',
E                                       'type': 'array',
E                                   },
E                                   'row_count': {
E                                       'anyOf': [
E                                           {
E                                               'minimum': 0.0,
E                                               'type': 'integer',
E                                           },
E                                           {
E                                               'type': 'null',
E                                           },
E                                       ],
E                                       'title': 'Row Count',
E                                   },
E                                   'source_contract': {
E                                       'anyOf': [
E                                           {
E                                               'const': 'python-function-solve',
E                                               'type': 'string',
E                                           },
E                                           {
E                                               'type': 'null',
E                                           },
E                                       ],
E                                       'title': 'Source Contract',
E                                   },
E                               },
E                               'title': 'RowValidation',
E                               'type': 'object',
E                           },
E                           'RunWorkflow': {
E                               'additionalProperties': False,
E                               'properties': {
E                                   'aqe': {
E                                       'default': True,
E                                       'title': 'Aqe',
E                                       'type': 'boolean',
E                                   },
E                                   'notebook_id': {
E                                       'default': 'case-notebook',
E                                       'maxLength': 100,
E                                       'minLength': 1,
E                                       'pattern': '^[A-Za-z0-9_-]+$',
E                                       'title': 'Notebook Id',
E                                       'type': 'string',
E                                   },
E                                   'overrides': {
E                                       'additionalProperties': {
E                                           'type': 'string',
E                                       },
E                                       'title': 'Overrides',
E                                       'type': 'object',
E                                   },
E                                   'profile': {
E                                       'default': 'generic_8x8',
E                                       'maxLength': 80,
E                                       'title': 'Profile',
E                                       'type': 'string',
E                                   },
E                               },
E                               'title': 'RunWorkflow',
E                               'type': 'object',
E                           },
E                           'RuntimeIdentity': {
E                               'additionalProperties': False,
E                               'properties': {
E                                   'adapter': {
E                                       'title': 'Adapter',
E                                       'type': 'string',
E                                   },
E                                   'engine': {
E                                       'title': 'Engine',
E                                       'type': 'string',
E                                   },
E                                   'engine_version': {
E                                       'title': 'Engine Version',
E                                       'type': 'string',
E                                   },
E                                   'session_generation': {
E                                       'title': 'Session Generation',
E                                       'type': 'string',
E                                   },
E                               },
E                               'required': [
E                                   'adapter',
E                                   'engine',
E                                   'engine_version',
E                                   'session_generation',
E                               ],
E                               'title': 'RuntimeIdentity',
E                               'type': 'object',
E                           },
E                           'SaveNotebook': {
E                               'additionalProperties': False,
E                               'properties': {
E                                   'notebook': {
E                                       'additionalProperties': True,
E                                       'title': 'Notebook',
E                                       'type': 'object',
E                                   },
E                                   'revision': {
E                                       'minimum': 0.0,
E                                       'title': 'Revision',
E                                       'type': 'integer',
E                                   },
E                               },
E                               'required': [
E                                   'revision',
E                                   'notebook',
E                               ],
E                               'title': 'SaveNotebook',
E                               'type': 'object',
E                           },
E                           'SaveWorkbench': {
E                               'additionalProperties': False,
E                               'properties': {
E                                   'revision': {
E                                       'minimum': 0.0,
E                                       'title': 'Revision',
E                                       'type': 'integer',
E                                   },
E                                   'workbench': {
E                                       '$ref': '#/components/schemas/RootWorkbench',
E                                   },
E                               },
E                               'required': [
E                                   'revision',
E                                   'workbench',
E                               ],
E                               'title': 'SaveWorkbench',
E                               'type': 'object',
E                           },
E                           'ScdState': {
E                               'additionalProperties': False,
E                               'properties': {
E                                   'answer': {
E                                       'maxLength': 100,
E                                       'title': 'Answer',
E                                       'type': 'string',
E                                   },
E                                   'step': {
E                                       'maximum': 5.0,
E                                       'minimum': 0.0,
E                                       'title': 'Step',
E                                       'type': 'integer',
E                                   },
E                                   'type': {
E                                       'enum': [
E                                           1,
E                                           2,
E                                           3,
E                                       ],
E                                       'title': 'Type',
E                                       'type': 'integer',
E                                   },
E                               },
E                               'required': [
E                                   'type',
E                                   'step',
E                                   'answer',
E                               ],
E                               'title': 'ScdState',
E                               'type': 'object',
E                           },
E                           'Section': {
E                               'additionalProperties': False,
E                               'properties': {
E                                   'body': {
E                                       'title': 'Body',
E                                       'type': 'string',
E                                   },
E                                   'title': {
E                                       'title': 'Title',
E                                       'type': 'string',
E                                   },
E                               },
E                               'required': [
E                                   'title',
E                                   'body',
E                               ],
E                               'title': 'Section',
E                               'type': 'object',
E                           },
E                           'SemanticExercise': {
E                               'additionalProperties': False,
E                               'properties': {
E                                   'figure_family': {
E                                       'anyOf': [
E                                           {
E                                               'enum': [
E                                                   'join',
E                                                   'partitions',
E                                                   'workflow',
E                                                   'lineage',
E                                               ],
E                                               'type': 'string',
E                                           },
E                                           {
E                                               'type': 'null',
E                                           },
E                                       ],
E                                       'title': 'Figure Family',
E                                   },
E                                   'id': {
E                                       'title': 'Id',
E                                       'type': 'string',
E                                   },
E                                   'industry': {
E                                       'title': 'Industry',
E                                       'type': 'string',
E                                   },
E                                   'learning_objectives': {
E                                       'items': {
E                                           'type': 'string',
E                                       },
E                                       'title': 'Learning Objectives',
E                                       'type': 'array',
E                                   },
E                                   'optimization': {
E                                       'title': 'Optimization',
E                                       'type': 'string',
E                                   },
E                                   'reflection': {
E                                       'title': 'Reflection',
E                                       'type': 'string',
E                                   },
E                                   'supported_operations': {
E                                       'items': {
E                                           'type': 'string',
E                                       },
E                                       'title': 'Supported Operations',
E                                       'type': 'array',
E                                   },
E                                   'variants': {
E                                       'additionalProperties': {
E                                           'type': 'string',
E                                       },
E                                       'title': 'Variants',
E                                       'type': 'object',
E                                   },
E                                   'version': {
E                                       'title': 'Version',
E                                       'type': 'string',
E                                   },
E                               },
E                               'required': [
E                                   'id',
E                                   'version',
E                                   'industry',
E                                   'learning_objectives',
E                                   'variants',
E                                   'supported_operations',
E                                   'optimization',
E                                   'reflection',
E                               ],
E                               'title': 'SemanticExercise',
E                               'type': 'object',
E                           },
E                           'Snapshot': {
E                               'additionalProperties': False,
E                               'properties': {
E                                   'columns': {
E                                       'items': {
E                                           'type': 'string',
E                                       },
E                                       'maxItems': 100,
E                                       'title': 'Columns',
E                                       'type': 'array',
E                                   },
E                                   'importedAt': {
E                                       'anyOf': [
E                                           {
E                                               'maxLength': 100,
E                                               'type': 'string',
E                                           },
E                                           {
E                                               'type': 'null',
E                                           },
E                                       ],
E                                       'title': 'Importedat',
E                                   },
E                                   'label': {
E                                       'maxLength': 200,
E                                       'title': 'Label',
E                                       'type': 'string',
E                                   },
E                                   'origin': {
E                                       'enum': [
E                                           'sample',
E                                           'imported',
E                                           'real_local',
E                                       ],
E                                       'title': 'Origin',
E                                       'type': 'string',
E                                   },
E                                   'query': {
E                                       'maxLength': 100000,
E                                       'title': 'Query',
E                                       'type': 'string',
E                                   },
E                                   'rows': {
E                                       'items': {
E                                           'additionalProperties': {
E                                               'anyOf': [
E                                                   {
E                                                       'type': 'string',
E                                                   },
E                                                   {
E                                                       'type': 'integer',
E                                                   },
E                                                   {
E                                                       'type': 'number',
E                                                   },
E                                                   {
E                                                       'type': 'boolean',
E                                                   },
E                                                   {
E                                                       'type': 'null',
E                                                   },
E                                               ],
E                                           },
E                                           'type': 'object',
E                                       },
E                                       'maxItems': 1000,
E                                       'title': 'Rows',
E                                       'type': 'array',
E                                   },
E                                   'run_id': {
E                                       'anyOf': [
E                                           {
E                                               'maxLength': 100,
E                                               'type': 'string',
E                                           },
E                                           {
E                                               'type': 'null',
E                                           },
E                                       ],
E                                       'title': 'Run Id',
E                                   },
E                                   'workspace_id': {
E                                       'anyOf': [
E                                           {
E                                               'maxLength': 100,
E                                               'type': 'string',
E                                           },
E                                           {
E                                               'type': 'null',
E                                           },
E                                       ],
E                                       'title': 'Workspace Id',
E                                   },
E                               },
E                               'required': [
E                                   'label',
E                                   'columns',
E                                   'rows',
E                                   'origin',
E                                   'query',
E                               ],
E                               'title': 'Snapshot',
E                               'type': 'object',
E                           },
E                           'SolutionMetadata': {
E                               'additionalProperties': False,
E                               'properties': {
E                                   'available': {
E                                       'title': 'Available',
E                                       'type': 'boolean',
E                                   },
E                                   'reveal': {
E                                       'const': 'explicit',
E                                       'title': 'Reveal',
E                                       'type': 'string',
E                                   },
E                               },
E                               'required': [
E                                   'available',
E                                   'reveal',
E                               ],
E                               'title': 'SolutionMetadata',
E                               'type': 'object',
E                           },
E                           'SparkRemoteRun': {
E                               'additionalProperties': False,
E                               'properties': {
E                                   'code': {
E                                       'maxLength': 20000,
E                                       'minLength': 1,
E                                       'title': 'Code',
E                                       'type': 'string',
E                                   },
E                                   'collect_limit': {
E                                       'default': 100,
E                                       'maximum': 200.0,
E                                       'minimum': 1.0,
E                                       'title': 'Collect Limit',
E                                       'type': 'integer',
E                                   },
E                                   'notebook_id': {
E                                       'default': 'case-notebook',
E                                       'maxLength': 100,
E                                       'minLength': 1,
E                                       'pattern': '^[A-Za-z0-9_-]+$',
E                                       'title': 'Notebook Id',
E                                       'type': 'string',
E                                   },
E                               },
E                               'required': [
E                                   'code',
E                               ],
E                               'title': 'SparkRemoteRun',
E                               'type': 'object',
E                           },
E                           'StartDbt': {
E                               'additionalProperties': False,
E                               'properties': {
E                                   'action': {
E                                       'default': 'build',
E                                       'enum': [
E                                           'parse',
E                                           'compile',
E                                           'seed',
E                                           'run',
E                                           'build',
E                                           'test',
E                                       ],
E                                       'title': 'Action',
E                                       'type': 'string',
E                                   },
E                                   'resource_id': {
E                                       'pattern': '^[A-Za-z0-9_-]{1,100}$',
E                                       'title': 'Resource Id',
E                                       'type': 'string',
E                                   },
E                                   'resource_revision': {
E                                       'maximum': 9007199254740991.0,
E                                       'minimum': 0.0,
E                                       'title': 'Resource Revision',
E                                       'type': 'integer',
E                                   },
E                                   'select': {
E                                       'default': '',
E                                       'maxLength': 200,
E                                       'title': 'Select',
E                                       'type': 'string',
E                                   },
E                                   'workspace_revision': {
E                                       'maximum': 9007199254740991.0,
E                                       'minimum': 0.0,
E                                       'title': 'Workspace Revision',
E                                       'type': 'integer',
E                                   },
E                               },
E                               'required': [
E                                   'resource_id',
E                                   'resource_revision',
E                                   'workspace_revision',
E                               ],
E                               'title': 'StartDbt',
E                               'type': 'object',
E                           },
E                           'StartJob': {
E                               'additionalProperties': False,
E                               'properties': {
E                                   'resource_id': {
E                                       'pattern': '^[A-Za-z0-9_-]{1,100}$',
E                                       'title': 'Resource Id',
E                                       'type': 'string',
E                                   },
E                                   'resource_revision': {
E                                       'maximum': 9007199254740991.0,
E                                       'minimum': 0.0,
E                                       'title': 'Resource Revision',
E                                       'type': 'integer',
E                                   },
E                                   'workspace_revision': {
E                                       'maximum': 9007199254740991.0,
E                                       'minimum': 0.0,
E                                       'title': 'Workspace Revision',
E                                       'type': 'integer',
E                                   },
E                               },
E                               'required': [
E                                   'resource_id',
E                                   'resource_revision',
E                                   'workspace_revision',
E                               ],
E                               'title': 'StartJob',
E                               'type': 'object',
E                           },
E                           'StudioUI': {
E                               'additionalProperties': False,
E                               'properties': {
E                                   'context_open': {
E                                       'default': False,
E                                       'title': 'Context Open',
E                                       'type': 'boolean',
E                                   },
E                                   'explorer_open': {
E                                       'default': True,
E                                       'title': 'Explorer Open',
E                                       'type': 'boolean',
E                                   },
E                                   'skin': {
E                                       'default': 'studio',
E                                       'enum': [
E                                           'studio',
E                                           'fabric',
E                                           'databricks',
E                                           'arena',
E                                       ],
E                                       'title': 'Skin',
E                                       'type': 'string',
E                                   },
E                                   'theme': {
E                                       'default': 'fluent',
E                                       'enum': [
E                                           'fluent',
E                                           'neutral',
E                                           'dark',
E                                       ],
E                                       'title': 'Theme',
E                                       'type': 'string',
E                                   },
E                               },
E                               'title': 'StudioUI',
E                               'type': 'object',
E                           },
E                           'ValidationError': {
E                               'properties': {
E                                   'ctx': {
E                                       'title': 'Context',
E                                       'type': 'object',
E                                   },
E                                   'input': {
E                                       'title': 'Input',
E                                   },
E                                   'loc': {
E                                       'items': {
E                                           'anyOf': [
E                                               {
E                                                   'type': 'string',
E                                               },
E                                               {
E                                                   'type': 'integer',
E                                               },
E                                           ],
E                                       },
E                                       'title': 'Location',
E                                       'type': 'array',
E                                   },
E                                   'msg': {
E                                       'title': 'Message',
E                                       'type': 'string',
E                                   },
E                                   'type': {
E                                       'title': 'Error Type',
E                                       'type': 'string',
E                                   },
E                               },
E                               'required': [
E                                   'loc',
E                                   'msg',
E                                   'type',
E                               ],
E                               'title': 'ValidationError',
E                               'type': 'object',
E                           },
E                           'VersionRef': {
E                               'additionalProperties': False,
E                               'properties': {
E                                   'id': {
E                                       'title': 'Id',
E                                       'type': 'string',
E                                   },
E                                   'version': {
E                                       'title': 'Version',
E                                       'type': 'string',
E                                   },
E                               },
E                               'required': [
E                                   'id',
E                                   'version',
E                               ],
E                               'title': 'VersionRef',
E                               'type': 'object',
E                           },
E                           'ViewInstance': {
E                               'additionalProperties': False,
E                               'properties': {
E                                   'id': {
E                                       'pattern': '^[A-Za-z0-9_-]{1,100}$',
E                                       'title': 'Id',
E                                       'type': 'string',
E                                   },
E                                   'mode': {
E                                       'enum': [
E                                           'visual',
E                                           'spec',
E                                       ],
E                                       'title': 'Mode',
E                                       'type': 'string',
E                                   },
E                                   'positions': {
E                                       'maxProperties': 200,
E                                       'patternProperties': {
E                                           '^[A-Za-z0-9_-]{1,100}$': {
E                                               '$ref': '#/components/schemas/Point',
E                                           },
E                                       },
E                                       'title': 'Positions',
E                                       'type': 'object',
E                                   },
E                                   'resource_id': {
E                                       'pattern': '^[A-Za-z0-9_-]{1,100}$',
E                                       'title': 'Resource Id',
E                                       'type': 'string',
E                                   },
E                                   'selected_edge': {
E                                       'anyOf': [
E                                           {
E                                               'pattern': '^[A-Za-z0-9_-]{1,100}$',
E                                               'type': 'string',
E                                           },
E                                           {
E                                               'type': 'null',
E                                           },
E                                       ],
E                                       'title': 'Selected Edge',
E                                   },
E                                   'selected_node': {
E                                       'anyOf': [
E                                           {
E                                               'pattern': '^[A-Za-z0-9_-]{1,100}$',
E                                               'type': 'string',
E                                           },
E                                           {
E                                               'type': 'null',
E                                           },
E                                       ],
E                                       'title': 'Selected Node',
E                                   },
E                                   'state': {
E                                       'additionalProperties': {
E                                           'anyOf': [
E                                               {
E                                                   'type': 'string',
E                                               },
E                                               {
E                                                   'type': 'integer',
E                                               },
E                                               {
E                                                   'type': 'number',
E                                               },
E                                               {
E                                                   'type': 'boolean',
E                                               },
E                                               {
E                                                   'type': 'null',
E                                               },
E                                           ],
E                                       },
E                                       'maxProperties': 20,
E                                       'title': 'State',
E                                       'type': 'object',
E                                   },
E                                   'viewport': {
E                                       'anyOf': [
E                                           {
E                                               '$ref': '#/components/schemas/Viewport',
E                                           },
E                                           {
E                                               'type': 'null',
E                                           },
E                                       ],
E                                   },
E                               },
E                               'required': [
E                                   'id',
E                                   'resource_id',
E                                   'mode',
E                                   'positions',
E                                   'viewport',
E                                   'selected_node',
E                                   'selected_edge',
E                               ],
E                               'title': 'ViewInstance',
E                               'type': 'object',
E                           },
E                           'Viewport': {
E                               'additionalProperties': False,
E                               'properties': {
E                                   'x': {
E                                       'maximum': 100000.0,
E                                       'minimum': -100000.0,
E                                       'title': 'X',
E                                       'type': 'number',
E                                   },
E                                   'y': {
E                                       'maximum': 100000.0,
E                                       'minimum': -100000.0,
E                                       'title': 'Y',
E                                       'type': 'number',
E                                   },
E                                   'zoom': {
E                                       'maximum': 3.0,
E                                       'minimum': 0.2,
E                                       'title': 'Zoom',
E                                       'type': 'number',
E                                   },
E                               },
E                               'required': [
E                                   'x',
E                                   'y',
E                                   'zoom',
E                               ],
E                               'title': 'Viewport',
E                               'type': 'object',
E                           },
E                           'VisibleCheck': {
E                               'additionalProperties': False,
E                               'properties': {
E                                   'description': {
E                                       'title': 'Description',
E                                       'type': 'string',
E                                   },
E                                   'id': {
E                                       'title': 'Id',
E                                       'type': 'string',
E                                   },
E                               },
E                               'required': [
E                                   'id',
E                                   'description',
E                               ],
E                               'title': 'VisibleCheck',
E                               'type': 'object',
E                           },
E                           'WorkflowResource': {
E                               'additionalProperties': False,
E                               'properties': {
E                                   'dependencies': {
E                                       'items': {
E                                           '$ref': '#/components/schemas/Dependency',
E                                       },
E                                       'maxItems': 500,
E                                       'title': 'Dependencies',
E                                       'type': 'array',
E                                   },
E                                   'id': {
E                                       'pattern': '^[A-Za-z0-9_-]{1,100}$',
E                                       'title': 'Id',
E                                       'type': 'string',
E                                   },
E                                   'kind': {
E                                       'const': 'workflow',
E                                       'title': 'Kind',
E                                       'type': 'string',
E                                   },
E                                   'revision': {
E                                       'maximum': 9007199254740991.0,
E                                       'minimum': 0.0,
E                                       'title': 'Revision',
E                                       'type': 'integer',
E                                   },
E                                   'schema_version': {
E                                       'const': 1,
E                                       'title': 'Schema Version',
E                                       'type': 'integer',
E                                   },
E                                   'tasks': {
E                                       'items': {
E                                           '$ref': '#/components/schemas/WorkflowTask',
E                                       },
E                                       'maxItems': 200,
E                                       'title': 'Tasks',
E                                       'type': 'array',
E                                   },
E                                   'title': {
E                                       'maxLength': 160,
E                                       'minLength': 1,
E                                       'title': 'Title',
E                                       'type': 'string',
E                                   },
E                               },
E                               'required': [
E                                   'schema_version',
E                                   'id',
E                                   'title',
E                                   'revision',
E                                   'kind',
E                                   'tasks',
E                                   'dependencies',
E                               ],
E                               'title': 'WorkflowResource',
E                               'type': 'object',
E                           },
E                           'WorkflowTask': {
E                               'additionalProperties': False,
E                               'properties': {
E                                   'id': {
E                                       'pattern': '^[A-Za-z0-9_-]{1,100}$',
E                                       'title': 'Id',
E                                       'type': 'string',
E                                   },
E                                   'label': {
E                                       'maxLength': 160,
E                                       'minLength': 1,
E                                       'title': 'Label',
E                                       'type': 'string',
E                                   },
E                                   'notebook_resource_id': {
E                                       'anyOf': [
E                                           {
E                                               'pattern': '^[A-Za-z0-9_-]{1,100}$',
E                                               'type': 'string',
E                                           },
E                                           {
E                                               'type': 'null',
E                                           },
E                                       ],
E                                       'title': 'Notebook Resource Id',
E                                   },
E                                   'runtime': {
E                                       'enum': [
E                                           'local.sql',
E                                           'local.sparklab',
E                                           'local.python',
E                                           'local.polars',
E                                           'local.dbt',
E                                           'remote.motherduck',
E                                       ],
E                                       'title': 'Runtime',
E                                       'type': 'string',
E                                   },
E                               },
E                               'required': [
E                                   'id',
E                                   'label',
E                                   'runtime',
E                                   'notebook_resource_id',
E                               ],
E                               'title': 'WorkflowTask',
E                               'type': 'object',
E                           },
E             -             'apps__api__datapass__analytics_contracts__Relationship': {
E             -                 'additionalProperties': False,
E             -                 'properties': {
E             -                     'cardinality': {
E             -                         'enum': [
E             -                             'many-to-one',
E             -                             'one-to-one',
E             -                             'one-to-many',
E             -                             'many-to-many',
E             -                         ],
E             -                         'title': 'Cardinality',
E             -                         'type': 'string',
E             -                     },
E             -                     'fromColumn': {
E             -                         'maxLength': 100,
E             -                         'minLength': 1,
E             -                         'title': 'Fromcolumn',
E             -                         'type': 'string',
E             -                     },
E             -                     'fromTable': {
E             -                         'maxLength': 100,
E             -                         'minLength': 1,
E             -                         'title': 'Fromtable',
E             -                         'type': 'string',
E             -                     },
E             -                     'id': {
E             -                         'maxLength': 100,
E             -                         'minLength': 1,
E             -                         'title': 'Id',
E             -                         'type': 'string',
E             -                     },
E             -                     'toColumn': {
E             -                         'maxLength': 100,
E             -                         'minLength': 1,
E             -                         'title': 'Tocolumn',
E             -                         'type': 'string',
E             -                     },
E             -                     'toTable': {
E             -                         'maxLength': 100,
E             -                         'minLength': 1,
E             -                         'title': 'Totable',
E             -                         'type': 'string',
E             -                     },
E             -                 },
E             -                 'required': [
E             -                     'id',
E             -                     'fromTable',
E             -                     'fromColumn',
E             -                     'toTable',
E             -                     'toColumn',
E             -                     'cardinality',
E             -                 ],
E             -                 'title': 'Relationship',
E             -                 'type': 'object',
E             -             },
E                           'apps__api__datapass__foundation__ModelTable': {
E                               'additionalProperties': False,
E                               'properties': {
E                                   'asset_ref': {
E                                       'anyOf': [
E                                           {
E                                               'maxLength': 160,
E                                               'minLength': 1,
E                                               'type': 'string',
E                                           },
E                                           {
E                                               'type': 'null',
E                                           },
E                                       ],
E                                       'title': 'Asset Ref',
E                                   },
E                                   'columns': {
E                                       'items': {
E                                           '$ref': '#/components/schemas/ModelColumn',
E                                       },
E                                       'maxItems': 200,
E                                       'title': 'Columns',
E                                       'type': 'array',
E                                   },
E                                   'grain': {
E                                       'maxLength': 2000,
E                                       'title': 'Grain',
E                                       'type': 'string',
E                                   },
E                                   'id': {
E                                       'pattern': '^[A-Za-z0-9_-]{1,100}$',
E                                       'title': 'Id',
E                                       'type': 'string',
E                                   },
E                                   'label': {
E                                       'maxLength': 160,
E                                       'minLength': 1,
E                                       'title': 'Label',
E                                       'type': 'string',
E                                   },
E                                   'role': {
E                                       'enum': [
E                                           'fact',
E                                           'dimension',
E                                           'table',
E                                       ],
E                                       'title': 'Role',
E                                       'type': 'string',
E                                   },
E                                   'scd': {
E                                       'enum': [
E                                           0,
E                                           1,
E                                           2,
E                                           3,
E                                       ],
E                                       'title': 'Scd',
E                                       'type': 'integer',
E                                   },
E                               },
E                               'required': [
E                                   'id',
E                                   'label',
E                                   'asset_ref',
E                                   'grain',
E                                   'role',
E                                   'scd',
E                                   'columns',
E                               ],
E                               'title': 'ModelTable',
E             +                 'type': 'object',
E             +             },
E             +             'apps__api__datapass__foundation__Relationship': {
E             +                 'additionalProperties': False,
E             +                 'properties': {
E             +                     'cardinality': {
E             +                         'enum': [
E             +                             'one-to-many',
E             +                             'many-to-one',
E             +                             'one-to-one',
E             +                             'many-to-many',
E             +                         ],
E             +                         'title': 'Cardinality',
E             +                         'type': 'string',
E             +                     },
E             +                     'id': {
E             +                         'pattern': '^[A-Za-z0-9_-]{1,100}$',
E             +                         'title': 'Id',
E             +                         'type': 'string',
E             +                     },
E             +                     'source': {
E             +                         'pattern': '^[A-Za-z0-9_-]{1,100}$',
E             +                         'title': 'Source',
E             +                         'type': 'string',
E             +                     },
E             +                     'source_column': {
E             +                         'pattern': '^[A-Za-z0-9_-]{1,100}$',
E             +                         'title': 'Source Column',
E             +                         'type': 'string',
E             +                     },
E             +                     'target': {
E             +                         'pattern': '^[A-Za-z0-9_-]{1,100}$',
E             +                         'title': 'Target',
E             +                         'type': 'string',
E             +                     },
E             +                     'target_column': {
E             +                         'pattern': '^[A-Za-z0-9_-]{1,100}$',
E             +                         'title': 'Target Column',
E             +                         'type': 'string',
E             +                     },
E             +                 },
E             +                 'required': [
E             +                     'id',
E             +                     'source',
E             +                     'source_column',
E             +                     'target',
E             +                     'target_column',
E             +                     'cardinality',
E             +                 ],
E             +                 'title': 'Relationship',
E                               'type': 'object',
E                           },
E                       },
E                   },
E                   'info': {
E                       'title': 'Datapass Studio Root',
E                       'version': '0.1.0',
E                   },
E                   'openapi': '3.1.0',
E                   'paths': {
E                       '/': {
E                           'get': {
E                               'operationId': 'unbuilt__get',
E                               'responses': {
E                                   '200': {
E                                       'content': {
E                                           'application/json': {
E                                               'schema': {},
E                                           },
E                                       },
E                                       'description': 'Successful Response',
E                                   },
E                               },
E                               'summary': 'Unbuilt',
E                           },
E                       },
E                       '/api/airflow/capabilities': {
E                           'get': {
E                               'operationId': 'airflow_capabilities_api_airflow_capabilities_get',
E                               'responses': {
E                                   '200': {
E                                       'content': {
E                                           'application/json': {
E                                               'schema': {},
E                                           },
E                                       },
E                                       'description': 'Successful Response',
E                                   },
E                               },
E                               'summary': 'Airflow Capabilities',
E                           },
E                       },
E                       '/api/airflow/runs': {
E                           'post': {
E                               'operationId': 'airflow_run_api_airflow_runs_post',
E                               'requestBody': {
E                                   'content': {
E                                       'application/json': {
E                                           'schema': {
E                                               '$ref': '#/components/schemas/AirflowRemoteRun',
E                                           },
E                                       },
E                                   },
E                                   'required': True,
E                               },
E                               'responses': {
E                                   '202': {
E                                       'content': {
E                                           'application/json': {
E                                               'schema': {},
E                                           },
E                                       },
E                                       'description': 'Successful Response',
E                                   },
E                                   '422': {
E                                       'content': {
E                                           'application/json': {
E                                               'schema': {
E                                                   '$ref': '#/components/schemas/HTTPValidationError',
E                                               },
E                                           },
E                                       },
E                                       'description': 'Validation Error',
E                                   },
E                               },
E                               'summary': 'Airflow Run',
E                           },
E                       },
E                       '/api/airflow/runs/{run_id}': {
E                           'get': {
E                               'operationId': 'airflow_status_api_airflow_runs__run_id__get',
E                               'parameters': [
E                                   {
E                                       'in': 'path',
E                                       'name': 'run_id',
E                                       'required': True,
E                                       'schema': {
E                                           'title': 'Run Id',
E                                           'type': 'integer',
E                                       },
E                                   },
E                               ],
E                               'responses': {
E                                   '200': {
E                                       'content': {
E                                           'application/json': {
E                                               'schema': {},
E                                           },
E                                       },
E                                       'description': 'Successful Response',
E                                   },
E                                   '422': {
E                                       'content': {
E                                           'application/json': {
E                                               'schema': {
E                                                   '$ref': '#/components/schemas/HTTPValidationError',
E                                               },
E                                           },
E                                       },
E                                       'description': 'Validation Error',
E                                   },
E                               },
E                               'summary': 'Airflow Status',
E                           },
E                       },
E                       '/api/airflow/runs/{run_id}/result/{request_id}': {
E                           'get': {
E                               'operationId': 'airflow_result_api_airflow_runs__run_id__result__request_id__get',
E                               'parameters': [
E                                   {
E                                       'in': 'path',
E                                       'name': 'run_id',
E                                       'required': True,
E                                       'schema': {
E                                           'title': 'Run Id',
E                                           'type': 'integer',
E                                       },
E                                   },
E                                   {
E                                       'in': 'path',
E                                       'name': 'request_id',
E                                       'required': True,
E                                       'schema': {
E                                           'title': 'Request Id',
E                                           'type': 'string',
E                                       },
E                                   },
E                               ],
E                               'responses': {
E                                   '200': {
E                                       'content': {
E                                           'application/json': {
E                                               'schema': {},
E                                           },
E                                       },
E                                       'description': 'Successful Response',
E                                   },
E                                   '422': {
E                                       'content': {
E                                           'application/json': {
E                                               'schema': {
E                                                   '$ref': '#/components/schemas/HTTPValidationError',
E                                               },
E                                           },
E                                       },
E                                       'description': 'Validation Error',
E                                   },
E                               },
E                               'summary': 'Airflow Result',
E                           },
E                       },
E                       '/api/cases': {
E                           'get': {
E                               'operationId': 'list_cases_api_cases_get',
E                               'responses': {
E                                   '200': {
E                                       'content': {
E                                           'application/json': {
E                                               'schema': {},
E                                           },
E                                       },
E                                       'description': 'Successful Response',
E                                   },
E                               },
E                               'summary': 'List Cases',
E                           },
E                       },
E                       '/api/exercise-packs': {
E                           'get': {
E                               'operationId': 'list_exercise_packs_api_exercise_packs_get',
E                               'responses': {
E                                   '200': {
E                                       'content': {
E                                           'application/json': {
E                                               'schema': {},
E                                           },
E                                       },
E                                       'description': 'Successful Response',
E                                   },
E                               },
E                               'summary': 'List Exercise Packs',
E                           },
E                       },
E                       '/api/exercises': {
E                           'get': {
E                               'operationId': 'list_exercises_api_exercises_get',
E                               'responses': {
E                                   '200': {
E                                       'content': {
E                                           'application/json': {
E                                               'schema': {
E                                                   'items': {
E                                                       '$ref': '#/components/schemas/ExerciseDefinition',
E                                                   },
E                                                   'title': 'Response List Exercises Api Exercises Get',
E                                                   'type': 'array',
E                                               },
E                                           },
E                                       },
E                                       'description': 'Successful Response',
E                                   },
E                               },
E                               'summary': 'List Exercises',
E                           },
E                       },
E                       '/api/exercises/{exercise_id}/solution': {
E                           'post': {
E                               'operationId': 'reveal_solution_api_exercises__exercise_id__solution_post',
E                               'parameters': [
E                                   {
E                                       'in': 'path',
E                                       'name': 'exercise_id',
E                                       'required': True,
E                                       'schema': {
E                                           'title': 'Exercise Id',
E                                           'type': 'string',
E                                       },
E                                   },
E                               ],
E                               'responses': {
E                                   '200': {
E                                       'content': {
E                                           'application/json': {
E                                               'schema': {},
E                                           },
E                                       },
E                                       'description': 'Successful Response',
E                                   },
E                                   '422': {
E                                       'content': {
E                                           'application/json': {
E                                               'schema': {
E                                                   '$ref': '#/components/schemas/HTTPValidationError',
E                                               },
E                                           },
E                                       },
E                                       'description': 'Validation Error',
E                                   },
E                               },
E                               'summary': 'Reveal Solution',
E                           },
E                       },
E                       '/api/foundation/schema': {
E                           'get': {
E                               'operationId': 'foundation_schema_api_foundation_schema_get',
E                               'responses': {
E                                   '200': {
E                                       'content': {
E                                           'application/json': {
E                                               'schema': {},
E                                           },
E                                       },
E                                       'description': 'Successful Response',
E                                   },
E                               },
E                               'summary': 'Foundation Schema',
E                           },
E                       },
E                       '/api/guided-spark/capabilities': {
E                           'get': {
E                               'operationId': 'guided_capabilities_api_guided_spark_capabilities_get',
E                               'responses': {
E                                   '200': {
E                                       'content': {
E                                           'application/json': {
E                                               'schema': {},
E                                           },
E                                       },
E                                       'description': 'Successful Response',
E                                   },
E                               },
E                               'summary': 'Guided Capabilities',
E                           },
E                       },
E                       '/api/guided-spark/qualify': {
E                           'post': {
E                               'operationId': 'guided_qualify_api_guided_spark_qualify_post',
E                               'requestBody': {
E                                   'content': {
E                                       'application/json': {
E                                           'schema': {
E                                               '$ref': '#/components/schemas/GuidedConsent',
E                                           },
E                                       },
E                                   },
E                                   'required': True,
E                               },
E                               'responses': {
E                                   '200': {
E                                       'content': {
E                                           'application/json': {
E                                               'schema': {},
E                                           },
E                                       },
E                                       'description': 'Successful Response',
E                                   },
E                                   '422': {
E                                       'content': {
E                                           'application/json': {
E                                               'schema': {
E                                                   '$ref': '#/components/schemas/HTTPValidationError',
E                                               },
E                                           },
E                                       },
E                                       'description': 'Validation Error',
E                                   },
E                               },
E                               'summary': 'Guided Qualify',
E                           },
E                       },
E                       '/api/health': {
E                           'get': {
E                               'operationId': 'health_api_health_get',
E                               'responses': {
E                                   '200': {
E                                       'content': {
E                                           'application/json': {
E                                               'schema': {},
E                                           },
E                                       },
E                                       'description': 'Successful Response',
E                                   },
E                               },
E                               'summary': 'Health',
E                           },
E                       },
E                       '/api/modules': {
E                           'get': {
E                               'operationId': 'modules_api_modules_get',
E                               'responses': {
E                                   '200': {
E                                       'content': {
E                                           'application/json': {
E                                               'schema': {},
E                                           },
E                                       },
E                                       'description': 'Successful Response',
E                                   },
E                               },
E                               'summary': 'Modules',
E                           },
E                       },
E                       '/api/profiles': {
E                           'get': {
E                               'operationId': 'profiles_api_profiles_get',
E                               'responses': {
E                                   '200': {
E                                       'content': {
E                                           'application/json': {
E                                               'schema': {},
E                                           },
E                                       },
E                                       'description': 'Successful Response',
E                                   },
E                               },
E                               'summary': 'Profiles',
E                           },
E                       },
E                       '/api/spark/remote/capabilities': {
E                           'get': {
E                               'operationId': 'spark_remote_capabilities_api_spark_remote_capabilities_get',
E                               'responses': {
E                                   '200': {
E                                       'content': {
E                                           'application/json': {
E                                               'schema': {},
E                                           },
E                                       },
E                                       'description': 'Successful Response',
E                                   },
E                               },
E                               'summary': 'Spark Remote Capabilities',
E                           },
E                       },
E                       '/api/workspaces': {
E                           'get': {
E                               'operationId': 'workspaces_api_workspaces_get',
E                               'responses': {
E                                   '200': {
E                                       'content': {
E                                           'application/json': {
E                                               'schema': {},
E                                           },
E                                       },
E                                       'description': 'Successful Response',
E                                   },
E                               },
E                               'summary': 'Workspaces',
E                           },
E                           'post': {
E                               'operationId': 'new_workspace_api_workspaces_post',
E                               'requestBody': {
E                                   'content': {
E                                       'application/json': {
E                                           'schema': {
E                                               '$ref': '#/components/schemas/CreateWorkspace',
E                                           },
E                                       },
E                                   },
E                                   'required': True,
E                               },
E                               'responses': {
E                                   '201': {
E                                       'content': {
E                                           'application/json': {
E                                               'schema': {},
E                                           },
E                                       },
E                                       'description': 'Successful Response',
E                                   },
E                                   '422': {
E                                       'content': {
E                                           'application/json': {
E                                               'schema': {
E                                                   '$ref': '#/components/schemas/HTTPValidationError',
E                                               },
E                                           },
E                                       },
E                                       'description': 'Validation Error',
E                                   },
E                               },
E                               'summary': 'New Workspace',
E                           },
E                       },
E                       '/api/workspaces/{id}': {
E                           'get': {
E                               'operationId': 'workspace_api_workspaces__id__get',
E                               'parameters': [
E                                   {
E                                       'in': 'path',
E                                       'name': 'id',
E                                       'required': True,
E                                       'schema': {
E                                           'title': 'Id',
E                                           'type': 'string',
E                                       },
E                                   },
E                               ],
E                               'responses': {
E                                   '200': {
E                                       'content': {
E                                           'application/json': {
E                                               'schema': {},
E                                           },
E                                       },
E                                       'description': 'Successful Response',
E                                   },
E                                   '422': {
E                                       'content': {
E                                           'application/json': {
E                                               'schema': {
E                                                   '$ref': '#/components/schemas/HTTPValidationError',
E                                               },
E                                           },
E                                       },
E                                       'description': 'Validation Error',
E                                   },
E                               },
E                               'summary': 'Workspace',
E                           },
E                       },
E                       '/api/workspaces/{id}/attempts': {
E                           'get': {
E                               'operationId': 'attempts_api_workspaces__id__attempts_get',
E                               'parameters': [
E                                   {
E                                       'in': 'path',
E                                       'name': 'id',
E                                       'required': True,
E                                       'schema': {
E                                           'title': 'Id',
E                                           'type': 'string',
E                                       },
E                                   },
E                               ],
E                               'responses': {
E                                   '200': {
E                                       'content': {
E                                           'application/json': {
E                                               'schema': {
E                                                   'items': {
E                                                       '$ref': '#/components/schemas/ExerciseAttempt',
E                                                   },
E                                                   'title': 'Response Attempts Api Workspaces  Id  '
E                                                   'Attempts Get',
E                                                   'type': 'array',
E                                               },
E                                           },
E                                       },
E                                       'description': 'Successful Response',
E                                   },
E                                   '422': {
E                                       'content': {
E                                           'application/json': {
E                                               'schema': {
E                                                   '$ref': '#/components/schemas/HTTPValidationError',
E                                               },
E                                           },
E                                       },
E                                       'description': 'Validation Error',
E                                   },
E                               },
E                               'summary': 'Attempts',
E                           },
E                       },
E                       '/api/workspaces/{id}/capabilities': {
E                           'get': {
E                               'operationId': 'capabilities_api_workspaces__id__capabilities_get',
E                               'parameters': [
E                                   {
E                                       'in': 'path',
E                                       'name': 'id',
E                                       'required': True,
E                                       'schema': {
E                                           'title': 'Id',
E                                           'type': 'string',
E                                       },
E                                   },
E                               ],
E                               'responses': {
E                                   '200': {
E                                       'content': {
E                                           'application/json': {
E                                               'schema': {},
E                                           },
E                                       },
E                                       'description': 'Successful Response',
E                                   },
E                                   '422': {
E                                       'content': {
E                                           'application/json': {
E                                               'schema': {
E                                                   '$ref': '#/components/schemas/HTTPValidationError',
E                                               },
E                                           },
E                                       },
E                                       'description': 'Validation Error',
E                                   },
E                               },
E                               'summary': 'Capabilities',
E                           },
E                       },
E                       '/api/workspaces/{id}/catalog': {
E                           'get': {
E                               'operationId': 'catalog_api_workspaces__id__catalog_get',
E                               'parameters': [
E                                   {
E                                       'in': 'path',
E                                       'name': 'id',
E                                       'required': True,
E                                       'schema': {
E                                           'title': 'Id',
E                                           'type': 'string',
E                                       },
E                                   },
E                               ],
E                               'responses': {
E                                   '200': {
E                                       'content': {
E                                           'application/json': {
E                                               'schema': {},
E                                           },
E                                       },
E                                       'description': 'Successful Response',
E                                   },
E                                   '422': {
E                                       'content': {
E                                           'application/json': {
E                                               'schema': {
E                                                   '$ref': '#/components/schemas/HTTPValidationError',
E                                               },
E                                           },
E                                       },
E                                       'description': 'Validation Error',
E                                   },
E                               },
E                               'summary': 'Catalog',
E                           },
E                       },
E                       '/api/workspaces/{id}/catalog/import-csv': {
E                           'post': {
E                               'operationId': 'catalog_import_api_workspaces__id__catalog_import_csv_post',
E                               'parameters': [
E                                   {
E                                       'in': 'path',
E                                       'name': 'id',
E                                       'required': True,
E                                       'schema': {
E                                           'title': 'Id',
E                                           'type': 'string',
E                                       },
E                                   },
E                               ],
E                               'requestBody': {
E                                   'content': {
E                                       'application/json': {
E                                           'schema': {
E                                               '$ref': '#/components/schemas/CsvImport',
E                                           },
E                                       },
E                                   },
E                                   'required': True,
E                               },
E                               'responses': {
E                                   '200': {
E                                       'content': {
E                                           'application/json': {
E                                               'schema': {},
E                                           },
E                                       },
E                                       'description': 'Successful Response',
E                                   },
E                                   '422': {
E                                       'content': {
E                                           'application/json': {
E                                               'schema': {
E                                                   '$ref': '#/components/schemas/HTTPValidationError',
E                                               },
E                                           },
E                                       },
E                                       'description': 'Validation Error',
E                                   },
E                               },
E                               'summary': 'Catalog Import',
E                           },
E                       },
E                       '/api/workspaces/{id}/catalog/preview': {
E                           'get': {
E                               'operationId': 'catalog_preview_api_workspaces__id__catalog_preview_get',
E                               'parameters': [
E                                   {
E                                       'in': 'path',
E                                       'name': 'id',
E                                       'required': True,
E                                       'schema': {
E                                           'title': 'Id',
E                                           'type': 'string',
E                                       },
E                                   },
E                                   {
E                                       'in': 'query',
E                                       'name': 'asset',
E                                       'required': True,
E                                       'schema': {
E                                           'title': 'Asset',
E                                           'type': 'string',
E                                       },
E                                   },
E                               ],
E                               'responses': {
E                                   '200': {
E                                       'content': {
E                                           'application/json': {
E                                               'schema': {},
E                                           },
E                                       },
E                                       'description': 'Successful Response',
E                                   },
E                                   '422': {
E                                       'content': {
E                                           'application/json': {
E                                               'schema': {
E                                                   '$ref': '#/components/schemas/HTTPValidationError',
E                                               },
E                                           },
E                                       },
E                                       'description': 'Validation Error',
E                                   },
E                               },
E                               'summary': 'Catalog Preview',
E                           },
E                       },
E                       '/api/workspaces/{id}/charts/query': {
E                           'post': {
E                               'operationId': 'query_board_api_workspaces__id__charts_query_post',
E                               'parameters': [
E                                   {
E                                       'in': 'path',
E                                       'name': 'id',
E                                       'required': True,
E                                       'schema': {
E                                           'title': 'Id',
E                                           'type': 'string',
E                                       },
E                                   },
E                               ],
E                               'requestBody': {
E                                   'content': {
E                                       'application/json': {
E                                           'schema': {
E                                               '$ref': '#/components/schemas/StartJob',
E                                           },
E                                       },
E                                   },
E                                   'required': True,
E                               },
E                               'responses': {
E                                   '200': {
E                                       'content': {
E                                           'application/json': {
E                                               'schema': {},
E                                           },
E                                       },
E                                       'description': 'Successful Response',
E                                   },
E                                   '422': {
E                                       'content': {
E                                           'application/json': {
E                                               'schema': {
E                                                   '$ref': '#/components/schemas/HTTPValidationError',
E                                               },
E                                           },
E                                       },
E                                       'description': 'Validation Error',
E                                   },
E                               },
E                               'summary': 'Query Board',
E                           },
E                       },
E                       '/api/workspaces/{id}/check': {
E                           'post': {
E                               'operationId': 'check_api_workspaces__id__check_post',
E                               'parameters': [
E                                   {
E                                       'in': 'path',
E                                       'name': 'id',
E                                       'required': True,
E                                       'schema': {
E                                           'title': 'Id',
E                                           'type': 'string',
E                                       },
E                                   },
E                               ],
E                               'responses': {
E                                   '200': {
E                                       'content': {
E                                           'application/json': {
E                                               'schema': {},
E                                           },
E                                       },
E                                       'description': 'Successful Response',
E                                   },
E                                   '422': {
E                                       'content': {
E                                           'application/json': {
E                                               'schema': {
E                                                   '$ref': '#/components/schemas/HTTPValidationError',
E                                               },
E                                           },
E                                       },
E                                       'description': 'Validation Error',
E                                   },
E                               },
E                               'summary': 'Check',
E                           },
E                       },
E                       '/api/workspaces/{id}/dbt/run': {
E                           'post': {
E                               'operationId': 'run_dbt_api_workspaces__id__dbt_run_post',
E                               'parameters': [
E                                   {
E                                       'in': 'path',
E                                       'name': 'id',
E                                       'required': True,
E                                       'schema': {
E                                           'title': 'Id',
E                                           'type': 'string',
E                                       },
E                                   },
E                               ],
E                               'requestBody': {
E                                   'content': {
E                                       'application/json': {
E                                           'schema': {
E                                               '$ref': '#/components/schemas/StartDbt',
E                                           },
E                                       },
E                                   },
E                                   'required': True,
E                               },
E                               'responses': {
E                                   '200': {
E                                       'content': {
E                                           'application/json': {
E                                               'schema': {},
E                                           },
E                                       },
E                                       'description': 'Successful Response',
E                                   },
E                                   '422': {
E                                       'content': {
E                                           'application/json': {
E                                               'schema': {
E                                                   '$ref': '#/components/schemas/HTTPValidationError',
E                                               },
E                                           },
E                                       },
E                                       'description': 'Validation Error',
E                                   },
E                               },
E                               'summary': 'Run Dbt',
E                           },
E                       },
E                       '/api/workspaces/{id}/execute': {
E                           'post': {
E                               'operationId': 'execute_api_workspaces__id__execute_post',
E                               'parameters': [
E                                   {
E                                       'in': 'path',
E                                       'name': 'id',
E                                       'required': True,
E                                       'schema': {
E                                           'title': 'Id',
E                                           'type': 'string',
E                                       },
E                                   },
E                               ],
E                               'requestBody': {
E                                   'content': {
E                                       'application/json': {
E                                           'schema': {
E                                               '$ref': '#/components/schemas/ExecuteCell',
E                                           },
E                                       },
E                                   },
E                                   'required': True,
E                               },
E                               'responses': {
E                                   '200': {
E                                       'content': {
E                                           'application/json': {
E                                               'schema': {},
E                                           },
E                                       },
E                                       'description': 'Successful Response',
E                                   },
E                                   '422': {
E                                       'content': {
E                                           'application/json': {
E                                               'schema': {
E                                                   '$ref': '#/components/schemas/HTTPValidationError',
E                                               },
E                                           },
E                                       },
E                                       'description': 'Validation Error',
E                                   },
E                               },
E                               'summary': 'Execute',
E                           },
E                       },
E                       '/api/workspaces/{id}/exercise': {
E                           'post': {
E                               'operationId': 'exercise_action_api_workspaces__id__exercise_post',
E                               'parameters': [
E                                   {
E                                       'in': 'path',
E                                       'name': 'id',
E                                       'required': True,
E                                       'schema': {
E                                           'title': 'Id',
E                                           'type': 'string',
E                                       },
E                                   },
E                               ],
E                               'requestBody': {
E                                   'content': {
E                                       'application/json': {
E                                           'schema': {
E                                               '$ref': '#/components/schemas/ExerciseRequest',
E                                           },
E                                       },
E                                   },
E                                   'required': True,
E                               },
E                               'responses': {
E                                   '200': {
E                                       'content': {
E                                           'application/json': {
E                                               'schema': {
E                                                   '$ref': '#/components/schemas/ExerciseResult',
E                                               },
E                                           },
E                                       },
E                                       'description': 'Successful Response',
E                                   },
E                                   '422': {
E                                       'content': {
E                                           'application/json': {
E                                               'schema': {
E                                                   '$ref': '#/components/schemas/HTTPValidationError',
E                                               },
E                                           },
E                                       },
E                                       'description': 'Validation Error',
E                                   },
E                               },
E                               'summary': 'Exercise Action',
E                           },
E                       },
E                       '/api/workspaces/{id}/jobs': {
E                           'get': {
E                               'operationId': 'list_jobs_api_workspaces__id__jobs_get',
E                               'parameters': [
E                                   {
E                                       'in': 'path',
E                                       'name': 'id',
E                                       'required': True,
E                                       'schema': {
E                                           'title': 'Id',
E                                           'type': 'string',
E                                       },
E                                   },
E                                   {
E                                       'in': 'query',
E                                       'name': 'resource_id',
E                                       'required': False,
E                                       'schema': {
E                                           'anyOf': [
E                                               {
E                                                   'type': 'string',
E                                               },
E                                               {
E                                                   'type': 'null',
E                                               },
E                                           ],
E                                           'title': 'Resource Id',
E                                       },
E                                   },
E                               ],
E                               'responses': {
E                                   '200': {
E                                       'content': {
E                                           'application/json': {
E                                               'schema': {},
E                                           },
E                                       },
E                                       'description': 'Successful Response',
E                                   },
E                                   '422': {
E                                       'content': {
E                                           'application/json': {
E                                               'schema': {
E                                                   '$ref': '#/components/schemas/HTTPValidationError',
E                                               },
E                                           },
E                                       },
E                                       'description': 'Validation Error',
E                                   },
E                               },
E                               'summary': 'List Jobs',
E                           },
E                       },
E                       '/api/workspaces/{id}/jobs/{job_id}': {
E                           'get': {
E                               'operationId': 'job_api_workspaces__id__jobs__job_id__get',
E                               'parameters': [
E                                   {
E                                       'in': 'path',
E                                       'name': 'id',
E                                       'required': True,
E                                       'schema': {
E                                           'title': 'Id',
E                                           'type': 'string',
E                                       },
E                                   },
E                                   {
E                                       'in': 'path',
E                                       'name': 'job_id',
E                                       'required': True,
E                                       'schema': {
E                                           'title': 'Job Id',
E                                           'type': 'string',
E                                       },
E                                   },
E                               ],
E                               'responses': {
E                                   '200': {
E                                       'content': {
E                                           'application/json': {
E                                               'schema': {},
E                                           },
E                                       },
E                                       'description': 'Successful Response',
E                                   },
E                                   '422': {
E                                       'content': {
E                                           'application/json': {
E                                               'schema': {
E                                                   '$ref': '#/components/schemas/HTTPValidationError',
E                                               },
E                                           },
E                                       },
E                                       'description': 'Validation Error',
E                                   },
E                               },
E                               'summary': 'Job',
E                           },
E                       },
E                       '/api/workspaces/{id}/jobs/{job_id}/artifacts/{name}': {
E                           'get': {
E                               'operationId': 'artifact_api_workspaces__id__jobs__job_id__artifacts__name__get',
E                               'parameters': [
E                                   {
E                                       'in': 'path',
E                                       'name': 'id',
E                                       'required': True,
E                                       'schema': {
E                                           'title': 'Id',
E                                           'type': 'string',
E                                       },
E                                   },
E                                   {
E                                       'in': 'path',
E                                       'name': 'job_id',
E                                       'required': True,
E                                       'schema': {
E                                           'title': 'Job Id',
E                                           'type': 'string',
E                                       },
E                                   },
E                                   {
E                                       'in': 'path',
E                                       'name': 'name',
E                                       'required': True,
E                                       'schema': {
E                                           'title': 'Name',
E                                           'type': 'string',
E                                       },
E                                   },
E                               ],
E                               'responses': {
E                                   '200': {
E                                       'content': {
E                                           'application/json': {
E                                               'schema': {},
E                                           },
E                                       },
E                                       'description': 'Successful Response',
E                                   },
E                                   '422': {
E                                       'content': {
E                                           'application/json': {
E                                               'schema': {
E                                                   '$ref': '#/components/schemas/HTTPValidationError',
E                                               },
E                                           },
E                                       },
E                                       'description': 'Validation Error',
E                                   },
E                               },
E                               'summary': 'Artifact',
E                           },
E                       },
E                       '/api/workspaces/{id}/jobs/{job_id}/cancel': {
E                           'post': {
E                               'operationId': 'cancel_api_workspaces__id__jobs__job_id__cancel_post',
E                               'parameters': [
E                                   {
E                                       'in': 'path',
E                                       'name': 'id',
E                                       'required': True,
E                                       'schema': {
E                                           'title': 'Id',
E                                           'type': 'string',
E                                       },
E                                   },
E                                   {
E                                       'in': 'path',
E                                       'name': 'job_id',
E                                       'required': True,
E                                       'schema': {
E                                           'title': 'Job Id',
E                                           'type': 'string',
E                                       },
E                                   },
E                               ],
E                               'responses': {
E                                   '200': {
E                                       'content': {
E                                           'application/json': {
E                                               'schema': {},
E                                           },
E                                       },
E                                       'description': 'Successful Response',
E                                   },
E                                   '422': {
E                                       'content': {
E                                           'application/json': {
E                                               'schema': {
E                                                   '$ref': '#/components/schemas/HTTPValidationError',
E                                               },
E                                           },
E                                       },
E                                       'description': 'Validation Error',
E                                   },
E                               },
E                               'summary': 'Cancel',
E                           },
E                       },
E                       '/api/workspaces/{id}/lakehouse': {
E                           'get': {
E                               'operationId': 'lakehouse_api_workspaces__id__lakehouse_get',
E                               'parameters': [
E                                   {
E                                       'in': 'path',
E                                       'name': 'id',
E                                       'required': True,
E                                       'schema': {
E                                           'title': 'Id',
E                                           'type': 'string',
E                                       },
E                                   },
E                               ],
E                               'responses': {
E                                   '200': {
E                                       'content': {
E                                           'application/json': {
E                                               'schema': {},
E                                           },
E                                       },
E                                       'description': 'Successful Response',
E                                   },
E                                   '422': {
E                                       'content': {
E                                           'application/json': {
E                                               'schema': {
E                                                   '$ref': '#/components/schemas/HTTPValidationError',
E                                               },
E                                           },
E                                       },
E                                       'description': 'Validation Error',
E                                   },
E                               },
E                               'summary': 'Lakehouse',
E                           },
E                       },
E                       '/api/workspaces/{id}/local/capabilities': {
E                           'get': {
E                               'operationId': 'capabilities_api_workspaces__id__local_capabilities_get',
E                               'parameters': [
E                                   {
E                                       'in': 'path',
E                                       'name': 'id',
E                                       'required': True,
E                                       'schema': {
E                                           'title': 'Id',
E                                           'type': 'string',
E                                       },
E                                   },
E                               ],
E                               'responses': {
E                                   '200': {
E                                       'content': {
E                                           'application/json': {
E                                               'schema': {},
E                                           },
E                                       },
E                                       'description': 'Successful Response',
E                                   },
E                                   '422': {
E                                       'content': {
E                                           'application/json': {
E                                               'schema': {
E                                                   '$ref': '#/components/schemas/HTTPValidationError',
E                                               },
E                                           },
E                                       },
E                                       'description': 'Validation Error',
E                                   },
E                               },
E                               'summary': 'Capabilities',
E                           },
E                       },
E                       '/api/workspaces/{id}/notebook': {
E                           'put': {
E                               'operationId': 'save_api_workspaces__id__notebook_put',
E                               'parameters': [
E                                   {
E                                       'in': 'path',
E                                       'name': 'id',
E                                       'required': True,
E                                       'schema': {
E                                           'title': 'Id',
E                                           'type': 'string',
E                                       },
E                                   },
E                               ],
E                               'requestBody': {
E                                   'content': {
E                                       'application/json': {
E                                           'schema': {
E                                               '$ref': '#/components/schemas/SaveNotebook',
E                                           },
E                                       },
E                                   },
E                                   'required': True,
E                               },
E                               'responses': {
E                                   '200': {
E                                       'content': {
E                                           'application/json': {
E                                               'schema': {},
E                                           },
E                                       },
E                                       'description': 'Successful Response',
E                                   },
E                                   '422': {
E                                       'content': {
E                                           'application/json': {
E                                               'schema': {
E                                                   '$ref': '#/components/schemas/HTTPValidationError',
E                                               },
E                                           },
E                                       },
E                                       'description': 'Validation Error',
E                                   },
E                               },
E                               'summary': 'Save',
E                           },
E                       },
E                       '/api/workspaces/{id}/pipelines/compile': {
E                           'post': {
E                               'operationId': 'compile_dag_api_workspaces__id__pipelines_compile_post',
E                               'parameters': [
E                                   {
E                                       'in': 'path',
E                                       'name': 'id',
E                                       'required': True,
E                                       'schema': {
E                                           'title': 'Id',
E                                           'type': 'string',
E                                       },
E                                   },
E                               ],
E                               'requestBody': {
E                                   'content': {
E                                       'application/json': {
E                                           'schema': {
E                                               '$ref': '#/components/schemas/CompilePipeline',
E                                           },
E                                       },
E                                   },
E                                   'required': True,
E                               },
E                               'responses': {
E                                   '200': {
E                                       'content': {
E                                           'application/json': {
E                                               'schema': {},
E                                           },
E                                       },
E                                       'description': 'Successful Response',
E                                   },
E                                   '422': {
E                                       'content': {
E                                           'application/json': {
E                                               'schema': {
E                                                   '$ref': '#/components/schemas/HTTPValidationError',
E                                               },
E                                           },
E                                       },
E                                       'description': 'Validation Error',
E                                   },
E                               },
E                               'summary': 'Compile Dag',
E                           },
E                       },
E                       '/api/workspaces/{id}/pipelines/run': {
E                           'post': {
E                               'operationId': 'run_pipeline_api_workspaces__id__pipelines_run_post',
E                               'parameters': [
E                                   {
E                                       'in': 'path',
E                                       'name': 'id',
E                                       'required': True,
E                                       'schema': {
E                                           'title': 'Id',
E                                           'type': 'string',
E                                       },
E                                   },
E                               ],
E                               'requestBody': {
E                                   'content': {
E                                       'application/json': {
E                                           'schema': {
E                                               '$ref': '#/components/schemas/StartJob',
E                                           },
E                                       },
E                                   },
E                                   'required': True,
E                               },
E                               'responses': {
E                                   '200': {
E                                       'content': {
E                                           'application/json': {
E                                               'schema': {},
E                                           },
E                                       },
E                                       'description': 'Successful Response',
E                                   },
E                                   '422': {
E                                       'content': {
E                                           'application/json': {
E                                               'schema': {
E                                                   '$ref': '#/components/schemas/HTTPValidationError',
E                                               },
E                                           },
E                                       },
E                                       'description': 'Validation Error',
E                                   },
E                               },
E                               'summary': 'Run Pipeline',
E                           },
E                       },
E                       '/api/workspaces/{id}/practice/progress': {
E                           'get': {
E                               'operationId': 'practice_progress_api_workspaces__id__practice_progress_get',
E                               'parameters': [
E                                   {
E                                       'in': 'path',
E                                       'name': 'id',
E                                       'required': True,
E                                       'schema': {
E                                           'title': 'Id',
E                                           'type': 'string',
E                                       },
E                                   },
E                               ],
E                               'responses': {
E                                   '200': {
E                                       'content': {
E                                           'application/json': {
E                                               'schema': {},
E                                           },
E                                       },
E                                       'description': 'Successful Response',
E                                   },
E                                   '422': {
E                                       'content': {
E                                           'application/json': {
E                                               'schema': {
E                                                   '$ref': '#/components/schemas/HTTPValidationError',
E                                               },
E                                           },
E                                       },
E                                       'description': 'Validation Error',
E                                   },
E                               },
E                               'summary': 'Practice Progress',
E                           },
E                       },
E                       '/api/workspaces/{id}/practice/{exercise_id}/review': {
E                           'put': {
E                               'operationId': 'review_api_workspaces__id__practice__exercise_id__review_put',
E                               'parameters': [
E                                   {
E                                       'in': 'path',
E                                       'name': 'id',
E                                       'required': True,
E                                       'schema': {
E                                           'title': 'Id',
E                                           'type': 'string',
E                                       },
E                                   },
E                                   {
E                                       'in': 'path',
E                                       'name': 'exercise_id',
E                                       'required': True,
E                                       'schema': {
E                                           'title': 'Exercise Id',
E                                           'type': 'string',
E                                       },
E                                   },
E                               ],
E                               'requestBody': {
E                                   'content': {
E                                       'application/json': {
E                                           'schema': {
E                                               '$ref': '#/components/schemas/ReviewRequest',
E                                           },
E                                       },
E                                   },
E                                   'required': True,
E                               },
E                               'responses': {
E                                   '200': {
E                                       'content': {
E                                           'application/json': {
E                                               'schema': {},
E                                           },
E                                       },
E                                       'description': 'Successful Response',
E                                   },
E                                   '422': {
E                                       'content': {
E                                           'application/json': {
E                                               'schema': {
E                                                   '$ref': '#/components/schemas/HTTPValidationError',
E                                               },
E                                           },
E                                       },
E                                       'description': 'Validation Error',
E                                   },
E                               },
E                               'summary': 'Review',
E                           },
E                       },
E                       '/api/workspaces/{id}/restart': {
E                           'post': {
E                               'operationId': 'restart_api_workspaces__id__restart_post',
E                               'parameters': [
E                                   {
E                                       'in': 'path',
E                                       'name': 'id',
E                                       'required': True,
E                                       'schema': {
E                                           'title': 'Id',
E                                           'type': 'string',
E                                       },
E                                   },
E                               ],
E                               'responses': {
E                                   '200': {
E                                       'content': {
E                                           'application/json': {
E                                               'schema': {},
E                                           },
E                                       },
E                                       'description': 'Successful Response',
E                                   },
E                                   '422': {
E                                       'content': {
E                                           'application/json': {
E                                               'schema': {
E                                                   '$ref': '#/components/schemas/HTTPValidationError',
E                                               },
E                                           },
E                                       },
E                                       'description': 'Validation Error',
E                                   },
E                               },
E                               'summary': 'Restart',
E                           },
E                       },
E                       '/api/workspaces/{id}/spark/remote': {
E                           'post': {
E                               'operationId': 'spark_remote_run_api_workspaces__id__spark_remote_post',
E                               'parameters': [
E                                   {
E                                       'in': 'path',
E                                       'name': 'id',
E                                       'required': True,
E                                       'schema': {
E                                           'title': 'Id',
E                                           'type': 'string',
E                                       },
E                                   },
E                               ],
E                               'requestBody': {
E                                   'content': {
E                                       'application/json': {
E                                           'schema': {
E                                               '$ref': '#/components/schemas/SparkRemoteRun',
E                                           },
E                                       },
E                                   },
E                                   'required': True,
E                               },
E                               'responses': {
E                                   '202': {
E                                       'content': {
E                                           'application/json': {
E                                               'schema': {},
E                                           },
E                                       },
E                                       'description': 'Successful Response',
E                                   },
E                                   '422': {
E                                       'content': {
E                                           'application/json': {
E                                               'schema': {
E                                                   '$ref': '#/components/schemas/HTTPValidationError',
E                                               },
E                                           },
E                                       },
E                                       'description': 'Validation Error',
E                                   },
E                               },
E                               'summary': 'Spark Remote Run',
E                           },
E                       },
E                       '/api/workspaces/{id}/spark/remote/{job_id}': {
E                           'get': {
E                               'operationId': 'spark_remote_status_api_workspaces__id__spark_remote__job_id__get',
E                               'parameters': [
E                                   {
E                                       'in': 'path',
E                                       'name': 'id',
E                                       'required': True,
E                                       'schema': {
E                                           'title': 'Id',
E                                           'type': 'string',
E                                       },
E                                   },
E                                   {
E                                       'in': 'path',
E                                       'name': 'job_id',
E                                       'required': True,
E                                       'schema': {
E                                           'title': 'Job Id',
E                                           'type': 'string',
E                                       },
E                                   },
E                               ],
E                               'responses': {
E                                   '200': {
E                                       'content': {
E                                           'application/json': {
E                                               'schema': {},
E                                           },
E                                       },
E                                       'description': 'Successful Response',
E                                   },
E                                   '422': {
E                                       'content': {
E                                           'application/json': {
E                                               'schema': {
E                                                   '$ref': '#/components/schemas/HTTPValidationError',
E                                               },
E                                           },
E                                       },
E                                       'description': 'Validation Error',
E                                   },
E                               },
E                               'summary': 'Spark Remote Status',
E                           },
E                       },
E                       '/api/workspaces/{id}/spark/remote/{job_id}/result/{request_id}': {
E                           'get': {
E                               'operationId': 'spark_remote_result_api_workspaces__id__spark_remote__job_id__result__request_id__get',
E                               'parameters': [
E                                   {
E                                       'in': 'path',
E                                       'name': 'id',
E                                       'required': True,
E                                       'schema': {
E                                           'title': 'Id',
E                                           'type': 'string',
E                                       },
E                                   },
E                                   {
E                                       'in': 'path',
E                                       'name': 'job_id',
E                                       'required': True,
E                                       'schema': {
E                                           'title': 'Job Id',
E                                           'type': 'string',
E                                       },
E                                   },
E                                   {
E                                       'in': 'path',
E                                       'name': 'request_id',
E                                       'required': True,
E                                       'schema': {
E                                           'title': 'Request Id',
E                                           'type': 'string',
E                                       },
E                                   },
E                               ],
E                               'responses': {
E                                   '200': {
E                                       'content': {
E                                           'application/json': {
E                                               'schema': {},
E                                           },
E                                       },
E                                       'description': 'Successful Response',
E                                   },
E                                   '422': {
E                                       'content': {
E                                           'application/json': {
E                                               'schema': {
E                                                   '$ref': '#/components/schemas/HTTPValidationError',
E                                               },
E                                           },
E                                       },
E                                       'description': 'Validation Error',
E                                   },
E                               },
E                               'summary': 'Spark Remote Result',
E                           },
E                       },
E                       '/api/workspaces/{id}/workbench': {
E                           'put': {
E                               'operationId': 'save_workbench_api_workspaces__id__workbench_put',
E                               'parameters': [
E                                   {
E                                       'in': 'path',
E                                       'name': 'id',
E                                       'required': True,
E                                       'schema': {
E                                           'title': 'Id',
E                                           'type': 'string',
E                                       },
E                                   },
E                               ],
E                               'requestBody': {
E                                   'content': {
E                                       'application/json': {
E                                           'schema': {
E                                               '$ref': '#/components/schemas/SaveWorkbench',
E                                           },
E                                       },
E                                   },
E                                   'required': True,
E                               },
E                               'responses': {
E                                   '200': {
E                                       'content': {
E                                           'application/json': {
E                                               'schema': {},
E                                           },
E                                       },
E                                       'description': 'Successful Response',
E                                   },
E                                   '422': {
E                                       'content': {
E                                           'application/json': {
E                                               'schema': {
E                                                   '$ref': '#/components/schemas/HTTPValidationError',
E                                               },
E                                           },
E                                       },
E                                       'description': 'Validation Error',
E                                   },
E                               },
E                               'summary': 'Save Workbench',
E                           },
E                       },
E                       '/api/workspaces/{id}/workbench/validate': {
E                           'post': {
E                               'operationId': 'validate_workbench_api_workspaces__id__workbench_validate_post',
E                               'parameters': [
E                                   {
E                                       'in': 'path',
E                                       'name': 'id',
E                                       'required': True,
E                                       'schema': {
E                                           'title': 'Id',
E                                           'type': 'string',
E                                       },
E                                   },
E                               ],
E                               'requestBody': {
E                                   'content': {
E                                       'application/json': {
E                                           'schema': {
E                                               '$ref': '#/components/schemas/RootWorkbench',
E                                           },
E                                       },
E                                   },
E                                   'required': True,
E                               },
E                               'responses': {
E                                   '200': {
E                                       'content': {
E                                           'application/json': {
E                                               'schema': {},
E                                           },
E                                       },
E                                       'description': 'Successful Response',
E                                   },
E                                   '422': {
E                                       'content': {
E                                           'application/json': {
E                                               'schema': {
E                                                   '$ref': '#/components/schemas/HTTPValidationError',
E                                               },
E                                           },
E                                       },
E                                       'description': 'Validation Error',
E                                   },
E                               },
E                               'summary': 'Validate Workbench',
E                           },
E                       },
E                       '/api/workspaces/{id}/workflow': {
E                           'post': {
E                               'operationId': 'workflow_api_workspaces__id__workflow_post',
E                               'parameters': [
E                                   {
E                                       'in': 'path',
E                                       'name': 'id',
E                                       'required': True,
E                                       'schema': {
E                                           'title': 'Id',
E                                           'type': 'string',
E                                       },
E                                   },
E                               ],
E                               'requestBody': {
E                                   'content': {
E                                       'application/json': {
E                                           'schema': {
E                                               '$ref': '#/components/schemas/RunWorkflow',
E                                           },
E                                       },
E                                   },
E                                   'required': True,
E                               },
E                               'responses': {
E                                   '200': {
E                                       'content': {
E                                           'application/json': {
E                                               'schema': {},
E                                           },
E                                       },
E                                       'description': 'Successful Response',
E                                   },
E                                   '422': {
E                                       'content': {
E                                           'application/json': {
E                                               'schema': {
E                                                   '$ref': '#/components/schemas/HTTPValidationError',
E                                               },
E                                           },
E                                       },
E                                       'description': 'Validation Error',
E                                   },
E                               },
E                               'summary': 'Workflow',
E                           },
E                       },
E                       '/diagnostic': {
E                           'get': {
E                               'operationId': 'diagnostic_diagnostic_get',
E                               'responses': {
E                                   '200': {
E                                       'content': {
E                                           'application/json': {
E                                               'schema': {},
E                                           },
E                                       },
E                                       'description': 'Successful Response',
E                                   },
E                               },
E                               'summary': 'Diagnostic',
E                           },
E                       },
E                   },
E               }

tests/test_interview.py:99: AssertionError
___________ test_real_process_kernel_persistence_and_restart[duckdb] ___________

tmp_path = PosixPath('/tmp/pytest-of-root/pytest-10/test_real_process_kernel_persi1')
mode = 'duckdb'

    @pytest.mark.parametrize('mode', ['sqlite', 'duckdb'])
    def test_real_process_kernel_persistence_and_restart(tmp_path, mode):
        manager=KernelManager(mode=mode,trusted=True,timeout=10)
        try:
>           manager.call('a',tmp_path/'a',request('x=123','python'))

tests/test_root.py:169: 
_ _ _ _ _ _ _ _ _ _ _ _ _ _ _ _ _ _ _ _ _ _ _ _ _ _ _ _ _ _ _ _ _ _ _ _ _ _ _ _ 
apps/api/datapass/kernels.py:123: in call
    return kernel.call(request,self.timeout)
           ^^^^^^^^^^^^^^^^^^^^^^^^^^^^^^^^^
_ _ _ _ _ _ _ _ _ _ _ _ _ _ _ _ _ _ _ _ _ _ _ _ _ _ _ _ _ _ _ _ _ _ _ _ _ _ _ _ 

self = <apps.api.datapass.kernels.Kernel object at 0x7f989c342550>
request = {'case_id': 'retail-medallion', 'cell_id': 'cell', 'code': 'x=123', 'language': 'python', ...}
timeout = 10

    def call(self, request: dict, timeout: float):
        with self.lock:
            self.last_used = time.monotonic()
            if self.process.poll() is not None:
                raise RuntimeError('The kernel exited. Restart the workspace kernel.')
            response = queue.Queue(maxsize=1)
            self.process.stdin.write(json.dumps(request)+'\n')
            self.process.stdin.flush()
            def read():
                try:
                    response.put(self.process.stdout.readline(3_000_002))
                except Exception as error:
                    response.put(error)
            thread = threading.Thread(target=read,daemon=True)
            thread.start()
            try:
                value = response.get(timeout=timeout)
            except queue.Empty:
                self.stop()
                raise KernelTimeout('Execution timed out. The kernel was terminated; restart it. Persisted tables remain, variables do not.')
            if isinstance(value, Exception):
                raise value
            if not value:
                raise RuntimeError('The worker exited without a response. Inspect worker.stderr.log.')
            if len(value) > 3_000_000:
                self.stop()
                raise RuntimeError('The worker returned too much output and was stopped.')
            try:
                payload = json.loads(value)
            except json.JSONDecodeError:
                self.stop()
                raise RuntimeError('The worker protocol was corrupted. The process was stopped.')
            if not payload['ok']:
>               raise RuntimeError(payload['error'])
E               RuntimeError: DuckDB is not installed. Install requirements-engines.txt; no silent storage substitution was made.

apps/api/datapass/kernels.py:71: RuntimeError
_____________ test_worker_timeout_terminates_and_recovers[duckdb] ______________

tmp_path = PosixPath('/tmp/pytest-of-root/pytest-10/test_worker_timeout_terminates1')
mode = 'duckdb'

    @pytest.mark.parametrize('mode', ['sqlite', 'duckdb'])
    def test_worker_timeout_terminates_and_recovers(tmp_path, mode):
        manager=KernelManager(mode=mode,trusted=True,timeout=10)
        try:
>           manager.call('a',tmp_path,{'op':'capabilities'})

tests/test_root.py:183: 
_ _ _ _ _ _ _ _ _ _ _ _ _ _ _ _ _ _ _ _ _ _ _ _ _ _ _ _ _ _ _ _ _ _ _ _ _ _ _ _ 
apps/api/datapass/kernels.py:123: in call
    return kernel.call(request,self.timeout)
           ^^^^^^^^^^^^^^^^^^^^^^^^^^^^^^^^^
_ _ _ _ _ _ _ _ _ _ _ _ _ _ _ _ _ _ _ _ _ _ _ _ _ _ _ _ _ _ _ _ _ _ _ _ _ _ _ _ 

self = <apps.api.datapass.kernels.Kernel object at 0x7f989c2df020>
request = {'op': 'capabilities'}, timeout = 10

    def call(self, request: dict, timeout: float):
        with self.lock:
            self.last_used = time.monotonic()
            if self.process.poll() is not None:
                raise RuntimeError('The kernel exited. Restart the workspace kernel.')
            response = queue.Queue(maxsize=1)
            self.process.stdin.write(json.dumps(request)+'\n')
            self.process.stdin.flush()
            def read():
                try:
                    response.put(self.process.stdout.readline(3_000_002))
                except Exception as error:
                    response.put(error)
            thread = threading.Thread(target=read,daemon=True)
            thread.start()
            try:
                value = response.get(timeout=timeout)
            except queue.Empty:
                self.stop()
                raise KernelTimeout('Execution timed out. The kernel was terminated; restart it. Persisted tables remain, variables do not.')
            if isinstance(value, Exception):
                raise value
            if not value:
                raise RuntimeError('The worker exited without a response. Inspect worker.stderr.log.')
            if len(value) > 3_000_000:
                self.stop()
                raise RuntimeError('The worker returned too much output and was stopped.')
            try:
                payload = json.loads(value)
            except json.JSONDecodeError:
                self.stop()
                raise RuntimeError('The worker protocol was corrupted. The process was stopped.')
            if not payload['ok']:
>               raise RuntimeError(payload['error'])
E               RuntimeError: DuckDB is not installed. Install requirements-engines.txt; no silent storage substitution was made.

apps/api/datapass/kernels.py:71: RuntimeError
___________ test_api_auth_origins_revision_and_real_workflow[duckdb] ___________

tmp_path = PosixPath('/tmp/pytest-of-root/pytest-10/test_api_auth_origins_revision1')
mode = 'duckdb'

    @pytest.mark.parametrize('mode', ['sqlite', 'duckdb'])
    def test_api_auth_origins_revision_and_real_workflow(tmp_path, mode):
        app=create_app(tmp_path,'test-token',mode=mode,trusted_python=False)
        with TestClient(app,base_url='http://127.0.0.1') as client:
            assert client.get('/api/health').status_code==200
            assert client.get('/api/cases').status_code==401
            client.headers['Authorization']='Bearer test-token'
            assert client.get('/api/cases',headers={'Origin':'https://evil.example'}).status_code==403
            assert len(client.get('/api/cases').json())==len(cases())
            response=client.post('/api/workspaces',json={'case_id':'retail-medallion'})
            assert response.status_code==201,response.text
            id=response.json()['id']
            result=client.post(f'/api/workspaces/{id}/workflow',json={})
>           assert result.status_code==200,result.text
E           AssertionError: {"detail":"DuckDB is not installed. Install requirements-engines.txt; no silent storage substitution was made."}
E           assert 503 == 200
E            +  where 503 = <Response [503 Service Unavailable]>.status_code

tests/test_root.py:205: AssertionError
____________ test_workspace_concurrent_requests_serialized[duckdb] _____________

tmp_path = PosixPath('/tmp/pytest-of-root/pytest-10/test_workspace_concurrent_requ1')
mode = 'duckdb'

    @pytest.mark.parametrize('mode', ['sqlite', 'duckdb'])
    def test_workspace_concurrent_requests_serialized(tmp_path, mode):
        from concurrent.futures import ThreadPoolExecutor
        manager=KernelManager(mode,True,timeout=10,max_workers=2)
        try:
            with ThreadPoolExecutor(max_workers=3) as pool:
>               results=list(pool.map(lambda i:manager.call('a',tmp_path/'a',request(f'SELECT {i} AS x')),range(6)))
                        ^^^^^^^^^^^^^^^^^^^^^^^^^^^^^^^^^^^^^^^^^^^^^^^^^^^^^^^^^^^^^^^^^^^^^^^^^^^^^^^^^^^^^^^^^^^^

tests/test_root.py:262: 
_ _ _ _ _ _ _ _ _ _ _ _ _ _ _ _ _ _ _ _ _ _ _ _ _ _ _ _ _ _ _ _ _ _ _ _ _ _ _ _ 
/usr/lib/python3.13/concurrent/futures/_base.py:619: in result_iterator
    yield _result_or_cancel(fs.pop())
          ^^^^^^^^^^^^^^^^^^^^^^^^^^^
/usr/lib/python3.13/concurrent/futures/_base.py:317: in _result_or_cancel
    return fut.result(timeout)
           ^^^^^^^^^^^^^^^^^^^
/usr/lib/python3.13/concurrent/futures/_base.py:456: in result
    return self.__get_result()
           ^^^^^^^^^^^^^^^^^^^
/usr/lib/python3.13/concurrent/futures/_base.py:401: in __get_result
    raise self._exception
/usr/lib/python3.13/concurrent/futures/thread.py:59: in run
    result = self.fn(*self.args, **self.kwargs)
             ^^^^^^^^^^^^^^^^^^^^^^^^^^^^^^^^^^
tests/test_root.py:262: in <lambda>
    results=list(pool.map(lambda i:manager.call('a',tmp_path/'a',request(f'SELECT {i} AS x')),range(6)))
                                   ^^^^^^^^^^^^^^^^^^^^^^^^^^^^^^^^^^^^^^^^^^^^^^^^^^^^^^^^^^
apps/api/datapass/kernels.py:123: in call
    return kernel.call(request,self.timeout)
           ^^^^^^^^^^^^^^^^^^^^^^^^^^^^^^^^^
_ _ _ _ _ _ _ _ _ _ _ _ _ _ _ _ _ _ _ _ _ _ _ _ _ _ _ _ _ _ _ _ _ _ _ _ _ _ _ _ 

self = <apps.api.datapass.kernels.Kernel object at 0x7f989c2d90d0>
request = {'case_id': 'retail-medallion', 'cell_id': 'cell', 'code': 'SELECT 0 AS x', 'language': 'sql', ...}
timeout = 10

    def call(self, request: dict, timeout: float):
        with self.lock:
            self.last_used = time.monotonic()
            if self.process.poll() is not None:
                raise RuntimeError('The kernel exited. Restart the workspace kernel.')
            response = queue.Queue(maxsize=1)
            self.process.stdin.write(json.dumps(request)+'\n')
            self.process.stdin.flush()
            def read():
                try:
                    response.put(self.process.stdout.readline(3_000_002))
                except Exception as error:
                    response.put(error)
            thread = threading.Thread(target=read,daemon=True)
            thread.start()
            try:
                value = response.get(timeout=timeout)
            except queue.Empty:
                self.stop()
                raise KernelTimeout('Execution timed out. The kernel was terminated; restart it. Persisted tables remain, variables do not.')
            if isinstance(value, Exception):
                raise value
            if not value:
                raise RuntimeError('The worker exited without a response. Inspect worker.stderr.log.')
            if len(value) > 3_000_000:
                self.stop()
                raise RuntimeError('The worker returned too much output and was stopped.')
            try:
                payload = json.loads(value)
            except json.JSONDecodeError:
                self.stop()
                raise RuntimeError('The worker protocol was corrupted. The process was stopped.')
            if not payload['ok']:
>               raise RuntimeError(payload['error'])
E               RuntimeError: DuckDB is not installed. Install requirements-engines.txt; no silent storage substitution was made.

apps/api/datapass/kernels.py:71: RuntimeError
_______________________ test_duckdb_workspace_isolation ________________________

tmp_path = PosixPath('/tmp/pytest-of-root/pytest-10/test_duckdb_workspace_isolatio0')

    def test_duckdb_workspace_isolation(tmp_path):
        manager = KernelManager('duckdb', True, timeout=10)
        try:
>           assert manager.call('a', tmp_path/'a', request('SELECT 42 AS n', output_asset='gold.private'))['status'] == 'success'
                   ^^^^^^^^^^^^^^^^^^^^^^^^^^^^^^^^^^^^^^^^^^^^^^^^^^^^^^^^^^^^^^^^^^^^^^^^^^^^^^^^^^^^^^^

tests/test_root.py:304: 
_ _ _ _ _ _ _ _ _ _ _ _ _ _ _ _ _ _ _ _ _ _ _ _ _ _ _ _ _ _ _ _ _ _ _ _ _ _ _ _ 
apps/api/datapass/kernels.py:123: in call
    return kernel.call(request,self.timeout)
           ^^^^^^^^^^^^^^^^^^^^^^^^^^^^^^^^^
_ _ _ _ _ _ _ _ _ _ _ _ _ _ _ _ _ _ _ _ _ _ _ _ _ _ _ _ _ _ _ _ _ _ _ _ _ _ _ _ 

self = <apps.api.datapass.kernels.Kernel object at 0x7f989c2dac90>
request = {'case_id': 'retail-medallion', 'cell_id': 'cell', 'code': 'SELECT 42 AS n', 'language': 'sql', ...}
timeout = 10

    def call(self, request: dict, timeout: float):
        with self.lock:
            self.last_used = time.monotonic()
            if self.process.poll() is not None:
                raise RuntimeError('The kernel exited. Restart the workspace kernel.')
            response = queue.Queue(maxsize=1)
            self.process.stdin.write(json.dumps(request)+'\n')
            self.process.stdin.flush()
            def read():
                try:
                    response.put(self.process.stdout.readline(3_000_002))
                except Exception as error:
                    response.put(error)
            thread = threading.Thread(target=read,daemon=True)
            thread.start()
            try:
                value = response.get(timeout=timeout)
            except queue.Empty:
                self.stop()
                raise KernelTimeout('Execution timed out. The kernel was terminated; restart it. Persisted tables remain, variables do not.')
            if isinstance(value, Exception):
                raise value
            if not value:
                raise RuntimeError('The worker exited without a response. Inspect worker.stderr.log.')
            if len(value) > 3_000_000:
                self.stop()
                raise RuntimeError('The worker returned too much output and was stopped.')
            try:
                payload = json.loads(value)
            except json.JSONDecodeError:
                self.stop()
                raise RuntimeError('The worker protocol was corrupted. The process was stopped.')
            if not payload['ok']:
>               raise RuntimeError(payload['error'])
E               RuntimeError: DuckDB is not installed. Install requirements-engines.txt; no silent storage substitution was made.

apps/api/datapass/kernels.py:71: RuntimeError
=============================== warnings summary ===============================
apps/api/datapass/analytics_contracts.py:52
  /mnt/data/datapass_work/candidate/apps/api/datapass/analytics_contracts.py:52: UserWarning: Field name "schema" in "ArtifactBundle" shadows an attribute in parent "Document"
    class ArtifactBundle(Document):

-- Docs: https://docs.pytest.org/en/stable/how-to/capture-warnings.html
=========================== short test summary info ============================
SKIPPED [1] tests/test_guided_spark_v1.py:115: No live endpoint supplied; mock conformance is not deployment certification.
SKIPPED [1] tests/test_lakehouse_profile.py:75: real DuckLake extension integration is an explicit CI/smoke gate
SKIPPED [1] tests/test_lakehouse_profile.py:136: real DuckLake maintenance integration is an explicit CI/smoke gate
SKIPPED [1] tests/test_lakehouse_profile.py:196: real DuckLake partition integration is an explicit CI/smoke gate
SKIPPED [1] tests/test_root.py:216: DuckDB package unavailable in this environment; real-engine validation is a release gate.
SKIPPED [1] tests/test_root.py:224: Polars package unavailable; no simulated replacement is counted as a pass.
SKIPPED [2] tests/test_semantic_v1.py:39: Native DuckDB/Polars packages not installed; no substitute certification
ERROR tests/test_root.py::test_complete_reference_workflows[duckdb-retail-medallion] - RuntimeError: DuckDB is not installed. Install requirements-engines.txt; no silent storage substitution was made.
ERROR tests/test_root.py::test_complete_reference_workflows[duckdb-warehouse-sql] - RuntimeError: DuckDB is not installed. Install requirements-engines.txt; no silent storage substitution was made.
ERROR tests/test_root.py::test_complete_reference_workflows[duckdb-dbt-marts] - RuntimeError: DuckDB is not installed. Install requirements-engines.txt; no silent storage substitution was made.
ERROR tests/test_root.py::test_complete_reference_workflows[duckdb-airflow-batch] - RuntimeError: DuckDB is not installed. Install requirements-engines.txt; no silent storage substitution was made.
ERROR tests/test_root.py::test_complete_reference_workflows[duckdb-airflow-dbt] - RuntimeError: DuckDB is not installed. Install requirements-engines.txt; no silent storage substitution was made.
ERROR tests/test_root.py::test_complete_reference_workflows[duckdb-turbine-ml] - RuntimeError: DuckDB is not installed. Install requirements-engines.txt; no silent storage substitution was made.
ERROR tests/test_root.py::test_complete_reference_workflows[duckdb-spark-tuning] - RuntimeError: DuckDB is not installed. Install requirements-engines.txt; no silent storage substitution was made.
ERROR tests/test_root.py::test_reference_values_and_shared_catalog[duckdb] - RuntimeError: DuckDB is not installed. Install requirements-engines.txt; no silent storage substitution was made.
ERROR tests/test_root.py::test_source_mutation_makes_downstream_stale_transitively[duckdb] - RuntimeError: DuckDB is not installed. Install requirements-engines.txt; no silent storage substitution was made.
ERROR tests/test_root.py::test_wrong_solution_not_accepted[duckdb] - RuntimeError: DuckDB is not installed. Install requirements-engines.txt; no silent storage substitution was made.
ERROR tests/test_root.py::test_spark_symbols_persist_and_notebook_isolation[duckdb] - RuntimeError: DuckDB is not installed. Install requirements-engines.txt; no silent storage substitution was made.
ERROR tests/test_root.py::test_python_state_and_sql_interop[duckdb] - RuntimeError: DuckDB is not installed. Install requirements-engines.txt; no silent storage substitution was made.
ERROR tests/test_root.py::test_spark_fails_closed[duckdb-import os\nresult = spark.table("source.orders")] - RuntimeError: DuckDB is not installed. Install requirements-engines.txt; no silent storage substitution was made.
ERROR tests/test_root.py::test_spark_fails_closed[duckdb-result = spark.table("source.orders").__class__] - RuntimeError: DuckDB is not installed. Install requirements-engines.txt; no silent storage substitution was made.
ERROR tests/test_root.py::test_spark_fails_closed[duckdb-result = spark.table("source.orders").filter((F.col("net_amount") > 0) and (F.col("segment_id") > 0))] - RuntimeError: DuckDB is not installed. Install requirements-engines.txt; no silent storage substitution was made.
ERROR tests/test_root.py::test_spark_fails_closed[duckdb-while True:\n    pass] - RuntimeError: DuckDB is not installed. Install requirements-engines.txt; no silent storage substitution was made.
ERROR tests/test_root.py::test_sql_rejects_external_operations[duckdb-ATTACH 'evil.db' AS secret] - RuntimeError: DuckDB is not installed. Install requirements-engines.txt; no silent storage substitution was made.
ERROR tests/test_root.py::test_sql_rejects_external_operations[duckdb-INSTALL httpfs] - RuntimeError: DuckDB is not installed. Install requirements-engines.txt; no silent storage substitution was made.
ERROR tests/test_root.py::test_sql_rejects_external_operations[duckdb-LOAD httpfs] - RuntimeError: DuckDB is not installed. Install requirements-engines.txt; no silent storage substitution was made.
ERROR tests/test_root.py::test_sql_rejects_external_operations[duckdb-SELECT * FROM read_csv('/etc/passwd')] - RuntimeError: DuckDB is not installed. Install requirements-engines.txt; no silent storage substitution was made.
ERROR tests/test_root.py::test_sql_rejects_external_operations[duckdb-PRAGMA database_list] - RuntimeError: DuckDB is not installed. Install requirements-engines.txt; no silent storage substitution was made.
ERROR tests/test_root.py::test_sql_rejects_external_operations[duckdb-SELECT load_extension('evil')] - RuntimeError: DuckDB is not installed. Install requirements-engines.txt; no silent storage substitution was made.
ERROR tests/test_root.py::test_sql_rejects_external_operations[duckdb-COPY source.orders TO '/tmp/data.csv'] - RuntimeError: DuckDB is not installed. Install requirements-engines.txt; no silent storage substitution was made.
ERROR tests/test_root.py::test_publish_atomic_on_failure[duckdb] - RuntimeError: DuckDB is not installed. Install requirements-engines.txt; no silent storage substitution was made.
ERROR tests/test_root.py::test_multiple_sql_statements_and_semicolon_in_string[duckdb] - RuntimeError: DuckDB is not installed. Install requirements-engines.txt; no silent storage substitution was made.
ERROR tests/test_root.py::test_failed_sql_transaction_preserves_previous_data[duckdb] - RuntimeError: DuckDB is not installed. Install requirements-engines.txt; no silent storage substitution was made.
ERROR tests/test_root.py::test_wrong_kpi_code_cannot_reuse_previous_catalog_acceptance[duckdb] - RuntimeError: DuckDB is not installed. Install requirements-engines.txt; no silent storage substitution was made.
ERROR tests/test_root.py::test_copy_check_is_full_row_not_row_count[duckdb] - RuntimeError: DuckDB is not installed. Install requirements-engines.txt; no silent storage substitution was made.
ERROR tests/test_root.py::test_spark_simulation_withholds_mutated_fixture[duckdb] - RuntimeError: DuckDB is not installed. Install requirements-engines.txt; no silent storage substitution was made.
ERROR tests/test_root.py::test_unknown_workflow_override_rejected[duckdb] - RuntimeError: DuckDB is not installed. Install requirements-engines.txt; no silent storage substitution was made.
ERROR tests/test_root.py::test_valid_pyspark_sql_filter_is_explicitly_unsupported_here[duckdb] - RuntimeError: DuckDB is not installed. Install requirements-engines.txt; no silent storage substitution was made.
ERROR tests/test_root.py::test_python_reads_participate_in_lineage[duckdb] - RuntimeError: DuckDB is not installed. Install requirements-engines.txt; no silent storage substitution was made.
ERROR tests/test_root.py::test_stale_recompute_and_incompatible_schema[duckdb] - RuntimeError: DuckDB is not installed. Install requirements-engines.txt; no silent storage substitution was made.
ERROR services/sparklab/tests/test_runtime_pass1.py::test_outer_semi_anti_nulls_and_duplicates - RuntimeError: DuckDB is not installed. Install requirements-engines.txt; no silent storage substitution was made.
ERROR services/sparklab/tests/test_runtime_pass1.py::test_unsupported_is_error[result = spark.table("source.orders").selectExpr("*")] - RuntimeError: DuckDB is not installed. Install requirements-engines.txt; no silent storage substitution was made.
ERROR services/sparklab/tests/test_runtime_pass1.py::test_unsupported_is_error[result = spark.table("source.orders").filter((F.col("segment_id") > 1) and (F.col("net_amount") > 0))] - RuntimeError: DuckDB is not installed. Install requirements-engines.txt; no silent storage substitution was made.
ERROR services/sparklab/tests/test_runtime_pass1.py::test_unsupported_is_error[result = spark.table("source.orders").limit(-1)] - RuntimeError: DuckDB is not installed. Install requirements-engines.txt; no silent storage substitution was made.
ERROR services/sparklab/tests/test_runtime_pass1.py::test_unsupported_is_error[result = spark.table("source.orders; DROP TABLE source.orders")] - RuntimeError: DuckDB is not installed. Install requirements-engines.txt; no silent storage substitution was made.
ERROR services/sparklab/tests/test_runtime_pass1.py::test_unsupported_is_error[result = spark.table("source.orders").select(F.col("net_amount").cast("decimal(2,9)"))] - RuntimeError: DuckDB is not installed. Install requirements-engines.txt; no silent storage substitution was made.
ERROR services/sparklab/tests/test_runtime_pass1.py::test_unsupported_is_error[import os\nresult = spark.table("source.orders")] - RuntimeError: DuckDB is not installed. Install requirements-engines.txt; no silent storage substitution was made.
ERROR services/sparklab/tests/test_runtime_pass1.py::test_finance_pack_profile_invariance_counterexamples_and_mutation - RuntimeError: DuckDB is not installed. Install requirements-engines.txt; no silent storage substitution was made.
ERROR services/sparklab/tests/test_runtime_pass1.py::test_shared_exercise_grades_semantics_and_keeps_hidden_rows_private - RuntimeError: DuckDB is not installed. Install requirements-engines.txt; no silent storage substitution was made.
ERROR services/sparklab/tests/test_runtime_pass1.py::test_legacy_pack_and_empty_duplicate_subset - RuntimeError: DuckDB is not installed. Install requirements-engines.txt; no silent storage substitution was made.
FAILED tests/test_exercise_packs.py::test_shared_grading_adapters[demo-sum] - RuntimeError: DuckDB is not installed. Install requirements-engines.txt; no silent storage substitution was made.
FAILED tests/test_exercise_packs.py::test_shared_grading_adapters[demo-count] - RuntimeError: DuckDB is not installed. Install requirements-engines.txt; no silent storage substitution was made.
FAILED tests/test_exercise_packs.py::test_shared_grading_adapters[demo-python] - RuntimeError: DuckDB is not installed. Install requirements-engines.txt; no silent storage substitution was made.
FAILED tests/test_exercise_packs.py::test_shared_grading_adapters[demo-polars] - RuntimeError: DuckDB is not installed. Install requirements-engines.txt; no silent storage substitution was made.
FAILED tests/test_exercise_packs.py::test_shared_grading_adapters[demo-sparklab] - RuntimeError: DuckDB is not installed. Install requirements-engines.txt; no silent storage substitution was made.
FAILED tests/test_interview.py::test_grading_executes_fixtures_not_constants_and_leaves_catalog_unchanged[duckdb] - RuntimeError: DuckDB is not installed. Install requirements-engines.txt; no silent storage substitution was made.
FAILED tests/test_interview.py::test_api_submit_checkpoint_redaction_attempts_and_timeout - AssertionError: assert 'error' == 'passed'
  
  - passed
  + error
FAILED tests/test_interview.py::test_public_contract_has_no_grader_payload_and_openapi_is_current - AssertionError: assert {'components'...atus'}}, ...}} == {'components'...atus'}}, ...}}
  
  Omitting 3 identical items, use -vv to show
  Differing items:
  {'components': {'schemas': {'AirflowRemoteRun': {'additionalProperties': False, 'properties': {'dag_id': {'maxLength':...er'}, ...}, 'required': ['schema_version', 'id', 'title', 'revision', 'kind'], 'title': 'CatalogResource', ...}, ...}}} != {'components': {'schemas': {'AirflowRemoteRun': {'additionalProperties': False, 'properties': {'dag_id': {'maxLength':...er'}, ...}, 'required': ['schema_version', 'id', 'title', 'revision', 'kind'], 'title': 'CatalogResource', ...}, ...}}}
  
  Full diff:
    {
        'components': {
            'schemas': {
                'AirflowRemoteRun': {
                    'additionalProperties': False,
                    'properties': {
                        'dag_id': {
                            'maxLength': 100,
                            'minLength': 1,
                            'pattern': '^[A-Za-z_][A-Za-z0-9_.-]{0,99}$',
                            'title': 'Dag Id',
                            'type': 'string',
                        },
                        'logical_date': {
                            'default': '2026-01-01T00:00:00+00:00',
                            'maxLength': 80,
                            'minLength': 10,
                            'title': 'Logical Date',
                            'type': 'string',
                        },
                        'source': {
                            'maxLength': 30000,
                            'minLength': 1,
                            'title': 'Source',
                            'type': 'string',
                        },
                    },
                    'required': [
                        'dag_id',
                        'source',
                    ],
                    'title': 'AirflowRemoteRun',
                    'type': 'object',
                },
                'ArtifactBundle': {
                    'additionalProperties': False,
                    'properties': {
                        'generatedAt': {
                            'maxLength': 100,
                            'title': 'Generatedat',
                            'type': 'string',
                        },
                        'invocationId': {
                            'maxLength': 100,
                            'title': 'Invocationid',
                            'type': 'string',
                        },
                        'nodes': {
                            'items': {
                                '$ref': '#/components/schemas/DbtNode',
                            },
                            'maxItems': 400,
                            'title': 'Nodes',
                            'type': 'array',
                        },
                        'projectName': {
                            'maxLength': 200,
                            'title': 'Projectname',
                            'type': 'string',
                        },
                        'provenance': {
                            'const': 'imported-dbt-artifact',
                            'title': 'Provenance',
                            'type': 'string',
                        },
                        'resultGeneratedAt': {
                            'anyOf': [
                                {
                                    'maxLength': 100,
                                    'type': 'string',
                                },
                                {
                                    'type': 'null',
                                },
                            ],
                            'title': 'Resultgeneratedat',
                        },
                        'resultInvocationId': {
                            'anyOf': [
                                {
                                    'maxLength': 100,
                                    'type': 'string',
                                },
                                {
                                    'type': 'null',
                                },
                            ],
                            'title': 'Resultinvocationid',
                        },
                        'results': {
                            'items': {
                                '$ref': '#/components/schemas/DbtResult',
                            },
                            'maxItems': 400,
                            'title': 'Results',
                            'type': 'array',
                        },
                        'schema': {
                            'enum': [
                                9,
                                10,
                                11,
                                12,
                            ],
                            'title': 'Schema',
                            'type': 'integer',
                        },
                        'warnings': {
                            'items': {
                                'type': 'string',
                            },
                            'maxItems': 3000,
                            'title': 'Warnings',
                            'type': 'array',
                        },
                    },
                    'required': [
                        'schema',
                        'projectName',
                        'generatedAt',
                        'invocationId',
                        'nodes',
                        'results',
                        'warnings',
                        'provenance',
                    ],
                    'title': 'ArtifactBundle',
                    'type': 'object',
                },
                'Board': {
                    'additionalProperties': False,
                    'properties': {
                        'aggregation': {
                            'enum': [
                                'sum',
                                'mean',
                                'count',
                            ],
                            'title': 'Aggregation',
                            'type': 'string',
                        },
                        'chartType': {
                            'enum': [
                                'bar',
                                'line',
                                'table',
                                'kpi',
                            ],
                            'title': 'Charttype',
                            'type': 'string',
                        },
                        'query': {
                            'maxLength': 100000,
                            'title': 'Query',
                            'type': 'string',
                        },
                        'snapshot': {
                            '$ref': '#/components/schemas/Snapshot',
                        },
                        'title': {
                            'maxLength': 200,
                            'title': 'Title',
                            'type': 'string',
                        },
                        'x': {
                            'maxLength': 100,
                            'title': 'X',
                            'type': 'string',
                        },
                        'y': {
                            'maxLength': 100,
                            'title': 'Y',
                            'type': 'string',
                        },
                    },
                    'required': [
                        'title',
                        'chartType',
                        'x',
                        'y',
                        'aggregation',
                        'query',
                        'snapshot',
                    ],
                    'title': 'Board',
                    'type': 'object',
                },
                'CatalogResource': {
                    'additionalProperties': False,
                    'properties': {
                        'id': {
                            'pattern': '^[A-Za-z0-9_-]{1,100}$',
                            'title': 'Id',
                            'type': 'string',
                        },
                        'kind': {
                            'const': 'catalog',
                            'title': 'Kind',
                            'type': 'string',
                        },
                        'revision': {
                            'maximum': 9007199254740991.0,
                            'minimum': 0.0,
                            'title': 'Revision',
                            'type': 'integer',
                        },
                        'schema_version': {
                            'const': 1,
                            'title': 'Schema Version',
                            'type': 'integer',
                        },
                        'title': {
                            'maxLength': 160,
                            'minLength': 1,
                            'title': 'Title',
                            'type': 'string',
                        },
                    },
                    'required': [
                        'schema_version',
                        'id',
                        'title',
                        'revision',
                        'kind',
                    ],
                    'title': 'CatalogResource',
                    'type': 'object',
                },
                'ChartBoardResource': {
                    'additionalProperties': False,
                    'properties': {
                        'board': {
                            '$ref': '#/components/schemas/Board',
                        },
                        'id': {
                            'pattern': '^[A-Za-z0-9_-]{1,100}$',
                            'title': 'Id',
                            'type': 'string',
                        },
                        'kind': {
                            'const': 'chart-board',
                            'title': 'Kind',
                            'type': 'string',
                        },
                        'revision': {
                            'maximum': 9007199254740991.0,
                            'minimum': 0.0,
                            'title': 'Revision',
                            'type': 'integer',
                        },
                        'schema_version': {
                            'const': 1,
                            'title': 'Schema Version',
                            'type': 'integer',
                        },
                        'title': {
                            'maxLength': 160,
                            'minLength': 1,
                            'title': 'Title',
                            'type': 'string',
                        },
                    },
                    'required': [
                        'schema_version',
                        'id',
                        'title',
                        'revision',
                        'kind',
                        'board',
                    ],
                    'title': 'ChartBoardResource',
                    'type': 'object',
                },
                'Column': {
                    'additionalProperties': False,
                    'properties': {
                        'id': {
                            'maxLength': 100,
                            'minLength': 1,
                            'title': 'Id',
                            'type': 'string',
                        },
                        'name': {
                            'maxLength': 100,
                            'pattern': '^[A-Za-z_][A-Za-z0-9_]*$',
                            'title': 'Name',
                            'type': 'string',
                        },
                        'nullable': {
                            'title': 'Nullable',
                            'type': 'boolean',
                        },
                        'primary': {
                            'title': 'Primary',
                            'type': 'boolean',
                        },
                        'type': {
                            'maxLength': 100,
                            'title': 'Type',
                            'type': 'string',
                        },
                    },
                    'required': [
                        'id',
                        'name',
                        'type',
                        'primary',
                        'nullable',
                    ],
                    'title': 'Column',
                    'type': 'object',
                },
                'CompilePipeline': {
                    'additionalProperties': False,
                    'properties': {
                        'source': {
                            'maxLength': 80000,
                            'title': 'Source',
                            'type': 'string',
                        },
                    },
                    'required': [
                        'source',
                    ],
                    'title': 'CompilePipeline',
                    'type': 'object',
                },
                'CreateWorkspace': {
                    'additionalProperties': False,
                    'properties': {
                        'case_id': {
                            'anyOf': [
                                {
                                    'maxLength': 64,
                                    'minLength': 1,
                                    'type': 'string',
                                },
                                {
                                    'type': 'null',
                                },
                            ],
                            'title': 'Case Id',
                        },
                        'title': {
                            'anyOf': [
                                {
                                    'maxLength': 120,
                                    'minLength': 1,
                                    'type': 'string',
                                },
                                {
                                    'type': 'null',
                                },
                            ],
                            'title': 'Title',
                        },
                    },
                    'title': 'CreateWorkspace',
                    'type': 'object',
                },
                'CsvImport': {
                    'additionalProperties': False,
                    'properties': {
                        'asset': {
                            'pattern': '^bronze\\.[A-Za-z][A-Za-z0-9_]{0,63}$',
                            'title': 'Asset',
                            'type': 'string',
                        },
                        'text': {
                            'maxLength': 1000000,
                            'minLength': 1,
                            'title': 'Text',
                            'type': 'string',
                        },
                        'workspace_revision': {
                            'minimum': 0.0,
                            'title': 'Workspace Revision',
                            'type': 'integer',
                        },
                    },
                    'required': [
                        'asset',
                        'text',
                        'workspace_revision',
                    ],
                    'title': 'CsvImport',
                    'type': 'object',
                },
                'DataContext': {
                    'additionalProperties': False,
                    'properties': {
                        'catalog_ref': {
                            'anyOf': [
                                {
                                    'type': 'string',
                                },
                                {
                                    'type': 'null',
                                },
                            ],
                            'title': 'Catalog Ref',
                        },
                        'columns': {
                            'additionalProperties': {
                                'type': 'string',
                            },
                            'title': 'Columns',
                            'type': 'object',
                        },
                        'name': {
                            'title': 'Name',
                            'type': 'string',
                        },
                        'sample_rows': {
                            'items': {
                                'additionalProperties': True,
                                'type': 'object',
                            },
                            'title': 'Sample Rows',
                            'type': 'array',
                        },
                    },
                    'required': [
                        'name',
                        'columns',
                    ],
                    'title': 'DataContext',
                    'type': 'object',
                },
                'DataModelResource': {
                    'additionalProperties': False,
                    'properties': {
                        'id': {
                            'pattern': '^[A-Za-z0-9_-]{1,100}$',
                            'title': 'Id',
                            'type': 'string',
                        },
                        'kind': {
                            'const': 'data-model',
                            'title': 'Kind',
                            'type': 'string',
                        },
                        'relationships': {
                            'items': {
  -                             '$ref': '#/components/schemas/Relationship',
  +                             '$ref': '#/components/schemas/apps__api__datapass__foundation__Relationship',
  ?                                                           +++++++++++++++++++++++++++++++++
                            },
                            'maxItems': 500,
                            'title': 'Relationships',
                            'type': 'array',
                        },
                        'revision': {
                            'maximum': 9007199254740991.0,
                            'minimum': 0.0,
                            'title': 'Revision',
                            'type': 'integer',
                        },
                        'schema_version': {
                            'const': 1,
                            'title': 'Schema Version',
                            'type': 'integer',
                        },
                        'tables': {
                            'items': {
                                '$ref': '#/components/schemas/apps__api__datapass__foundation__ModelTable',
                            },
                            'maxItems': 200,
                            'title': 'Tables',
                            'type': 'array',
                        },
                        'title': {
                            'maxLength': 160,
                            'minLength': 1,
                            'title': 'Title',
                            'type': 'string',
                        },
                    },
                    'required': [
                        'schema_version',
                        'id',
                        'title',
                        'revision',
                        'kind',
                        'tables',
                        'relationships',
                    ],
                    'title': 'DataModelResource',
                    'type': 'object',
                },
                'DbtNode': {
                    'additionalProperties': False,
                    'properties': {
                        'columns': {
                            'items': {
                                'additionalProperties': {
                                    'type': 'string',
                                },
                                'type': 'object',
                            },
                            'maxItems': 250,
                            'title': 'Columns',
                            'type': 'array',
                        },
                        'compiled': {
                            'maxLength': 100000,
                            'title': 'Compiled',
                            'type': 'string',
                        },
                        'dependencies': {
                            'items': {
                                'type': 'string',
                            },
                            'maxItems': 400,
                            'title': 'Dependencies',
                            'type': 'array',
                        },
                        'description': {
                            'maxLength': 20000,
                            'title': 'Description',
                            'type': 'string',
                        },
                        'id': {
                            'maxLength': 500,
                            'title': 'Id',
                            'type': 'string',
                        },
                        'kind': {
                            'maxLength': 50,
                            'title': 'Kind',
                            'type': 'string',
                        },
                        'materialization': {
                            'maxLength': 80,
                            'title': 'Materialization',
                            'type': 'string',
                        },
                        'name': {
                            'maxLength': 250,
                            'title': 'Name',
                            'type': 'string',
                        },
                        'path': {
                            'maxLength': 500,
                            'title': 'Path',
                            'type': 'string',
                        },
                        'source': {
                            'maxLength': 100000,
                            'title': 'Source',
                            'type': 'string',
                        },
                    },
                    'required': [
                        'id',
                        'name',
                        'kind',
                        'path',
                        'description',
                        'materialization',
                        'dependencies',
                        'columns',
                        'source',
                        'compiled',
                    ],
                    'title': 'DbtNode',
                    'type': 'object',
                },
                'DbtProjectResource': {
                    'additionalProperties': False,
                    'properties': {
                        'artifacts': {
                            'anyOf': [
                                {
                                    '$ref': '#/components/schemas/ArtifactBundle',
                                },
                                {
                                    'type': 'null',
                                },
                            ],
                        },
                        'files': {
                            'items': {
                                '$ref': '#/components/schemas/ProjectFile',
                            },
                            'maxItems': 60,
                            'minItems': 1,
                            'title': 'Files',
                            'type': 'array',
                        },
                        'id': {
                            'pattern': '^[A-Za-z0-9_-]{1,100}$',
                            'title': 'Id',
                            'type': 'string',
                        },
                        'kind': {
                            'const': 'dbt-project',
                            'title': 'Kind',
                            'type': 'string',
                        },
                        'last_run_id': {
                            'anyOf': [
                                {
                                    'pattern': '^[A-Za-z0-9_-]{1,100}$',
                                    'type': 'string',
                                },
                                {
                                    'type': 'null',
                                },
                            ],
                            'title': 'Last Run Id',
                        },
                        'revision': {
                            'maximum': 9007199254740991.0,
                            'minimum': 0.0,
                            'title': 'Revision',
                            'type': 'integer',
                        },
                        'schema_version': {
                            'const': 1,
                            'title': 'Schema Version',
                            'type': 'integer',
                        },
                        'title': {
                            'maxLength': 160,
                            'minLength': 1,
                            'title': 'Title',
                            'type': 'string',
                        },
                    },
                    'required': [
                        'schema_version',
                        'id',
                        'title',
                        'revision',
                        'kind',
                        'files',
                    ],
                    'title': 'DbtProjectResource',
                    'type': 'object',
                },
                'DbtResult': {
                    'additionalProperties': False,
                    'properties': {
                        'failures': {
                            'anyOf': [
                                {
                                    'anyOf': [
                                        {
                                            'type': 'number',
                                        },
                                        {
                                            'type': 'integer',
                                        },
                                    ],
                                    'ge': 0,
                                },
                                {
                                    'type': 'null',
                                },
                            ],
                            'title': 'Failures',
                        },
                        'id': {
                            'maxLength': 500,
                            'title': 'Id',
                            'type': 'string',
                        },
                        'message': {
                            'maxLength': 10000,
                            'title': 'Message',
                            'type': 'string',
                        },
                        'seconds': {
                            'anyOf': [
                                {
                                    'anyOf': [
                                        {
                                            'type': 'number',
                                        },
                                        {
                                            'type': 'integer',
                                        },
                                    ],
                                    'ge': 0,
                                },
                                {
                                    'type': 'null',
                                },
                            ],
                            'title': 'Seconds',
                        },
                        'status': {
                            'maxLength': 100,
                            'title': 'Status',
                            'type': 'string',
                        },
                    },
                    'required': [
                        'id',
                        'status',
                        'seconds',
                        'message',
                        'failures',
                    ],
                    'title': 'DbtResult',
                    'type': 'object',
                },
                'Dependency': {
                    'additionalProperties': False,
                    'properties': {
                        'condition': {
                            'enum': [
                                'success',
                                'completion',
                            ],
                            'title': 'Condition',
                            'type': 'string',
                        },
                        'id': {
                            'pattern': '^[A-Za-z0-9_-]{1,100}$',
                            'title': 'Id',
                            'type': 'string',
                        },
                        'source': {
                            'pattern': '^[A-Za-z0-9_-]{1,100}$',
                            'title': 'Source',
                            'type': 'string',
                        },
                        'target': {
                            'pattern': '^[A-Za-z0-9_-]{1,100}$',
                            'title': 'Target',
                            'type': 'string',
                        },
                    },
                    'required': [
                        'id',
                        'source',
                        'target',
                        'condition',
                    ],
                    'title': 'Dependency',
                    'type': 'object',
                },
                'Derivation': {
                    'additionalProperties': False,
                    'properties': {
                        'id': {
                            'pattern': '^[A-Za-z0-9_-]{1,100}$',
                            'title': 'Id',
                            'type': 'string',
                        },
                        'note': {
                            'maxLength': 2000,
                            'title': 'Note',
                            'type': 'string',
                        },
                        'source': {
                            'pattern': '^[A-Za-z0-9_-]{1,100}$',
                            'title': 'Source',
                            'type': 'string',
                        },
                        'target': {
                            'pattern': '^[A-Za-z0-9_-]{1,100}$',
                            'title': 'Target',
                            'type': 'string',
                        },
                    },
                    'required': [
                        'id',
                        'source',
                        'target',
                        'note',
                    ],
                    'title': 'Derivation',
                    'type': 'object',
                },
                'EvidenceResource': {
                    'additionalProperties': False,
                    'properties': {
                        'id': {
                            'pattern': '^[A-Za-z0-9_-]{1,100}$',
                            'title': 'Id',
                            'type': 'string',
                        },
                        'kind': {
                            'const': 'evidence',
                            'title': 'Kind',
                            'type': 'string',
                        },
                        'revision': {
                            'maximum': 9007199254740991.0,
                            'minimum': 0.0,
                            'title': 'Revision',
                            'type': 'integer',
                        },
                        'schema_version': {
                            'const': 1,
                            'title': 'Schema Version',
                            'type': 'integer',
                        },
                        'title': {
                            'maxLength': 160,
                            'minLength': 1,
                            'title': 'Title',
                            'type': 'string',
                        },
                    },
                    'required': [
                        'schema_version',
                        'id',
                        'title',
                        'revision',
                        'kind',
                    ],
                    'title': 'EvidenceResource',
                    'type': 'object',
                },
                'ExecuteCell': {
                    'additionalProperties': False,
                    'properties': {
                        'aqe': {
                            'default': True,
                            'title': 'Aqe',
                            'type': 'boolean',
                        },
                        'cell_id': {
                            'maxLength': 100,
                            'minLength': 1,
                            'pattern': '^[A-Za-z0-9_-]+$',
                            'title': 'Cell Id',
                            'type': 'string',
                        },
                        'code': {
                            'maxLength': 40000,
                            'minLength': 1,
                            'title': 'Code',
                            'type': 'string',
                        },
                        'language': {
                            'enum': [
                                'sql',
                                'sparklab',
                                'python',
                                'polars',
                                'dbt',
                            ],
                            'title': 'Language',
                            'type': 'string',
                        },
                        'notebook_id': {
                            'maxLength': 100,
                            'minLength': 1,
                            'pattern': '^[A-Za-z0-9_-]+$',
                            'title': 'Notebook Id',
                            'type': 'string',
                        },
                        'output_asset': {
                            'anyOf': [
                                {
                                    'maxLength': 100,
                                    'type': 'string',
                                },
                                {
                                    'type': 'null',
                                },
                            ],
                            'title': 'Output Asset',
                        },
                        'profile': {
                            'default': 'generic_8x8',
                            'maxLength': 80,
                            'title': 'Profile',
                            'type': 'string',
                        },
                        'step_id': {
                            'anyOf': [
                                {
                                    'maxLength': 100,
                                    'type': 'string',
                                },
                                {
                                    'type': 'null',
                                },
                            ],
                            'title': 'Step Id',
                        },
                    },
                    'required': [
                        'notebook_id',
                        'cell_id',
                        'language',
                        'code',
                    ],
                    'title': 'ExecuteCell',
                    'type': 'object',
                },
                'ExecutionError': {
                    'additionalProperties': False,
                    'properties': {
                        'message': {
                            'title': 'Message',
                            'type': 'string',
                        },
                        'type': {
                            'title': 'Type',
                            'type': 'string',
                        },
                    },
                    'required': [
                        'type',
                        'message',
                    ],
                    'title': 'ExecutionError',
                    'type': 'object',
                },
                'ExerciseAttempt': {
                    'additionalProperties': False,
                    'properties': {
                        'cell_id': {
                            'title': 'Cell Id',
                            'type': 'string',
                        },
                        'checks': {
                            'items': {
                                '$ref': '#/components/schemas/ExerciseCheck',
                            },
                            'title': 'Checks',
                            'type': 'array',
                        },
                        'created_at': {
                            'title': 'Created At',
                            'type': 'string',
                        },
                        'elapsed_ms': {
                            'title': 'Elapsed Ms',
                            'type': 'number',
                        },
                        'error': {
                            'anyOf': [
                                {
                                    '$ref': '#/components/schemas/ExecutionError',
                                },
                                {
                                    'type': 'null',
                                },
                            ],
                        },
                        'exercise_id': {
                            'title': 'Exercise Id',
                            'type': 'string',
                        },
                        'exercise_version': {
                            'title': 'Exercise Version',
                            'type': 'string',
                        },
                        'fixtures': {
                            'items': {
                                '$ref': '#/components/schemas/VersionRef',
                            },
                            'title': 'Fixtures',
                            'type': 'array',
                        },
                        'id': {
                            'title': 'Id',
                            'type': 'string',
                        },
                        'language': {
                            'enum': [
                                'sql',
                                'sparklab',
                                'python',
                                'polars',
                                'dbt',
                            ],
                            'title': 'Language',
                            'type': 'string',
                        },
                        'notebook_id': {
                            'title': 'Notebook Id',
                            'type': 'string',
                        },
                        'runtime': {
                            '$ref': '#/components/schemas/RuntimeIdentity',
                        },
                        'schema_version': {
                            'const': 1,
                            'title': 'Schema Version',
                            'type': 'integer',
                        },
                        'source': {
                            'title': 'Source',
                            'type': 'string',
                        },
                        'source_hash': {
                            'title': 'Source Hash',
                            'type': 'string',
                        },
                        'source_revision': {
                            'title': 'Source Revision',
                            'type': 'integer',
                        },
                        'status': {
                            'enum': [
                                'passed',
                                'failed',
                                'error',
                            ],
                            'title': 'Status',
                            'type': 'string',
                        },
                        'truth': {
                            'enum': [
                                'real',
                                'semantic-emulation',
                                'simulated',
                                'unsupported',
                            ],
                            'title': 'Truth',
                            'type': 'string',
                        },
                        'validator_version': {
                            'title': 'Validator Version',
                            'type': 'string',
                        },
                    },
                    'required': [
                        'schema_version',
                        'id',
                        'created_at',
                        'exercise_id',
                        'exercise_version',
                        'notebook_id',
                        'cell_id',
                        'source',
                        'source_hash',
                        'source_revision',
                        'validator_version',
                        'fixtures',
                        'language',
                        'status',
                        'checks',
                        'truth',
                        'runtime',
                        'elapsed_ms',
                    ],
                    'title': 'ExerciseAttempt',
                    'type': 'object',
                },
                'ExerciseCheck': {
                    'additionalProperties': False,
                    'properties': {
                        'actual': {
                            'anyOf': [
                                {
                                    'items': {
                                        'additionalProperties': True,
                                        'type': 'object',
                                    },
                                    'type': 'array',
                                },
                                {
                                    'type': 'null',
                                },
                            ],
                            'title': 'Actual',
                        },
                        'elapsed_ms': {
                            'title': 'Elapsed Ms',
                            'type': 'number',
                        },
                        'execution_id': {
                            'title': 'Execution Id',
                            'type': 'string',
                        },
                        'execution_status': {
                            'title': 'Execution Status',
                            'type': 'string',
                        },
                        'expected': {
                            'anyOf': [
                                {
                                    'items': {
                                        'additionalProperties': True,
                                        'type': 'object',
                                    },
                                    'type': 'array',
                                },
                                {
                                    'type': 'null',
                                },
                            ],
                            'title': 'Expected',
                        },
                        'id': {
                            'title': 'Id',
                            'type': 'string',
                        },
                        'input_versions': {
                            'additionalProperties': {
                                'anyOf': [
                                    {
                                        'type': 'string',
                                    },
                                    {
                                        'type': 'null',
                                    },
                                ],
                            },
                            'title': 'Input Versions',
                            'type': 'object',
                        },
                        'message': {
                            'title': 'Message',
                            'type': 'string',
                        },
                        'passed': {
                            'title': 'Passed',
                            'type': 'boolean',
                        },
                        'status': {
                            'enum': [
                                'passed',
                                'failed',
                            ],
                            'title': 'Status',
                            'type': 'string',
                        },
                        'visibility': {
                            'enum': [
                                'visible',
                                'hidden',
                                'edge',
                            ],
                            'title': 'Visibility',
                            'type': 'string',
                        },
                    },
                    'required': [
                        'id',
                        'visibility',
                        'passed',
                        'status',
                        'execution_id',
                        'execution_status',
                        'elapsed_ms',
                        'message',
                        'input_versions',
                    ],
                    'title': 'ExerciseCheck',
                    'type': 'object',
                },
                'ExerciseDefinition': {
                    'additionalProperties': False,
                    'properties': {
                        'canonical_placement': {
                            '$ref': '#/components/schemas/Placement',
                        },
                        'constraints': {
                            'additionalProperties': {
                                'type': 'string',
                            },
                            'title': 'Constraints',
                            'type': 'object',
                        },
                        'context_refs': {
                            'items': {
                                'type': 'string',
                            },
                            'title': 'Context Refs',
                            'type': 'array',
                        },
                        'data_context': {
                            'items': {
                                '$ref': '#/components/schemas/DataContext',
                            },
                            'title': 'Data Context',
                            'type': 'array',
                        },
                        'difficulty': {
                            'enum': [
                                'easy',
                                'medium',
                                'hard',
                            ],
                            'title': 'Difficulty',
                            'type': 'string',
                        },
                        'edge_check_refs': {
                            'items': {
                                'type': 'string',
                            },
                            'title': 'Edge Check Refs',
                            'type': 'array',
                        },
                        'explanation': {
                            'title': 'Explanation',
                            'type': 'string',
                        },
                        'fixtures': {
                            'items': {
                                '$ref': '#/components/schemas/VersionRef',
                            },
                            'title': 'Fixtures',
                            'type': 'array',
                        },
                        'follow_ups': {
                            'items': {
                                'type': 'string',
                            },
                            'title': 'Follow Ups',
                            'type': 'array',
                        },
                        'hidden_check_refs': {
                            'items': {
                                'type': 'string',
                            },
                            'title': 'Hidden Check Refs',
                            'type': 'array',
                        },
                        'hints': {
                            'items': {
                                'type': 'string',
                            },
                            'title': 'Hints',
                            'type': 'array',
                        },
                        'id': {
                            'title': 'Id',
                            'type': 'string',
                        },
                        'language': {
                            'enum': [
                                'sql',
                                'sparklab',
                                'python',
                                'polars',
                                'dbt',
                            ],
                            'title': 'Language',
                            'type': 'string',
                        },
                        'origin': {
                            'enum': [
                                'internal-demo',
                                'authored',
                                'migrated',
                            ],
                            'title': 'Origin',
                            'type': 'string',
                        },
                        'output_schema': {
                            'additionalProperties': {
                                'type': 'string',
                            },
                            'title': 'Output Schema',
                            'type': 'object',
                        },
                        'pack': {
                            'anyOf': [
                                {
                                    '$ref': '#/components/schemas/VersionRef',
                                },
                                {
                                    'type': 'null',
                                },
                            ],
                        },
                        'prompt': {
                            'title': 'Prompt',
                            'type': 'string',
                        },
                        'provenance': {
                            'additionalProperties': {
                                'type': 'string',
                            },
                            'title': 'Provenance',
                            'type': 'object',
                        },
                        'recommendation': {
                            'anyOf': [
                                {
                                    '$ref': '#/components/schemas/Recommendation',
                                },
                                {
                                    'type': 'null',
                                },
                            ],
                        },
                        'related_associations': {
                            'items': {
                                'type': 'string',
                            },
                            'title': 'Related Associations',
                            'type': 'array',
                        },
                        'runtime': {
                            'title': 'Runtime',
                            'type': 'string',
                        },
                        'runtime_requirements': {
                            'items': {
                                'type': 'string',
                            },
                            'title': 'Runtime Requirements',
                            'type': 'array',
                        },
                        'schema_version': {
                            'const': 1,
                            'title': 'Schema Version',
                            'type': 'integer',
                        },
                        'sections': {
                            'items': {
                                '$ref': '#/components/schemas/Section',
                            },
                            'title': 'Sections',
                            'type': 'array',
                        },
                        'semantic': {
                            'anyOf': [
                                {
                                    '$ref': '#/components/schemas/SemanticExercise',
                                },
                                {
                                    'type': 'null',
                                },
                            ],
                        },
                        'solution': {
                            '$ref': '#/components/schemas/SolutionMetadata',
                        },
                        'starter_source': {
                            'title': 'Starter Source',
                            'type': 'string',
                        },
                        'tags': {
                            'items': {
                                'type': 'string',
                            },
                            'title': 'Tags',
                            'type': 'array',
                        },
                        'title': {
                            'title': 'Title',
                            'type': 'string',
                        },
                        'topics': {
                            'items': {
                                'type': 'string',
                            },
                            'title': 'Topics',
                            'type': 'array',
                        },
                        'truth': {
                            'default': 'real',
                            'enum': [
                                'real',
                                'semantic-emulation',
                                'simulated',
                                'unsupported',
                            ],
                            'title': 'Truth',
                            'type': 'string',
                        },
                        'validation': {
                            '$ref': '#/components/schemas/RowValidation',
                        },
                        'validator_version': {
                            'title': 'Validator Version',
                            'type': 'string',
                        },
                        'version': {
                            'title': 'Version',
                            'type': 'string',
                        },
                        'visible_checks': {
                            'items': {
                                '$ref': '#/components/schemas/VisibleCheck',
                            },
                            'title': 'Visible Checks',
                            'type': 'array',
                        },
                    },
                    'required': [
                        'schema_version',
                        'id',
                        'version',
                        'title',
                        'difficulty',
                        'topics',
                        'tags',
                        'origin',
                        'language',
                        'runtime',
                        'prompt',
                        'sections',
                        'starter_source',
                        'fixtures',
                        'visible_checks',
                        'hidden_check_refs',
                        'edge_check_refs',
                        'hints',
                        'solution',
                        'explanation',
                        'follow_ups',
                        'canonical_placement',
                        'related_associations',
                        'validator_version',
                    ],
                    'title': 'ExerciseDefinition',
                    'type': 'object',
                },
                'ExerciseRequest': {
                    'additionalProperties': False,
                    'properties': {
                        'aqe': {
                            'default': True,
                            'title': 'Aqe',
                            'type': 'boolean',
                        },
                        'cell_id': {
                            'maxLength': 100,
                            'minLength': 1,
                            'pattern': '^[A-Za-z0-9_-]+$',
                            'title': 'Cell Id',
                            'type': 'string',
                        },
                        'code': {
                            'maxLength': 39000,
                            'minLength': 1,
                            'title': 'Code',
                            'type': 'string',
                        },
                        'exercise_id': {
                            'maxLength': 100,
                            'title': 'Exercise Id',
                            'type': 'string',
                        },
                        'exercise_version': {
                            'maxLength': 40,
                            'title': 'Exercise Version',
                            'type': 'string',
                        },
                        'language': {
                            'enum': [
                                'sql',
                                'sparklab',
                                'python',
                                'polars',
                                'dbt',
                            ],
                            'title': 'Language',
                            'type': 'string',
                        },
                        'mode': {
                            'enum': [
                                'run',
                                'submit',
                            ],
                            'title': 'Mode',
                            'type': 'string',
                        },
                        'notebook_id': {
                            'maxLength': 100,
                            'minLength': 1,
                            'pattern': '^[A-Za-z0-9_-]+$',
                            'title': 'Notebook Id',
                            'type': 'string',
                        },
                        'profile': {
                            'default': 'generic_8x8',
                            'maxLength': 80,
                            'title': 'Profile',
                            'type': 'string',
                        },
                        'remote_consent': {
                            'default': False,
                            'title': 'Remote Consent',
                            'type': 'boolean',
                        },
                        'source_revision': {
                            'minimum': 0.0,
                            'title': 'Source Revision',
                            'type': 'integer',
                        },
                    },
                    'required': [
                        'exercise_id',
                        'exercise_version',
                        'notebook_id',
                        'cell_id',
                        'code',
                        'language',
                        'source_revision',
                        'mode',
                    ],
                    'title': 'ExerciseRequest',
                    'type': 'object',
                },
                'ExerciseResource': {
                    'additionalProperties': False,
                    'properties': {
                        'exercise_id': {
                            'pattern': '^[A-Za-z0-9_-]{1,100}$',
                            'title': 'Exercise Id',
                            'type': 'string',
                        },
                        'fixture_version': {
                            'maxLength': 160,
                            'minLength': 1,
                            'title': 'Fixture Version',
                            'type': 'string',
                        },
                        'id': {
                            'pattern': '^[A-Za-z0-9_-]{1,100}$',
                            'title': 'Id',
                            'type': 'string',
                        },
                        'kind': {
                            'const': 'exercise',
                            'title': 'Kind',
                            'type': 'string',
                        },
                        'revision': {
                            'maximum': 9007199254740991.0,
                            'minimum': 0.0,
                            'title': 'Revision',
                            'type': 'integer',
                        },
                        'schema_version': {
                            'const': 1,
                            'title': 'Schema Version',
                            'type': 'integer',
                        },
                        'title': {
                            'maxLength': 160,
                            'minLength': 1,
                            'title': 'Title',
                            'type': 'string',
                        },
                        'variant': {
                            'enum': [
                                'sql',
                                'python',
                                'polars',
                                'dbt',
                                'sparklab',
                            ],
                            'title': 'Variant',
                            'type': 'string',
                        },
                    },
                    'required': [
                        'schema_version',
                        'id',
                        'title',
                        'revision',
                        'kind',
                        'exercise_id',
                        'fixture_version',
                        'variant',
                    ],
                    'title': 'ExerciseResource',
                    'type': 'object',
                },
                'ExerciseResult': {
                    'additionalProperties': False,
                    'properties': {
                        'attempt': {
                            'anyOf': [
                                {
                                    '$ref': '#/components/schemas/ExerciseAttempt',
                                },
                                {
                                    'type': 'null',
                                },
                            ],
                        },
                        'checks': {
                            'items': {
                                '$ref': '#/components/schemas/ExerciseCheck',
                            },
                            'title': 'Checks',
                            'type': 'array',
                        },
                        'elapsed_ms': {
                            'title': 'Elapsed Ms',
                            'type': 'number',
                        },
                        'error': {
                            'anyOf': [
                                {
                                    '$ref': '#/components/schemas/ExecutionError',
                                },
                                {
                                    'type': 'null',
                                },
                            ],
                        },
                        'runs': {
                            'items': {
                                'additionalProperties': True,
                                'type': 'object',
                            },
                            'title': 'Runs',
                            'type': 'array',
                        },
                        'runtime': {
                            '$ref': '#/components/schemas/RuntimeIdentity',
                        },
                        'status': {
                            'enum': [
                                'passed',
                                'failed',
                                'error',
                            ],
                            'title': 'Status',
                            'type': 'string',
                        },
                        'truth': {
                            'enum': [
                                'real',
                                'semantic-emulation',
                                'simulated',
                                'unsupported',
                            ],
                            'title': 'Truth',
                            'type': 'string',
                        },
                        'workspace_revision': {
                            'title': 'Workspace Revision',
                            'type': 'integer',
                        },
                    },
                    'required': [
                        'status',
                        'checks',
                        'runs',
                        'workspace_revision',
                        'truth',
                        'runtime',
                        'elapsed_ms',
                    ],
                    'title': 'ExerciseResult',
                    'type': 'object',
                },
                'FigureResource': {
                    'additionalProperties': False,
                    'properties': {
                        'description': {
                            'maxLength': 2000,
                            'title': 'Description',
                            'type': 'string',
                        },
                        'family': {
                            'enum': [
                                'join',
                                'partitions',
                                'workflow',
                                'lineage',
                            ],
                            'title': 'Family',
                            'type': 'string',
                        },
                        'figure_version': {
                            'const': 1,
                            'title': 'Figure Version',
                            'type': 'integer',
                        },
                        'id': {
                            'pattern': '^[A-Za-z0-9_-]{1,100}$',
                            'title': 'Id',
                            'type': 'string',
                        },
                        'kind': {
                            'const': 'figure',
                            'title': 'Kind',
                            'type': 'string',
                        },
                        'revision': {
                            'maximum': 9007199254740991.0,
                            'minimum': 0.0,
                            'title': 'Revision',
                            'type': 'integer',
                        },
                        'schema_version': {
                            'const': 1,
                            'title': 'Schema Version',
                            'type': 'integer',
                        },
                        'title': {
                            'maxLength': 160,
                            'minLength': 1,
                            'title': 'Title',
                            'type': 'string',
                        },
                    },
                    'required': [
                        'schema_version',
                        'id',
                        'title',
                        'revision',
                        'kind',
                        'family',
                        'figure_version',
                        'description',
                    ],
                    'title': 'FigureResource',
                    'type': 'object',
                },
                'GuidedConsent': {
                    'additionalProperties': False,
                    'properties': {
                        'consent': {
                            'title': 'Consent',
                            'type': 'boolean',
                        },
                    },
                    'required': [
                        'consent',
                    ],
                    'title': 'GuidedConsent',
                    'type': 'object',
                },
                'HTTPValidationError': {
                    'properties': {
                        'detail': {
                            'items': {
                                '$ref': '#/components/schemas/ValidationError',
                            },
                            'title': 'Detail',
                            'type': 'array',
                        },
                    },
                    'title': 'HTTPValidationError',
                    'type': 'object',
                },
                'LineageDataset': {
                    'additionalProperties': False,
                    'properties': {
                        'asset_ref': {
                            'anyOf': [
                                {
                                    'maxLength': 160,
                                    'minLength': 1,
                                    'type': 'string',
                                },
                                {
                                    'type': 'null',
                                },
                            ],
                            'title': 'Asset Ref',
                        },
                        'id': {
                            'pattern': '^[A-Za-z0-9_-]{1,100}$',
                            'title': 'Id',
                            'type': 'string',
                        },
                        'label': {
                            'maxLength': 160,
                            'minLength': 1,
                            'title': 'Label',
                            'type': 'string',
                        },
                    },
                    'required': [
                        'id',
                        'label',
                        'asset_ref',
                    ],
                    'title': 'LineageDataset',
                    'type': 'object',
                },
                'LineageResource': {
                    'additionalProperties': False,
                    'properties': {
                        'datasets': {
                            'items': {
                                '$ref': '#/components/schemas/LineageDataset',
                            },
                            'maxItems': 200,
                            'title': 'Datasets',
                            'type': 'array',
                        },
                        'derivations': {
                            'items': {
                                '$ref': '#/components/schemas/Derivation',
                            },
                            'maxItems': 500,
                            'title': 'Derivations',
                            'type': 'array',
                        },
                        'id': {
                            'pattern': '^[A-Za-z0-9_-]{1,100}$',
                            'title': 'Id',
                            'type': 'string',
                        },
                        'kind': {
                            'const': 'lineage',
                            'title': 'Kind',
                            'type': 'string',
                        },
                        'revision': {
                            'maximum': 9007199254740991.0,
                            'minimum': 0.0,
                            'title': 'Revision',
                            'type': 'integer',
                        },
                        'schema_version': {
                            'const': 1,
                            'title': 'Schema Version',
                            'type': 'integer',
                        },
                        'title': {
                            'maxLength': 160,
                            'minLength': 1,
                            'title': 'Title',
                            'type': 'string',
                        },
                    },
                    'required': [
                        'schema_version',
                        'id',
                        'title',
                        'revision',
                        'kind',
                        'datasets',
                        'derivations',
                    ],
                    'title': 'LineageResource',
                    'type': 'object',
                },
                'Mapping': {
                    'additionalProperties': False,
                    'properties': {
                        'expression': {
                            'maxLength': 2000,
                            'title': 'Expression',
                            'type': 'string',
                        },
                        'fromColumn': {
                            'maxLength': 100,
                            'minLength': 1,
                            'title': 'Fromcolumn',
                            'type': 'string',
                        },
                        'fromTable': {
                            'maxLength': 100,
                            'minLength': 1,
                            'title': 'Fromtable',
                            'type': 'string',
                        },
                        'id': {
                            'maxLength': 100,
                            'minLength': 1,
                            'title': 'Id',
                            'type': 'string',
                        },
                        'toColumn': {
                            'maxLength': 100,
                            'minLength': 1,
                            'title': 'Tocolumn',
                            'type': 'string',
                        },
                        'toTable': {
                            'maxLength': 100,
                            'minLength': 1,
                            'title': 'Totable',
                            'type': 'string',
                        },
                    },
                    'required': [
                        'id',
                        'fromTable',
                        'fromColumn',
                        'toTable',
                        'toColumn',
                        'expression',
                    ],
                    'title': 'Mapping',
                    'type': 'object',
                },
                'ModelColumn': {
                    'additionalProperties': False,
                    'properties': {
                        'data_type': {
                            'maxLength': 160,
                            'minLength': 1,
                            'title': 'Data Type',
                            'type': 'string',
                        },
                        'id': {
                            'pattern': '^[A-Za-z0-9_-]{1,100}$',
                            'title': 'Id',
                            'type': 'string',
                        },
                        'key': {
                            'enum': [
                                'none',
                                'primary',
                                'foreign',
                            ],
                            'title': 'Key',
                            'type': 'string',
                        },
                        'nullable': {
                            'title': 'Nullable',
                            'type': 'boolean',
                        },
                    },
                    'required': [
                        'id',
                        'data_type',
                        'key',
                        'nullable',
                    ],
                    'title': 'ModelColumn',
                    'type': 'object',
                },
                'ModelDesign': {
                    'additionalProperties': False,
                    'properties': {
                        'mappings': {
                            'items': {
                                '$ref': '#/components/schemas/Mapping',
                            },
                            'maxItems': 200,
                            'title': 'Mappings',
                            'type': 'array',
                        },
                        'relationships': {
                            'items': {
  -                             '$ref': '#/components/schemas/apps__api__datapass__analytics_contracts__Relationship',
  ?                                                           ------------------------------------------
  +                             '$ref': '#/components/schemas/Relationship',
                            },
                            'maxItems': 120,
                            'title': 'Relationships',
                            'type': 'array',
                        },
                        'tables': {
                            'items': {
                                '$ref': '#/components/schemas/ModelTable',
                            },
                            'maxItems': 30,
                            'title': 'Tables',
                            'type': 'array',
                        },
                    },
                    'required': [
                        'tables',
                        'relationships',
                        'mappings',
                    ],
                    'title': 'ModelDesign',
                    'type': 'object',
                },
                'ModelDesignResource': {
                    'additionalProperties': False,
                    'properties': {
                        'id': {
                            'pattern': '^[A-Za-z0-9_-]{1,100}$',
                            'title': 'Id',
                            'type': 'string',
                        },
                        'kind': {
                            'const': 'model-design',
                            'title': 'Kind',
                            'type': 'string',
                        },
                        'model': {
                            '$ref': '#/components/schemas/ModelDesign',
                        },
                        'revision': {
                            'maximum': 9007199254740991.0,
                            'minimum': 0.0,
                            'title': 'Revision',
                            'type': 'integer',
                        },
                        'scd': {
                            '$ref': '#/components/schemas/ScdState',
                        },
                        'schema_version': {
                            'const': 1,
                            'title': 'Schema Version',
                            'type': 'integer',
                        },
                        'title': {
                            'maxLength': 160,
                            'minLength': 1,
                            'title': 'Title',
                            'type': 'string',
                        },
                    },
                    'required': [
                        'schema_version',
                        'id',
                        'title',
                        'revision',
                        'kind',
                        'model',
                        'scd',
                    ],
                    'title': 'ModelDesignResource',
                    'type': 'object',
                },
                'ModelTable': {
                    'additionalProperties': False,
                    'properties': {
                        'columns': {
                            'items': {
                                '$ref': '#/components/schemas/Column',
                            },
                            'maxItems': 60,
                            'title': 'Columns',
                            'type': 'array',
                        },
                        'grain': {
                            'maxLength': 500,
                            'title': 'Grain',
                            'type': 'string',
                        },
                        'id': {
                            'maxLength': 100,
                            'minLength': 1,
                            'title': 'Id',
                            'type': 'string',
                        },
                        'name': {
                            'maxLength': 100,
                            'pattern': '^[A-Za-z_][A-Za-z0-9_]*$',
                            'title': 'Name',
                            'type': 'string',
                        },
                        'role': {
                            'enum': [
                                'fact',
                                'dimension',
                                'source',
                            ],
                            'title': 'Role',
                            'type': 'string',
                        },
                        'x': {
                            'anyOf': [
                                {
                                    'type': 'number',
                                },
                                {
                                    'type': 'integer',
                                },
                            ],
                            'ge': 0,
                            'le': 4000,
                            'title': 'X',
                        },
                        'y': {
                            'anyOf': [
                                {
                                    'type': 'number',
                                },
                                {
                                    'type': 'integer',
                                },
                            ],
                            'ge': 0,
                            'le': 4000,
                            'title': 'Y',
                        },
                    },
                    'required': [
                        'id',
                        'name',
                        'role',
                        'grain',
                        'columns',
                        'x',
                        'y',
                    ],
                    'title': 'ModelTable',
                    'type': 'object',
                },
                'NotebookResource': {
                    'additionalProperties': False,
                    'properties': {
                        'id': {
                            'pattern': '^[A-Za-z0-9_-]{1,100}$',
                            'title': 'Id',
                            'type': 'string',
                        },
                        'kind': {
                            'const': 'notebook',
                            'title': 'Kind',
                            'type': 'string',
                        },
                        'notebook_id': {
                            'pattern': '^[A-Za-z0-9_-]{1,100}$',
                            'title': 'Notebook Id',
                            'type': 'string',
                        },
                        'revision': {
                            'maximum': 9007199254740991.0,
                            'minimum': 0.0,
                            'title': 'Revision',
                            'type': 'integer',
                        },
                        'schema_version': {
                            'const': 1,
                            'title': 'Schema Version',
                            'type': 'integer',
                        },
                        'title': {
                            'maxLength': 160,
                            'minLength': 1,
                            'title': 'Title',
                            'type': 'string',
                        },
                    },
                    'required': [
                        'schema_version',
                        'id',
                        'title',
                        'revision',
                        'kind',
                        'notebook_id',
                    ],
                    'title': 'NotebookResource',
                    'type': 'object',
                },
                'Pane': {
                    'additionalProperties': False,
                    'properties': {
                        'active_view_id': {
                            'anyOf': [
                                {
                                    'pattern': '^[A-Za-z0-9_-]{1,100}$',
                                    'type': 'string',
                                },
                                {
                                    'type': 'null',
                                },
                            ],
                            'title': 'Active View Id',
                        },
                        'id': {
                            'pattern': '^[A-Za-z0-9_-]{1,100}$',
                            'title': 'Id',
                            'type': 'string',
                        },
                        'view_ids': {
                            'items': {
                                'pattern': '^[A-Za-z0-9_-]{1,100}$',
                                'type': 'string',
                            },
                            'maxItems': 120,
                            'title': 'View Ids',
                            'type': 'array',
                        },
                        'weight': {
                            'maximum': 4.0,
                            'minimum': 0.25,
                            'title': 'Weight',
                            'type': 'number',
                        },
                    },
                    'required': [
                        'id',
                        'view_ids',
                        'active_view_id',
                        'weight',
                    ],
                    'title': 'Pane',
                    'type': 'object',
                },
                'PipelineEdge': {
                    'additionalProperties': False,
                    'properties': {
                        'source': {
                            'maxLength': 100,
                            'minLength': 1,
                            'title': 'Source',
                            'type': 'string',
                        },
                        'target': {
                            'maxLength': 100,
                            'minLength': 1,
                            'title': 'Target',
                            'type': 'string',
                        },
                    },
                    'required': [
                        'source',
                        'target',
                    ],
                    'title': 'PipelineEdge',
                    'type': 'object',
                },
                'PipelineIR': {
                    'additionalProperties': False,
                    'properties': {
                        'edges': {
                            'items': {
                                '$ref': '#/components/schemas/PipelineEdge',
                            },
                            'maxItems': 120,
                            'title': 'Edges',
                            'type': 'array',
                        },
                        'id': {
                            'maxLength': 100,
                            'minLength': 1,
                            'title': 'Id',
                            'type': 'string',
                        },
                        'schedule': {
                            'anyOf': [
                                {
                                    'maxLength': 100,
                                    'type': 'string',
                                },
                                {
                                    'type': 'null',
                                },
                            ],
                            'title': 'Schedule',
                        },
                        'schema_version': {
                            'const': 1,
                            'title': 'Schema Version',
                            'type': 'integer',
                        },
                        'source_hash': {
                            'pattern': '^[a-f0-9]{64}$',
                            'title': 'Source Hash',
                            'type': 'string',
                        },
                        'tasks': {
                            'items': {
                                '$ref': '#/components/schemas/PipelineTask',
                            },
                            'maxItems': 40,
                            'minItems': 1,
                            'title': 'Tasks',
                            'type': 'array',
                        },
                    },
                    'required': [
                        'schema_version',
                        'id',
                        'schedule',
                        'tasks',
                        'edges',
                        'source_hash',
                    ],
                    'title': 'PipelineIR',
                    'type': 'object',
                },
                'PipelineResource': {
                    'additionalProperties': False,
                    'properties': {
                        'diagnostics': {
                            'items': {
                                'type': 'string',
                            },
                            'maxItems': 20,
                            'title': 'Diagnostics',
                            'type': 'array',
                        },
                        'id': {
                            'pattern': '^[A-Za-z0-9_-]{1,100}$',
                            'title': 'Id',
                            'type': 'string',
                        },
                        'kind': {
                            'const': 'pipeline',
                            'title': 'Kind',
                            'type': 'string',
                        },
                        'last_run_id': {
                            'anyOf': [
                                {
                                    'pattern': '^[A-Za-z0-9_-]{1,100}$',
                                    'type': 'string',
                                },
                                {
                                    'type': 'null',
                                },
                            ],
                            'title': 'Last Run Id',
                        },
                        'last_valid_ir': {
                            'anyOf': [
                                {
                                    '$ref': '#/components/schemas/PipelineIR',
                                },
                                {
                                    'type': 'null',
                                },
                            ],
                        },
                        'revision': {
                            'maximum': 9007199254740991.0,
                            'minimum': 0.0,
                            'title': 'Revision',
                            'type': 'integer',
                        },
                        'schema_version': {
                            'const': 1,
                            'title': 'Schema Version',
                            'type': 'integer',
                        },
                        'source': {
                            'maxLength': 80000,
                            'title': 'Source',
                            'type': 'string',
                        },
                        'title': {
                            'maxLength': 160,
                            'minLength': 1,
                            'title': 'Title',
                            'type': 'string',
                        },
                    },
                    'required': [
                        'schema_version',
                        'id',
                        'title',
                        'revision',
                        'kind',
                        'source',
                    ],
                    'title': 'PipelineResource',
                    'type': 'object',
                },
                'PipelineTask': {
                    'additionalProperties': False,
                    'properties': {
                        'action': {
                            'anyOf': [
                                {
                                    'enum': [
                                        'parse',
                                        'compile',
                                        'run',
                                        'build',
                                        'test',
                                        'seed',
                                    ],
                                    'type': 'string',
                                },
                                {
                                    'type': 'null',
                                },
                            ],
                            'title': 'Action',
                        },
                        'id': {
                            'pattern': '^[A-Za-z_][A-Za-z0-9_]{0,63}$',
                            'title': 'Id',
                            'type': 'string',
                        },
                        'kind': {
                            'enum': [
                                'sql',
                                'quality',
                                'python',
                                'polars',
                                'dbt',
                            ],
                            'title': 'Kind',
                            'type': 'string',
                        },
                        'resource_id': {
                            'anyOf': [
                                {
                                    'maxLength': 100,
                                    'type': 'string',
                                },
                                {
                                    'type': 'null',
                                },
                            ],
                            'title': 'Resource Id',
                        },
                        'retries': {
                            'maximum': 3.0,
                            'minimum': 0.0,
                            'title': 'Retries',
                            'type': 'integer',
                        },
                        'retry_delay': {
                            'anyOf': [
                                {
                                    'type': 'number',
                                },
                                {
                                    'type': 'integer',
                                },
                            ],
                            'ge': 0,
                            'le': 5,
                            'title': 'Retry Delay',
                        },
                        'source': {
                            'maxLength': 40000,
                            'title': 'Source',
                            'type': 'string',
                        },
                    },
                    'required': [
                        'id',
                        'kind',
                        'source',
                        'retries',
                        'retry_delay',
                    ],
                    'title': 'PipelineTask',
                    'type': 'object',
                },
                'Placement': {
                    'additionalProperties': False,
                    'properties': {
                        'domain': {
                            'title': 'Domain',
                            'type': 'string',
                        },
                        'topic': {
                            'title': 'Topic',
                            'type': 'string',
                        },
                    },
                    'required': [
                        'domain',
                        'topic',
                    ],
                    'title': 'Placement',
                    'type': 'object',
                },
                'Point': {
                    'additionalProperties': False,
                    'properties': {
                        'x': {
                            'maximum': 100000.0,
                            'minimum': -100000.0,
                            'title': 'X',
                            'type': 'number',
                        },
                        'y': {
                            'maximum': 100000.0,
                            'minimum': -100000.0,
                            'title': 'Y',
                            'type': 'number',
                        },
                    },
                    'required': [
                        'x',
                        'y',
                    ],
                    'title': 'Point',
                    'type': 'object',
                },
                'ProjectFile': {
                    'additionalProperties': False,
                    'properties': {
                        'path': {
                            'title': 'Path',
                            'type': 'string',
                        },
                        'source': {
                            'maxLength': 100000,
                            'title': 'Source',
                            'type': 'string',
                        },
                    },
                    'required': [
                        'path',
                        'source',
                    ],
                    'title': 'ProjectFile',
                    'type': 'object',
                },
                'Recommendation': {
                    'additionalProperties': False,
                    'properties': {
                        'rank': {
                            'title': 'Rank',
                            'type': 'integer',
                        },
                        'reason': {
                            'title': 'Reason',
                            'type': 'string',
                        },
                    },
                    'required': [
                        'rank',
                        'reason',
                    ],
                    'title': 'Recommendation',
                    'type': 'object',
                },
                'Relationship': {
                    'additionalProperties': False,
                    'properties': {
                        'cardinality': {
                            'enum': [
  -                             'one-to-many',
                                'many-to-one',
                                'one-to-one',
  +                             'one-to-many',
                                'many-to-many',
                            ],
                            'title': 'Cardinality',
                            'type': 'string',
                        },
  +                     'fromColumn': {
  +                         'maxLength': 100,
  +                         'minLength': 1,
  +                         'title': 'Fromcolumn',
  +                         'type': 'string',
  +                     },
  +                     'fromTable': {
  +                         'maxLength': 100,
  +                         'minLength': 1,
  +                         'title': 'Fromtable',
  +                         'type': 'string',
  +                     },
                        'id': {
  -                         'pattern': '^[A-Za-z0-9_-]{1,100}$',
  +                         'maxLength': 100,
  +                         'minLength': 1,
                            'title': 'Id',
                            'type': 'string',
                        },
  -                     'source': {
  -                         'pattern': '^[A-Za-z0-9_-]{1,100}$',
  -                         'title': 'Source',
  -                         'type': 'string',
  -                     },
  -                     'source_column': {
  ?                      ^ ^^^^^^
  +                     'toColumn': {
  ?                      ^ ^
  -                         'pattern': '^[A-Za-z0-9_-]{1,100}$',
  +                         'maxLength': 100,
  +                         'minLength': 1,
  -                         'title': 'Source Column',
  ?                                   ^ -- ---
  +                         'title': 'Tocolumn',
  ?                                   ^
                            'type': 'string',
                        },
  -                     'target': {
  ?                        ^^ -
  +                     'toTable': {
  ?                       ++ ^^
  -                         'pattern': '^[A-Za-z0-9_-]{1,100}$',
  +                         'maxLength': 100,
  +                         'minLength': 1,
  -                         'title': 'Target',
  ?                                     ^^ -
  +                         'title': 'Totable',
  ?                                    ++ ^^
  -                         'type': 'string',
  -                     },
  -                     'target_column': {
  -                         'pattern': '^[A-Za-z0-9_-]{1,100}$',
  -                         'title': 'Target Column',
                            'type': 'string',
                        },
                    },
                    'required': [
                        'id',
  -                     'source',
  ?                      ^ ^^^
  +                     'fromTable',
  ?                      ^^ ^^^^^
  -                     'source_column',
  ?                      ^ ^^^^^^
  +                     'fromColumn',
  ?                      ^^ ^^
  -                     'target',
  ?                        ^^ -
  +                     'toTable',
  ?                       ++ ^^
  -                     'target_column',
  ?                       ^^^^^^^
  +                     'toColumn',
  ?                       ^^
                        'cardinality',
                    ],
                    'title': 'Relationship',
                    'type': 'object',
                },
                'ResourceMigration': {
                    'additionalProperties': False,
                    'properties': {
                        'fingerprint': {
                            'maxLength': 100,
                            'title': 'Fingerprint',
                            'type': 'string',
                        },
                        'message': {
                            'maxLength': 4000,
                            'title': 'Message',
                            'type': 'string',
                        },
                        'notebook_id': {
                            'pattern': '^[A-Za-z0-9_-]{1,100}$',
                            'title': 'Notebook Id',
                            'type': 'string',
                        },
                        'resources': {
                            'additionalProperties': {
                                'pattern': '^[A-Za-z0-9_-]{1,100}$',
                                'type': 'string',
                            },
                            'maxProperties': 12,
                            'title': 'Resources',
                            'type': 'object',
                        },
                        'status': {
                            'enum': [
                                'migrated',
                                'recovery',
                            ],
                            'title': 'Status',
                            'type': 'string',
                        },
                    },
                    'required': [
                        'notebook_id',
                        'fingerprint',
                        'status',
                        'resources',
                        'message',
                    ],
                    'title': 'ResourceMigration',
                    'type': 'object',
                },
                'ReviewRequest': {
                    'additionalProperties': False,
                    'properties': {
                        'confidence': {
                            'default': 'low',
                            'enum': [
                                'low',
                                'medium',
                                'high',
                            ],
                            'title': 'Confidence',
                            'type': 'string',
                        },
                        'difficulty': {
                            'default': 'easy',
                            'enum': [
                                'easy',
                                'medium',
                                'hard',
                            ],
                            'title': 'Difficulty',
                            'type': 'string',
                        },
                        'review': {
                            'title': 'Review',
                            'type': 'boolean',
                        },
                        'revision': {
                            'minimum': 0.0,
                            'title': 'Revision',
                            'type': 'integer',
                        },
                    },
                    'required': [
                        'revision',
                        'review',
                    ],
                    'title': 'ReviewRequest',
                    'type': 'object',
                },
                'RootWorkbench': {
                    'additionalProperties': False,
                    'properties': {
                        'active_pane_id': {
                            'pattern': '^[A-Za-z0-9_-]{1,100}$',
                            'title': 'Active Pane Id',
                            'type': 'string',
                        },
                        'direction': {
                            'enum': [
                                'horizontal',
                                'vertical',
                            ],
                            'title': 'Direction',
                            'type': 'string',
                        },
                        'migrations': {
                            'items': {
                                '$ref': '#/components/schemas/ResourceMigration',
                            },
                            'maxItems': 300,
                            'title': 'Migrations',
                            'type': 'array',
                        },
                        'panes': {
                            'items': {
                                '$ref': '#/components/schemas/Pane',
                            },
                            'maxItems': 3,
                            'minItems': 1,
                            'title': 'Panes',
                            'type': 'array',
                        },
                        'persona': {
                            'enum': [
                                'neutral',
                                'fabric',
                                'warehouse',
                            ],
                            'title': 'Persona',
                            'type': 'string',
                        },
                        'resource_schema_version': {
                            'const': 2,
                            'default': 2,
                            'title': 'Resource Schema Version',
                            'type': 'integer',
                        },
                        'resources': {
                            'items': {
                                'discriminator': {
                                    'mapping': {
                                        'catalog': '#/components/schemas/CatalogResource',
                                        'chart-board': '#/components/schemas/ChartBoardResource',
                                        'data-model': '#/components/schemas/DataModelResource',
                                        'dbt-project': '#/components/schemas/DbtProjectResource',
                                        'evidence': '#/components/schemas/EvidenceResource',
                                        'exercise': '#/components/schemas/ExerciseResource',
                                        'figure': '#/components/schemas/FigureResource',
                                        'lineage': '#/components/schemas/LineageResource',
                                        'model-design': '#/components/schemas/ModelDesignResource',
                                        'notebook': '#/components/schemas/NotebookResource',
                                        'pipeline': '#/components/schemas/PipelineResource',
                                        'workflow': '#/components/schemas/WorkflowResource',
                                    },
                                    'propertyName': 'kind',
                                },
                                'oneOf': [
                                    {
                                        '$ref': '#/components/schemas/NotebookResource',
                                    },
                                    {
                                        '$ref': '#/components/schemas/CatalogResource',
                                    },
                                    {
                                        '$ref': '#/components/schemas/EvidenceResource',
                                    },
                                    {
                                        '$ref': '#/components/schemas/WorkflowResource',
                                    },
                                    {
                                        '$ref': '#/components/schemas/LineageResource',
                                    },
                                    {
                                        '$ref': '#/components/schemas/DataModelResource',
                                    },
                                    {
                                        '$ref': '#/components/schemas/DbtProjectResource',
                                    },
                                    {
                                        '$ref': '#/components/schemas/ModelDesignResource',
                                    },
                                    {
                                        '$ref': '#/components/schemas/ChartBoardResource',
                                    },
                                    {
                                        '$ref': '#/components/schemas/PipelineResource',
                                    },
                                    {
                                        '$ref': '#/components/schemas/FigureResource',
                                    },
                                    {
                                        '$ref': '#/components/schemas/ExerciseResource',
                                    },
                                ],
                            },
                            'maxItems': 60,
                            'title': 'Resources',
                            'type': 'array',
                        },
                        'schema_version': {
                            'const': 1,
                            'title': 'Schema Version',
                            'type': 'integer',
                        },
                        'ui': {
                            '$ref': '#/components/schemas/StudioUI',
                        },
                        'views': {
                            'items': {
                                '$ref': '#/components/schemas/ViewInstance',
                            },
                            'maxItems': 120,
                            'title': 'Views',
                            'type': 'array',
                        },
                    },
                    'required': [
                        'schema_version',
                        'resources',
                        'views',
                        'panes',
                        'active_pane_id',
                        'persona',
                        'direction',
                    ],
                    'title': 'RootWorkbench',
                    'type': 'object',
                },
                'RowValidation': {
                    'additionalProperties': False,
                    'properties': {
                        'absolute_tolerance': {
                            'default': 1e-08,
                            'minimum': 0.0,
                            'title': 'Absolute Tolerance',
                            'type': 'number',
                        },
                        'aggregates': {
                            'additionalProperties': {
                                'enum': [
                                    'sum',
                                    'count',
                                    'min',
                                    'max',
                                ],
                                'type': 'string',
                            },
                            'title': 'Aggregates',
                            'type': 'object',
                        },
                        'duplicate_sensitive': {
                            'default': True,
                            'title': 'Duplicate Sensitive',
                            'type': 'boolean',
                        },
                        'exact_schema': {
                            'anyOf': [
                                {
                                    'items': {
                                        'type': 'string',
                                    },
                                    'type': 'array',
                                },
                                {
                                    'type': 'null',
                                },
                            ],
                            'title': 'Exact Schema',
                        },
                        'forbidden_extra_columns': {
                            'default': True,
                            'title': 'Forbidden Extra Columns',
                            'type': 'boolean',
                        },
                        'kind': {
                            'const': 'rows',
                            'default': 'rows',
                            'title': 'Kind',
                            'type': 'string',
                        },
                        'null_semantics': {
                            'default': 'equal',
                            'enum': [
                                'equal',
                                'forbidden',
                            ],
                            'title': 'Null Semantics',
                            'type': 'string',
                        },
                        'ordered': {
                            'default': False,
                            'title': 'Ordered',
                            'type': 'boolean',
                        },
                        'relative_tolerance': {
                            'default': 1e-09,
                            'minimum': 0.0,
                            'title': 'Relative Tolerance',
                            'type': 'number',
                        },
                        'required_columns': {
                            'items': {
                                'type': 'string',
                            },
                            'title': 'Required Columns',
                            'type': 'array',
                        },
                        'row_count': {
                            'anyOf': [
                                {
                                    'minimum': 0.0,
                                    'type': 'integer',
                                },
                                {
                                    'type': 'null',
                                },
                            ],
                            'title': 'Row Count',
                        },
                        'source_contract': {
                            'anyOf': [
                                {
                                    'const': 'python-function-solve',
                                    'type': 'string',
                                },
                                {
                                    'type': 'null',
                                },
                            ],
                            'title': 'Source Contract',
                        },
                    },
                    'title': 'RowValidation',
                    'type': 'object',
                },
                'RunWorkflow': {
                    'additionalProperties': False,
                    'properties': {
                        'aqe': {
                            'default': True,
                            'title': 'Aqe',
                            'type': 'boolean',
                        },
                        'notebook_id': {
                            'default': 'case-notebook',
                            'maxLength': 100,
                            'minLength': 1,
                            'pattern': '^[A-Za-z0-9_-]+$',
                            'title': 'Notebook Id',
                            'type': 'string',
                        },
                        'overrides': {
                            'additionalProperties': {
                                'type': 'string',
                            },
                            'title': 'Overrides',
                            'type': 'object',
                        },
                        'profile': {
                            'default': 'generic_8x8',
                            'maxLength': 80,
                            'title': 'Profile',
                            'type': 'string',
                        },
                    },
                    'title': 'RunWorkflow',
                    'type': 'object',
                },
                'RuntimeIdentity': {
                    'additionalProperties': False,
                    'properties': {
                        'adapter': {
                            'title': 'Adapter',
                            'type': 'string',
                        },
                        'engine': {
                            'title': 'Engine',
                            'type': 'string',
                        },
                        'engine_version': {
                            'title': 'Engine Version',
                            'type': 'string',
                        },
                        'session_generation': {
                            'title': 'Session Generation',
                            'type': 'string',
                        },
                    },
                    'required': [
                        'adapter',
                        'engine',
                        'engine_version',
                        'session_generation',
                    ],
                    'title': 'RuntimeIdentity',
                    'type': 'object',
                },
                'SaveNotebook': {
                    'additionalProperties': False,
                    'properties': {
                        'notebook': {
                            'additionalProperties': True,
                            'title': 'Notebook',
                            'type': 'object',
                        },
                        'revision': {
                            'minimum': 0.0,
                            'title': 'Revision',
                            'type': 'integer',
                        },
                    },
                    'required': [
                        'revision',
                        'notebook',
                    ],
                    'title': 'SaveNotebook',
                    'type': 'object',
                },
                'SaveWorkbench': {
                    'additionalProperties': False,
                    'properties': {
                        'revision': {
                            'minimum': 0.0,
                            'title': 'Revision',
                            'type': 'integer',
                        },
                        'workbench': {
                            '$ref': '#/components/schemas/RootWorkbench',
                        },
                    },
                    'required': [
                        'revision',
                        'workbench',
                    ],
                    'title': 'SaveWorkbench',
                    'type': 'object',
                },
                'ScdState': {
                    'additionalProperties': False,
                    'properties': {
                        'answer': {
                            'maxLength': 100,
                            'title': 'Answer',
                            'type': 'string',
                        },
                        'step': {
                            'maximum': 5.0,
                            'minimum': 0.0,
                            'title': 'Step',
                            'type': 'integer',
                        },
                        'type': {
                            'enum': [
                                1,
                                2,
                                3,
                            ],
                            'title': 'Type',
                            'type': 'integer',
                        },
                    },
                    'required': [
                        'type',
                        'step',
                        'answer',
                    ],
                    'title': 'ScdState',
                    'type': 'object',
                },
                'Section': {
                    'additionalProperties': False,
                    'properties': {
                        'body': {
                            'title': 'Body',
                            'type': 'string',
                        },
                        'title': {
                            'title': 'Title',
                            'type': 'string',
                        },
                    },
                    'required': [
                        'title',
                        'body',
                    ],
                    'title': 'Section',
                    'type': 'object',
                },
                'SemanticExercise': {
                    'additionalProperties': False,
                    'properties': {
                        'figure_family': {
                            'anyOf': [
                                {
                                    'enum': [
                                        'join',
                                        'partitions',
                                        'workflow',
                                        'lineage',
                                    ],
                                    'type': 'string',
                                },
                                {
                                    'type': 'null',
                                },
                            ],
                            'title': 'Figure Family',
                        },
                        'id': {
                            'title': 'Id',
                            'type': 'string',
                        },
                        'industry': {
                            'title': 'Industry',
                            'type': 'string',
                        },
                        'learning_objectives': {
                            'items': {
                                'type': 'string',
                            },
                            'title': 'Learning Objectives',
                            'type': 'array',
                        },
                        'optimization': {
                            'title': 'Optimization',
                            'type': 'string',
                        },
                        'reflection': {
                            'title': 'Reflection',
                            'type': 'string',
                        },
                        'supported_operations': {
                            'items': {
                                'type': 'string',
                            },
                            'title': 'Supported Operations',
                            'type': 'array',
                        },
                        'variants': {
                            'additionalProperties': {
                                'type': 'string',
                            },
                            'title': 'Variants',
                            'type': 'object',
                        },
                        'version': {
                            'title': 'Version',
                            'type': 'string',
                        },
                    },
                    'required': [
                        'id',
                        'version',
                        'industry',
                        'learning_objectives',
                        'variants',
                        'supported_operations',
                        'optimization',
                        'reflection',
                    ],
                    'title': 'SemanticExercise',
                    'type': 'object',
                },
                'Snapshot': {
                    'additionalProperties': False,
                    'properties': {
                        'columns': {
                            'items': {
                                'type': 'string',
                            },
                            'maxItems': 100,
                            'title': 'Columns',
                            'type': 'array',
                        },
                        'importedAt': {
                            'anyOf': [
                                {
                                    'maxLength': 100,
                                    'type': 'string',
                                },
                                {
                                    'type': 'null',
                                },
                            ],
                            'title': 'Importedat',
                        },
                        'label': {
                            'maxLength': 200,
                            'title': 'Label',
                            'type': 'string',
                        },
                        'origin': {
                            'enum': [
                                'sample',
                                'imported',
                                'real_local',
                            ],
                            'title': 'Origin',
                            'type': 'string',
                        },
                        'query': {
                            'maxLength': 100000,
                            'title': 'Query',
                            'type': 'string',
                        },
                        'rows': {
                            'items': {
                                'additionalProperties': {
                                    'anyOf': [
                                        {
                                            'type': 'string',
                                        },
                                        {
                                            'type': 'integer',
                                        },
                                        {
                                            'type': 'number',
                                        },
                                        {
                                            'type': 'boolean',
                                        },
                                        {
                                            'type': 'null',
                                        },
                                    ],
                                },
                                'type': 'object',
                            },
                            'maxItems': 1000,
                            'title': 'Rows',
                            'type': 'array',
                        },
                        'run_id': {
                            'anyOf': [
                                {
                                    'maxLength': 100,
                                    'type': 'string',
                                },
                                {
                                    'type': 'null',
                                },
                            ],
                            'title': 'Run Id',
                        },
                        'workspace_id': {
                            'anyOf': [
                                {
                                    'maxLength': 100,
                                    'type': 'string',
                                },
                                {
                                    'type': 'null',
                                },
                            ],
                            'title': 'Workspace Id',
                        },
                    },
                    'required': [
                        'label',
                        'columns',
                        'rows',
                        'origin',
                        'query',
                    ],
                    'title': 'Snapshot',
                    'type': 'object',
                },
                'SolutionMetadata': {
                    'additionalProperties': False,
                    'properties': {
                        'available': {
                            'title': 'Available',
                            'type': 'boolean',
                        },
                        'reveal': {
                            'const': 'explicit',
                            'title': 'Reveal',
                            'type': 'string',
                        },
                    },
                    'required': [
                        'available',
                        'reveal',
                    ],
                    'title': 'SolutionMetadata',
                    'type': 'object',
                },
                'SparkRemoteRun': {
                    'additionalProperties': False,
                    'properties': {
                        'code': {
                            'maxLength': 20000,
                            'minLength': 1,
                            'title': 'Code',
                            'type': 'string',
                        },
                        'collect_limit': {
                            'default': 100,
                            'maximum': 200.0,
                            'minimum': 1.0,
                            'title': 'Collect Limit',
                            'type': 'integer',
                        },
                        'notebook_id': {
                            'default': 'case-notebook',
                            'maxLength': 100,
                            'minLength': 1,
                            'pattern': '^[A-Za-z0-9_-]+$',
                            'title': 'Notebook Id',
                            'type': 'string',
                        },
                    },
                    'required': [
                        'code',
                    ],
                    'title': 'SparkRemoteRun',
                    'type': 'object',
                },
                'StartDbt': {
                    'additionalProperties': False,
                    'properties': {
                        'action': {
                            'default': 'build',
                            'enum': [
                                'parse',
                                'compile',
                                'seed',
                                'run',
                                'build',
                                'test',
                            ],
                            'title': 'Action',
                            'type': 'string',
                        },
                        'resource_id': {
                            'pattern': '^[A-Za-z0-9_-]{1,100}$',
                            'title': 'Resource Id',
                            'type': 'string',
                        },
                        'resource_revision': {
                            'maximum': 9007199254740991.0,
                            'minimum': 0.0,
                            'title': 'Resource Revision',
                            'type': 'integer',
                        },
                        'select': {
                            'default': '',
                            'maxLength': 200,
                            'title': 'Select',
                            'type': 'string',
                        },
                        'workspace_revision': {
                            'maximum': 9007199254740991.0,
                            'minimum': 0.0,
                            'title': 'Workspace Revision',
                            'type': 'integer',
                        },
                    },
                    'required': [
                        'resource_id',
                        'resource_revision',
                        'workspace_revision',
                    ],
                    'title': 'StartDbt',
                    'type': 'object',
                },
                'StartJob': {
                    'additionalProperties': False,
                    'properties': {
                        'resource_id': {
                            'pattern': '^[A-Za-z0-9_-]{1,100}$',
                            'title': 'Resource Id',
                            'type': 'string',
                        },
                        'resource_revision': {
                            'maximum': 9007199254740991.0,
                            'minimum': 0.0,
                            'title': 'Resource Revision',
                            'type': 'integer',
                        },
                        'workspace_revision': {
                            'maximum': 9007199254740991.0,
                            'minimum': 0.0,
                            'title': 'Workspace Revision',
                            'type': 'integer',
                        },
                    },
                    'required': [
                        'resource_id',
                        'resource_revision',
                        'workspace_revision',
                    ],
                    'title': 'StartJob',
                    'type': 'object',
                },
                'StudioUI': {
                    'additionalProperties': False,
                    'properties': {
                        'context_open': {
                            'default': False,
                            'title': 'Context Open',
                            'type': 'boolean',
                        },
                        'explorer_open': {
                            'default': True,
                            'title': 'Explorer Open',
                            'type': 'boolean',
                        },
                        'skin': {
                            'default': 'studio',
                            'enum': [
                                'studio',
                                'fabric',
                                'databricks',
                                'arena',
                            ],
                            'title': 'Skin',
                            'type': 'string',
                        },
                        'theme': {
                            'default': 'fluent',
                            'enum': [
                                'fluent',
                                'neutral',
                                'dark',
                            ],
                            'title': 'Theme',
                            'type': 'string',
                        },
                    },
                    'title': 'StudioUI',
                    'type': 'object',
                },
                'ValidationError': {
                    'properties': {
                        'ctx': {
                            'title': 'Context',
                            'type': 'object',
                        },
                        'input': {
                            'title': 'Input',
                        },
                        'loc': {
                            'items': {
                                'anyOf': [
                                    {
                                        'type': 'string',
                                    },
                                    {
                                        'type': 'integer',
                                    },
                                ],
                            },
                            'title': 'Location',
                            'type': 'array',
                        },
                        'msg': {
                            'title': 'Message',
                            'type': 'string',
                        },
                        'type': {
                            'title': 'Error Type',
                            'type': 'string',
                        },
                    },
                    'required': [
                        'loc',
                        'msg',
                        'type',
                    ],
                    'title': 'ValidationError',
                    'type': 'object',
                },
                'VersionRef': {
                    'additionalProperties': False,
                    'properties': {
                        'id': {
                            'title': 'Id',
                            'type': 'string',
                        },
                        'version': {
                            'title': 'Version',
                            'type': 'string',
                        },
                    },
                    'required': [
                        'id',
                        'version',
                    ],
                    'title': 'VersionRef',
                    'type': 'object',
                },
                'ViewInstance': {
                    'additionalProperties': False,
                    'properties': {
                        'id': {
                            'pattern': '^[A-Za-z0-9_-]{1,100}$',
                            'title': 'Id',
                            'type': 'string',
                        },
                        'mode': {
                            'enum': [
                                'visual',
                                'spec',
                            ],
                            'title': 'Mode',
                            'type': 'string',
                        },
                        'positions': {
                            'maxProperties': 200,
                            'patternProperties': {
                                '^[A-Za-z0-9_-]{1,100}$': {
                                    '$ref': '#/components/schemas/Point',
                                },
                            },
                            'title': 'Positions',
                            'type': 'object',
                        },
                        'resource_id': {
                            'pattern': '^[A-Za-z0-9_-]{1,100}$',
                            'title': 'Resource Id',
                            'type': 'string',
                        },
                        'selected_edge': {
                            'anyOf': [
                                {
                                    'pattern': '^[A-Za-z0-9_-]{1,100}$',
                                    'type': 'string',
                                },
                                {
                                    'type': 'null',
                                },
                            ],
                            'title': 'Selected Edge',
                        },
                        'selected_node': {
                            'anyOf': [
                                {
                                    'pattern': '^[A-Za-z0-9_-]{1,100}$',
                                    'type': 'string',
                                },
                                {
                                    'type': 'null',
                                },
                            ],
                            'title': 'Selected Node',
                        },
                        'state': {
                            'additionalProperties': {
                                'anyOf': [
                                    {
                                        'type': 'string',
                                    },
                                    {
                                        'type': 'integer',
                                    },
                                    {
                                        'type': 'number',
                                    },
                                    {
                                        'type': 'boolean',
                                    },
                                    {
                                        'type': 'null',
                                    },
                                ],
                            },
                            'maxProperties': 20,
                            'title': 'State',
                            'type': 'object',
                        },
                        'viewport': {
                            'anyOf': [
                                {
                                    '$ref': '#/components/schemas/Viewport',
                                },
                                {
                                    'type': 'null',
                                },
                            ],
                        },
                    },
                    'required': [
                        'id',
                        'resource_id',
                        'mode',
                        'positions',
                        'viewport',
                        'selected_node',
                        'selected_edge',
                    ],
                    'title': 'ViewInstance',
                    'type': 'object',
                },
                'Viewport': {
                    'additionalProperties': False,
                    'properties': {
                        'x': {
                            'maximum': 100000.0,
                            'minimum': -100000.0,
                            'title': 'X',
                            'type': 'number',
                        },
                        'y': {
                            'maximum': 100000.0,
                            'minimum': -100000.0,
                            'title': 'Y',
                            'type': 'number',
                        },
                        'zoom': {
                            'maximum': 3.0,
                            'minimum': 0.2,
                            'title': 'Zoom',
                            'type': 'number',
                        },
                    },
                    'required': [
                        'x',
                        'y',
                        'zoom',
                    ],
                    'title': 'Viewport',
                    'type': 'object',
                },
                'VisibleCheck': {
                    'additionalProperties': False,
                    'properties': {
                        'description': {
                            'title': 'Description',
                            'type': 'string',
                        },
                        'id': {
                            'title': 'Id',
                            'type': 'string',
                        },
                    },
                    'required': [
                        'id',
                        'description',
                    ],
                    'title': 'VisibleCheck',
                    'type': 'object',
                },
                'WorkflowResource': {
                    'additionalProperties': False,
                    'properties': {
                        'dependencies': {
                            'items': {
                                '$ref': '#/components/schemas/Dependency',
                            },
                            'maxItems': 500,
                            'title': 'Dependencies',
                            'type': 'array',
                        },
                        'id': {
                            'pattern': '^[A-Za-z0-9_-]{1,100}$',
                            'title': 'Id',
                            'type': 'string',
                        },
                        'kind': {
                            'const': 'workflow',
                            'title': 'Kind',
                            'type': 'string',
                        },
                        'revision': {
                            'maximum': 9007199254740991.0,
                            'minimum': 0.0,
                            'title': 'Revision',
                            'type': 'integer',
                        },
                        'schema_version': {
                            'const': 1,
                            'title': 'Schema Version',
                            'type': 'integer',
                        },
                        'tasks': {
                            'items': {
                                '$ref': '#/components/schemas/WorkflowTask',
                            },
                            'maxItems': 200,
                            'title': 'Tasks',
                            'type': 'array',
                        },
                        'title': {
                            'maxLength': 160,
                            'minLength': 1,
                            'title': 'Title',
                            'type': 'string',
                        },
                    },
                    'required': [
                        'schema_version',
                        'id',
                        'title',
                        'revision',
                        'kind',
                        'tasks',
                        'dependencies',
                    ],
                    'title': 'WorkflowResource',
                    'type': 'object',
                },
                'WorkflowTask': {
                    'additionalProperties': False,
                    'properties': {
                        'id': {
                            'pattern': '^[A-Za-z0-9_-]{1,100}$',
                            'title': 'Id',
                            'type': 'string',
                        },
                        'label': {
                            'maxLength': 160,
                            'minLength': 1,
                            'title': 'Label',
                            'type': 'string',
                        },
                        'notebook_resource_id': {
                            'anyOf': [
                                {
                                    'pattern': '^[A-Za-z0-9_-]{1,100}$',
                                    'type': 'string',
                                },
                                {
                                    'type': 'null',
                                },
                            ],
                            'title': 'Notebook Resource Id',
                        },
                        'runtime': {
                            'enum': [
                                'local.sql',
                                'local.sparklab',
                                'local.python',
                                'local.polars',
                                'local.dbt',
                                'remote.motherduck',
                            ],
                            'title': 'Runtime',
                            'type': 'string',
                        },
                    },
                    'required': [
                        'id',
                        'label',
                        'runtime',
                        'notebook_resource_id',
                    ],
                    'title': 'WorkflowTask',
                    'type': 'object',
                },
  -             'apps__api__datapass__analytics_contracts__Relationship': {
  -                 'additionalProperties': False,
  -                 'properties': {
  -                     'cardinality': {
  -                         'enum': [
  -                             'many-to-one',
  -                             'one-to-one',
  -                             'one-to-many',
  -                             'many-to-many',
  -                         ],
  -                         'title': 'Cardinality',
  -                         'type': 'string',
  -                     },
  -                     'fromColumn': {
  -                         'maxLength': 100,
  -                         'minLength': 1,
  -                         'title': 'Fromcolumn',
  -                         'type': 'string',
  -                     },
  -                     'fromTable': {
  -                         'maxLength': 100,
  -                         'minLength': 1,
  -                         'title': 'Fromtable',
  -                         'type': 'string',
  -                     },
  -                     'id': {
  -                         'maxLength': 100,
  -                         'minLength': 1,
  -                         'title': 'Id',
  -                         'type': 'string',
  -                     },
  -                     'toColumn': {
  -                         'maxLength': 100,
  -                         'minLength': 1,
  -                         'title': 'Tocolumn',
  -                         'type': 'string',
  -                     },
  -                     'toTable': {
  -                         'maxLength': 100,
  -                         'minLength': 1,
  -                         'title': 'Totable',
  -                         'type': 'string',
  -                     },
  -                 },
  -                 'required': [
  -                     'id',
  -                     'fromTable',
  -                     'fromColumn',
  -                     'toTable',
  -                     'toColumn',
  -                     'cardinality',
  -                 ],
  -                 'title': 'Relationship',
  -                 'type': 'object',
  -             },
                'apps__api__datapass__foundation__ModelTable': {
                    'additionalProperties': False,
                    'properties': {
                        'asset_ref': {
                            'anyOf': [
                                {
                                    'maxLength': 160,
                                    'minLength': 1,
                                    'type': 'string',
                                },
                                {
                                    'type': 'null',
                                },
                            ],
                            'title': 'Asset Ref',
                        },
                        'columns': {
                            'items': {
                                '$ref': '#/components/schemas/ModelColumn',
                            },
                            'maxItems': 200,
                            'title': 'Columns',
                            'type': 'array',
                        },
                        'grain': {
                            'maxLength': 2000,
                            'title': 'Grain',
                            'type': 'string',
                        },
                        'id': {
                            'pattern': '^[A-Za-z0-9_-]{1,100}$',
                            'title': 'Id',
                            'type': 'string',
                        },
                        'label': {
                            'maxLength': 160,
                            'minLength': 1,
                            'title': 'Label',
                            'type': 'string',
                        },
                        'role': {
                            'enum': [
                                'fact',
                                'dimension',
                                'table',
                            ],
                            'title': 'Role',
                            'type': 'string',
                        },
                        'scd': {
                            'enum': [
                                0,
                                1,
                                2,
                                3,
                            ],
                            'title': 'Scd',
                            'type': 'integer',
                        },
                    },
                    'required': [
                        'id',
                        'label',
                        'asset_ref',
                        'grain',
                        'role',
                        'scd',
                        'columns',
                    ],
                    'title': 'ModelTable',
  +                 'type': 'object',
  +             },
  +             'apps__api__datapass__foundation__Relationship': {
  +                 'additionalProperties': False,
  +                 'properties': {
  +                     'cardinality': {
  +                         'enum': [
  +                             'one-to-many',
  +                             'many-to-one',
  +                             'one-to-one',
  +                             'many-to-many',
  +                         ],
  +                         'title': 'Cardinality',
  +                         'type': 'string',
  +                     },
  +                     'id': {
  +                         'pattern': '^[A-Za-z0-9_-]{1,100}$',
  +                         'title': 'Id',
  +                         'type': 'string',
  +                     },
  +                     'source': {
  +                         'pattern': '^[A-Za-z0-9_-]{1,100}$',
  +                         'title': 'Source',
  +                         'type': 'string',
  +                     },
  +                     'source_column': {
  +                         'pattern': '^[A-Za-z0-9_-]{1,100}$',
  +                         'title': 'Source Column',
  +                         'type': 'string',
  +                     },
  +                     'target': {
  +                         'pattern': '^[A-Za-z0-9_-]{1,100}$',
  +                         'title': 'Target',
  +                         'type': 'string',
  +                     },
  +                     'target_column': {
  +                         'pattern': '^[A-Za-z0-9_-]{1,100}$',
  +                         'title': 'Target Column',
  +                         'type': 'string',
  +                     },
  +                 },
  +                 'required': [
  +                     'id',
  +                     'source',
  +                     'source_column',
  +                     'target',
  +                     'target_column',
  +                     'cardinality',
  +                 ],
  +                 'title': 'Relationship',
                    'type': 'object',
                },
            },
        },
        'info': {
            'title': 'Datapass Studio Root',
            'version': '0.1.0',
        },
        'openapi': '3.1.0',
        'paths': {
            '/': {
                'get': {
                    'operationId': 'unbuilt__get',
                    'responses': {
                        '200': {
                            'content': {
                                'application/json': {
                                    'schema': {},
                                },
                            },
                            'description': 'Successful Response',
                        },
                    },
                    'summary': 'Unbuilt',
                },
            },
            '/api/airflow/capabilities': {
                'get': {
                    'operationId': 'airflow_capabilities_api_airflow_capabilities_get',
                    'responses': {
                        '200': {
                            'content': {
                                'application/json': {
                                    'schema': {},
                                },
                            },
                            'description': 'Successful Response',
                        },
                    },
                    'summary': 'Airflow Capabilities',
                },
            },
            '/api/airflow/runs': {
                'post': {
                    'operationId': 'airflow_run_api_airflow_runs_post',
                    'requestBody': {
                        'content': {
                            'application/json': {
                                'schema': {
                                    '$ref': '#/components/schemas/AirflowRemoteRun',
                                },
                            },
                        },
                        'required': True,
                    },
                    'responses': {
                        '202': {
                            'content': {
                                'application/json': {
                                    'schema': {},
                                },
                            },
                            'description': 'Successful Response',
                        },
                        '422': {
                            'content': {
                                'application/json': {
                                    'schema': {
                                        '$ref': '#/components/schemas/HTTPValidationError',
                                    },
                                },
                            },
                            'description': 'Validation Error',
                        },
                    },
                    'summary': 'Airflow Run',
                },
            },
            '/api/airflow/runs/{run_id}': {
                'get': {
                    'operationId': 'airflow_status_api_airflow_runs__run_id__get',
                    'parameters': [
                        {
                            'in': 'path',
                            'name': 'run_id',
                            'required': True,
                            'schema': {
                                'title': 'Run Id',
                                'type': 'integer',
                            },
                        },
                    ],
                    'responses': {
                        '200': {
                            'content': {
                                'application/json': {
                                    'schema': {},
                                },
                            },
                            'description': 'Successful Response',
                        },
                        '422': {
                            'content': {
                                'application/json': {
                                    'schema': {
                                        '$ref': '#/components/schemas/HTTPValidationError',
                                    },
                                },
                            },
                            'description': 'Validation Error',
                        },
                    },
                    'summary': 'Airflow Status',
                },
            },
            '/api/airflow/runs/{run_id}/result/{request_id}': {
                'get': {
                    'operationId': 'airflow_result_api_airflow_runs__run_id__result__request_id__get',
                    'parameters': [
                        {
                            'in': 'path',
                            'name': 'run_id',
                            'required': True,
                            'schema': {
                                'title': 'Run Id',
                                'type': 'integer',
                            },
                        },
                        {
                            'in': 'path',
                            'name': 'request_id',
                            'required': True,
                            'schema': {
                                'title': 'Request Id',
                                'type': 'string',
                            },
                        },
                    ],
                    'responses': {
                        '200': {
                            'content': {
                                'application/json': {
                                    'schema': {},
                                },
                            },
                            'description': 'Successful Response',
                        },
                        '422': {
                            'content': {
                                'application/json': {
                                    'schema': {
                                        '$ref': '#/components/schemas/HTTPValidationError',
                                    },
                                },
                            },
                            'description': 'Validation Error',
                        },
                    },
                    'summary': 'Airflow Result',
                },
            },
            '/api/cases': {
                'get': {
                    'operationId': 'list_cases_api_cases_get',
                    'responses': {
                        '200': {
                            'content': {
                                'application/json': {
                                    'schema': {},
                                },
                            },
                            'description': 'Successful Response',
                        },
                    },
                    'summary': 'List Cases',
                },
            },
            '/api/exercise-packs': {
                'get': {
                    'operationId': 'list_exercise_packs_api_exercise_packs_get',
                    'responses': {
                        '200': {
                            'content': {
                                'application/json': {
                                    'schema': {},
                                },
                            },
                            'description': 'Successful Response',
                        },
                    },
                    'summary': 'List Exercise Packs',
                },
            },
            '/api/exercises': {
                'get': {
                    'operationId': 'list_exercises_api_exercises_get',
                    'responses': {
                        '200': {
                            'content': {
                                'application/json': {
                                    'schema': {
                                        'items': {
                                            '$ref': '#/components/schemas/ExerciseDefinition',
                                        },
                                        'title': 'Response List Exercises Api Exercises Get',
                                        'type': 'array',
                                    },
                                },
                            },
                            'description': 'Successful Response',
                        },
                    },
                    'summary': 'List Exercises',
                },
            },
            '/api/exercises/{exercise_id}/solution': {
                'post': {
                    'operationId': 'reveal_solution_api_exercises__exercise_id__solution_post',
                    'parameters': [
                        {
                            'in': 'path',
                            'name': 'exercise_id',
                            'required': True,
                            'schema': {
                                'title': 'Exercise Id',
                                'type': 'string',
                            },
                        },
                    ],
                    'responses': {
                        '200': {
                            'content': {
                                'application/json': {
                                    'schema': {},
                                },
                            },
                            'description': 'Successful Response',
                        },
                        '422': {
                            'content': {
                                'application/json': {
                                    'schema': {
                                        '$ref': '#/components/schemas/HTTPValidationError',
                                    },
                                },
                            },
                            'description': 'Validation Error',
                        },
                    },
                    'summary': 'Reveal Solution',
                },
            },
            '/api/foundation/schema': {
                'get': {
                    'operationId': 'foundation_schema_api_foundation_schema_get',
                    'responses': {
                        '200': {
                            'content': {
                                'application/json': {
                                    'schema': {},
                                },
                            },
                            'description': 'Successful Response',
                        },
                    },
                    'summary': 'Foundation Schema',
                },
            },
            '/api/guided-spark/capabilities': {
                'get': {
                    'operationId': 'guided_capabilities_api_guided_spark_capabilities_get',
                    'responses': {
                        '200': {
                            'content': {
                                'application/json': {
                                    'schema': {},
                                },
                            },
                            'description': 'Successful Response',
                        },
                    },
                    'summary': 'Guided Capabilities',
                },
            },
            '/api/guided-spark/qualify': {
                'post': {
                    'operationId': 'guided_qualify_api_guided_spark_qualify_post',
                    'requestBody': {
                        'content': {
                            'application/json': {
                                'schema': {
                                    '$ref': '#/components/schemas/GuidedConsent',
                                },
                            },
                        },
                        'required': True,
                    },
                    'responses': {
                        '200': {
                            'content': {
                                'application/json': {
                                    'schema': {},
                                },
                            },
                            'description': 'Successful Response',
                        },
                        '422': {
                            'content': {
                                'application/json': {
                                    'schema': {
                                        '$ref': '#/components/schemas/HTTPValidationError',
                                    },
                                },
                            },
                            'description': 'Validation Error',
                        },
                    },
                    'summary': 'Guided Qualify',
                },
            },
            '/api/health': {
                'get': {
                    'operationId': 'health_api_health_get',
                    'responses': {
                        '200': {
                            'content': {
                                'application/json': {
                                    'schema': {},
                                },
                            },
                            'description': 'Successful Response',
                        },
                    },
                    'summary': 'Health',
                },
            },
            '/api/modules': {
                'get': {
                    'operationId': 'modules_api_modules_get',
                    'responses': {
                        '200': {
                            'content': {
                                'application/json': {
                                    'schema': {},
                                },
                            },
                            'description': 'Successful Response',
                        },
                    },
                    'summary': 'Modules',
                },
            },
            '/api/profiles': {
                'get': {
                    'operationId': 'profiles_api_profiles_get',
                    'responses': {
                        '200': {
                            'content': {
                                'application/json': {
                                    'schema': {},
                                },
                            },
                            'description': 'Successful Response',
                        },
                    },
                    'summary': 'Profiles',
                },
            },
            '/api/spark/remote/capabilities': {
                'get': {
                    'operationId': 'spark_remote_capabilities_api_spark_remote_capabilities_get',
                    'responses': {
                        '200': {
                            'content': {
                                'application/json': {
                                    'schema': {},
                                },
                            },
                            'description': 'Successful Response',
                        },
                    },
                    'summary': 'Spark Remote Capabilities',
                },
            },
            '/api/workspaces': {
                'get': {
                    'operationId': 'workspaces_api_workspaces_get',
                    'responses': {
                        '200': {
                            'content': {
                                'application/json': {
                                    'schema': {},
                                },
                            },
                            'description': 'Successful Response',
                        },
                    },
                    'summary': 'Workspaces',
                },
                'post': {
                    'operationId': 'new_workspace_api_workspaces_post',
                    'requestBody': {
                        'content': {
                            'application/json': {
                                'schema': {
                                    '$ref': '#/components/schemas/CreateWorkspace',
                                },
                            },
                        },
                        'required': True,
                    },
                    'responses': {
                        '201': {
                            'content': {
                                'application/json': {
                                    'schema': {},
                                },
                            },
                            'description': 'Successful Response',
                        },
                        '422': {
                            'content': {
                                'application/json': {
                                    'schema': {
                                        '$ref': '#/components/schemas/HTTPValidationError',
                                    },
                                },
                            },
                            'description': 'Validation Error',
                        },
                    },
                    'summary': 'New Workspace',
                },
            },
            '/api/workspaces/{id}': {
                'get': {
                    'operationId': 'workspace_api_workspaces__id__get',
                    'parameters': [
                        {
                            'in': 'path',
                            'name': 'id',
                            'required': True,
                            'schema': {
                                'title': 'Id',
                                'type': 'string',
                            },
                        },
                    ],
                    'responses': {
                        '200': {
                            'content': {
                                'application/json': {
                                    'schema': {},
                                },
                            },
                            'description': 'Successful Response',
                        },
                        '422': {
                            'content': {
                                'application/json': {
                                    'schema': {
                                        '$ref': '#/components/schemas/HTTPValidationError',
                                    },
                                },
                            },
                            'description': 'Validation Error',
                        },
                    },
                    'summary': 'Workspace',
                },
            },
            '/api/workspaces/{id}/attempts': {
                'get': {
                    'operationId': 'attempts_api_workspaces__id__attempts_get',
                    'parameters': [
                        {
                            'in': 'path',
                            'name': 'id',
                            'required': True,
                            'schema': {
                                'title': 'Id',
                                'type': 'string',
                            },
                        },
                    ],
                    'responses': {
                        '200': {
                            'content': {
                                'application/json': {
                                    'schema': {
                                        'items': {
                                            '$ref': '#/components/schemas/ExerciseAttempt',
                                        },
                                        'title': 'Response Attempts Api Workspaces  Id  '
                                        'Attempts Get',
                                        'type': 'array',
                                    },
                                },
                            },
                            'description': 'Successful Response',
                        },
                        '422': {
                            'content': {
                                'application/json': {
                                    'schema': {
                                        '$ref': '#/components/schemas/HTTPValidationError',
                                    },
                                },
                            },
                            'description': 'Validation Error',
                        },
                    },
                    'summary': 'Attempts',
                },
            },
            '/api/workspaces/{id}/capabilities': {
                'get': {
                    'operationId': 'capabilities_api_workspaces__id__capabilities_get',
                    'parameters': [
                        {
                            'in': 'path',
                            'name': 'id',
                            'required': True,
                            'schema': {
                                'title': 'Id',
                                'type': 'string',
                            },
                        },
                    ],
                    'responses': {
                        '200': {
                            'content': {
                                'application/json': {
                                    'schema': {},
                                },
                            },
                            'description': 'Successful Response',
                        },
                        '422': {
                            'content': {
                                'application/json': {
                                    'schema': {
                                        '$ref': '#/components/schemas/HTTPValidationError',
                                    },
                                },
                            },
                            'description': 'Validation Error',
                        },
                    },
                    'summary': 'Capabilities',
                },
            },
            '/api/workspaces/{id}/catalog': {
                'get': {
                    'operationId': 'catalog_api_workspaces__id__catalog_get',
                    'parameters': [
                        {
                            'in': 'path',
                            'name': 'id',
                            'required': True,
                            'schema': {
                                'title': 'Id',
                                'type': 'string',
                            },
                        },
                    ],
                    'responses': {
                        '200': {
                            'content': {
                                'application/json': {
                                    'schema': {},
                                },
                            },
                            'description': 'Successful Response',
                        },
                        '422': {
                            'content': {
                                'application/json': {
                                    'schema': {
                                        '$ref': '#/components/schemas/HTTPValidationError',
                                    },
                                },
                            },
                            'description': 'Validation Error',
                        },
                    },
                    'summary': 'Catalog',
                },
            },
            '/api/workspaces/{id}/catalog/import-csv': {
                'post': {
                    'operationId': 'catalog_import_api_workspaces__id__catalog_import_csv_post',
                    'parameters': [
                        {
                            'in': 'path',
                            'name': 'id',
                            'required': True,
                            'schema': {
                                'title': 'Id',
                                'type': 'string',
                            },
                        },
                    ],
                    'requestBody': {
                        'content': {
                            'application/json': {
                                'schema': {
                                    '$ref': '#/components/schemas/CsvImport',
                                },
                            },
                        },
                        'required': True,
                    },
                    'responses': {
                        '200': {
                            'content': {
                                'application/json': {
                                    'schema': {},
                                },
                            },
                            'description': 'Successful Response',
                        },
                        '422': {
                            'content': {
                                'application/json': {
                                    'schema': {
                                        '$ref': '#/components/schemas/HTTPValidationError',
                                    },
                                },
                            },
                            'description': 'Validation Error',
                        },
                    },
                    'summary': 'Catalog Import',
                },
            },
            '/api/workspaces/{id}/catalog/preview': {
                'get': {
                    'operationId': 'catalog_preview_api_workspaces__id__catalog_preview_get',
                    'parameters': [
                        {
                            'in': 'path',
                            'name': 'id',
                            'required': True,
                            'schema': {
                                'title': 'Id',
                                'type': 'string',
                            },
                        },
                        {
                            'in': 'query',
                            'name': 'asset',
                            'required': True,
                            'schema': {
                                'title': 'Asset',
                                'type': 'string',
                            },
                        },
                    ],
                    'responses': {
                        '200': {
                            'content': {
                                'application/json': {
                                    'schema': {},
                                },
                            },
                            'description': 'Successful Response',
                        },
                        '422': {
                            'content': {
                                'application/json': {
                                    'schema': {
                                        '$ref': '#/components/schemas/HTTPValidationError',
                                    },
                                },
                            },
                            'description': 'Validation Error',
                        },
                    },
                    'summary': 'Catalog Preview',
                },
            },
            '/api/workspaces/{id}/charts/query': {
                'post': {
                    'operationId': 'query_board_api_workspaces__id__charts_query_post',
                    'parameters': [
                        {
                            'in': 'path',
                            'name': 'id',
                            'required': True,
                            'schema': {
                                'title': 'Id',
                                'type': 'string',
                            },
                        },
                    ],
                    'requestBody': {
                        'content': {
                            'application/json': {
                                'schema': {
                                    '$ref': '#/components/schemas/StartJob',
                                },
                            },
                        },
                        'required': True,
                    },
                    'responses': {
                        '200': {
                            'content': {
                                'application/json': {
                                    'schema': {},
                                },
                            },
                            'description': 'Successful Response',
                        },
                        '422': {
                            'content': {
                                'application/json': {
                                    'schema': {
                                        '$ref': '#/components/schemas/HTTPValidationError',
                                    },
                                },
                            },
                            'description': 'Validation Error',
                        },
                    },
                    'summary': 'Query Board',
                },
            },
            '/api/workspaces/{id}/check': {
                'post': {
                    'operationId': 'check_api_workspaces__id__check_post',
                    'parameters': [
                        {
                            'in': 'path',
                            'name': 'id',
                            'required': True,
                            'schema': {
                                'title': 'Id',
                                'type': 'string',
                            },
                        },
                    ],
                    'responses': {
                        '200': {
                            'content': {
                                'application/json': {
                                    'schema': {},
                                },
                            },
                            'description': 'Successful Response',
                        },
                        '422': {
                            'content': {
                                'application/json': {
                                    'schema': {
                                        '$ref': '#/components/schemas/HTTPValidationError',
                                    },
                                },
                            },
                            'description': 'Validation Error',
                        },
                    },
                    'summary': 'Check',
                },
            },
            '/api/workspaces/{id}/dbt/run': {
                'post': {
                    'operationId': 'run_dbt_api_workspaces__id__dbt_run_post',
                    'parameters': [
                        {
                            'in': 'path',
                            'name': 'id',
                            'required': True,
                            'schema': {
                                'title': 'Id',
                                'type': 'string',
                            },
                        },
                    ],
                    'requestBody': {
                        'content': {
                            'application/json': {
                                'schema': {
                                    '$ref': '#/components/schemas/StartDbt',
                                },
                            },
                        },
                        'required': True,
                    },
                    'responses': {
                        '200': {
                            'content': {
                                'application/json': {
                                    'schema': {},
                                },
                            },
                            'description': 'Successful Response',
                        },
                        '422': {
                            'content': {
                                'application/json': {
                                    'schema': {
                                        '$ref': '#/components/schemas/HTTPValidationError',
                                    },
                                },
                            },
                            'description': 'Validation Error',
                        },
                    },
                    'summary': 'Run Dbt',
                },
            },
            '/api/workspaces/{id}/execute': {
                'post': {
                    'operationId': 'execute_api_workspaces__id__execute_post',
                    'parameters': [
                        {
                            'in': 'path',
                            'name': 'id',
                            'required': True,
                            'schema': {
                                'title': 'Id',
                                'type': 'string',
                            },
                        },
                    ],
                    'requestBody': {
                        'content': {
                            'application/json': {
                                'schema': {
                                    '$ref': '#/components/schemas/ExecuteCell',
                                },
                            },
                        },
                        'required': True,
                    },
                    'responses': {
                        '200': {
                            'content': {
                                'application/json': {
                                    'schema': {},
                                },
                            },
                            'description': 'Successful Response',
                        },
                        '422': {
                            'content': {
                                'application/json': {
                                    'schema': {
                                        '$ref': '#/components/schemas/HTTPValidationError',
                                    },
                                },
                            },
                            'description': 'Validation Error',
                        },
                    },
                    'summary': 'Execute',
                },
            },
            '/api/workspaces/{id}/exercise': {
                'post': {
                    'operationId': 'exercise_action_api_workspaces__id__exercise_post',
                    'parameters': [
                        {
                            'in': 'path',
                            'name': 'id',
                            'required': True,
                            'schema': {
                                'title': 'Id',
                                'type': 'string',
                            },
                        },
                    ],
                    'requestBody': {
                        'content': {
                            'application/json': {
                                'schema': {
                                    '$ref': '#/components/schemas/ExerciseRequest',
                                },
                            },
                        },
                        'required': True,
                    },
                    'responses': {
                        '200': {
                            'content': {
                                'application/json': {
                                    'schema': {
                                        '$ref': '#/components/schemas/ExerciseResult',
                                    },
                                },
                            },
                            'description': 'Successful Response',
                        },
                        '422': {
                            'content': {
                                'application/json': {
                                    'schema': {
                                        '$ref': '#/components/schemas/HTTPValidationError',
                                    },
                                },
                            },
                            'description': 'Validation Error',
                        },
                    },
                    'summary': 'Exercise Action',
                },
            },
            '/api/workspaces/{id}/jobs': {
                'get': {
                    'operationId': 'list_jobs_api_workspaces__id__jobs_get',
                    'parameters': [
                        {
                            'in': 'path',
                            'name': 'id',
                            'required': True,
                            'schema': {
                                'title': 'Id',
                                'type': 'string',
                            },
                        },
                        {
                            'in': 'query',
                            'name': 'resource_id',
                            'required': False,
                            'schema': {
                                'anyOf': [
                                    {
                                        'type': 'string',
                                    },
                                    {
                                        'type': 'null',
                                    },
                                ],
                                'title': 'Resource Id',
                            },
                        },
                    ],
                    'responses': {
                        '200': {
                            'content': {
                                'application/json': {
                                    'schema': {},
                                },
                            },
                            'description': 'Successful Response',
                        },
                        '422': {
                            'content': {
                                'application/json': {
                                    'schema': {
                                        '$ref': '#/components/schemas/HTTPValidationError',
                                    },
                                },
                            },
                            'description': 'Validation Error',
                        },
                    },
                    'summary': 'List Jobs',
                },
            },
            '/api/workspaces/{id}/jobs/{job_id}': {
                'get': {
                    'operationId': 'job_api_workspaces__id__jobs__job_id__get',
                    'parameters': [
                        {
                            'in': 'path',
                            'name': 'id',
                            'required': True,
                            'schema': {
                                'title': 'Id',
                                'type': 'string',
                            },
                        },
                        {
                            'in': 'path',
                            'name': 'job_id',
                            'required': True,
                            'schema': {
                                'title': 'Job Id',
                                'type': 'string',
                            },
                        },
                    ],
                    'responses': {
                        '200': {
                            'content': {
                                'application/json': {
                                    'schema': {},
                                },
                            },
                            'description': 'Successful Response',
                        },
                        '422': {
                            'content': {
                                'application/json': {
                                    'schema': {
                                        '$ref': '#/components/schemas/HTTPValidationError',
                                    },
                                },
                            },
                            'description': 'Validation Error',
                        },
                    },
                    'summary': 'Job',
                },
            },
            '/api/workspaces/{id}/jobs/{job_id}/artifacts/{name}': {
                'get': {
                    'operationId': 'artifact_api_workspaces__id__jobs__job_id__artifacts__name__get',
                    'parameters': [
                        {
                            'in': 'path',
                            'name': 'id',
                            'required': True,
                            'schema': {
                                'title': 'Id',
                                'type': 'string',
                            },
                        },
                        {
                            'in': 'path',
                            'name': 'job_id',
                            'required': True,
                            'schema': {
                                'title': 'Job Id',
                                'type': 'string',
                            },
                        },
                        {
                            'in': 'path',
                            'name': 'name',
                            'required': True,
                            'schema': {
                                'title': 'Name',
                                'type': 'string',
                            },
                        },
                    ],
                    'responses': {
                        '200': {
                            'content': {
                                'application/json': {
                                    'schema': {},
                                },
                            },
                            'description': 'Successful Response',
                        },
                        '422': {
                            'content': {
                                'application/json': {
                                    'schema': {
                                        '$ref': '#/components/schemas/HTTPValidationError',
                                    },
                                },
                            },
                            'description': 'Validation Error',
                        },
                    },
                    'summary': 'Artifact',
                },
            },
            '/api/workspaces/{id}/jobs/{job_id}/cancel': {
                'post': {
                    'operationId': 'cancel_api_workspaces__id__jobs__job_id__cancel_post',
                    'parameters': [
                        {
                            'in': 'path',
                            'name': 'id',
                            'required': True,
                            'schema': {
                                'title': 'Id',
                                'type': 'string',
                            },
                        },
                        {
                            'in': 'path',
                            'name': 'job_id',
                            'required': True,
                            'schema': {
                                'title': 'Job Id',
                                'type': 'string',
                            },
                        },
                    ],
                    'responses': {
                        '200': {
                            'content': {
                                'application/json': {
                                    'schema': {},
                                },
                            },
                            'description': 'Successful Response',
                        },
                        '422': {
                            'content': {
                                'application/json': {
                                    'schema': {
                                        '$ref': '#/components/schemas/HTTPValidationError',
                                    },
                                },
                            },
                            'description': 'Validation Error',
                        },
                    },
                    'summary': 'Cancel',
                },
            },
            '/api/workspaces/{id}/lakehouse': {
                'get': {
                    'operationId': 'lakehouse_api_workspaces__id__lakehouse_get',
                    'parameters': [
                        {
                            'in': 'path',
                            'name': 'id',
                            'required': True,
                            'schema': {
                                'title': 'Id',
                                'type': 'string',
                            },
                        },
                    ],
                    'responses': {
                        '200': {
                            'content': {
                                'application/json': {
                                    'schema': {},
                                },
                            },
                            'description': 'Successful Response',
                        },
                        '422': {
                            'content': {
                                'application/json': {
                                    'schema': {
                                        '$ref': '#/components/schemas/HTTPValidationError',
                                    },
                                },
                            },
                            'description': 'Validation Error',
                        },
                    },
                    'summary': 'Lakehouse',
                },
            },
            '/api/workspaces/{id}/local/capabilities': {
                'get': {
                    'operationId': 'capabilities_api_workspaces__id__local_capabilities_get',
                    'parameters': [
                        {
                            'in': 'path',
                            'name': 'id',
                            'required': True,
                            'schema': {
                                'title': 'Id',
                                'type': 'string',
                            },
                        },
                    ],
                    'responses': {
                        '200': {
                            'content': {
                                'application/json': {
                                    'schema': {},
                                },
                            },
                            'description': 'Successful Response',
                        },
                        '422': {
                            'content': {
                                'application/json': {
                                    'schema': {
                                        '$ref': '#/components/schemas/HTTPValidationError',
                                    },
                                },
                            },
                            'description': 'Validation Error',
                        },
                    },
                    'summary': 'Capabilities',
                },
            },
            '/api/workspaces/{id}/notebook': {
                'put': {
                    'operationId': 'save_api_workspaces__id__notebook_put',
                    'parameters': [
                        {
                            'in': 'path',
                            'name': 'id',
                            'required': True,
                            'schema': {
                                'title': 'Id',
                                'type': 'string',
                            },
                        },
                    ],
                    'requestBody': {
                        'content': {
                            'application/json': {
                                'schema': {
                                    '$ref': '#/components/schemas/SaveNotebook',
                                },
                            },
                        },
                        'required': True,
                    },
                    'responses': {
                        '200': {
                            'content': {
                                'application/json': {
                                    'schema': {},
                                },
                            },
                            'description': 'Successful Response',
                        },
                        '422': {
                            'content': {
                                'application/json': {
                                    'schema': {
                                        '$ref': '#/components/schemas/HTTPValidationError',
                                    },
                                },
                            },
                            'description': 'Validation Error',
                        },
                    },
                    'summary': 'Save',
                },
            },
            '/api/workspaces/{id}/pipelines/compile': {
                'post': {
                    'operationId': 'compile_dag_api_workspaces__id__pipelines_compile_post',
                    'parameters': [
                        {
                            'in': 'path',
                            'name': 'id',
                            'required': True,
                            'schema': {
                                'title': 'Id',
                                'type': 'string',
                            },
                        },
                    ],
                    'requestBody': {
                        'content': {
                            'application/json': {
                                'schema': {
                                    '$ref': '#/components/schemas/CompilePipeline',
                                },
                            },
                        },
                        'required': True,
                    },
                    'responses': {
                        '200': {
                            'content': {
                                'application/json': {
                                    'schema': {},
                                },
                            },
                            'description': 'Successful Response',
                        },
                        '422': {
                            'content': {
                                'application/json': {
                                    'schema': {
                                        '$ref': '#/components/schemas/HTTPValidationError',
                                    },
                                },
                            },
                            'description': 'Validation Error',
                        },
                    },
                    'summary': 'Compile Dag',
                },
            },
            '/api/workspaces/{id}/pipelines/run': {
                'post': {
                    'operationId': 'run_pipeline_api_workspaces__id__pipelines_run_post',
                    'parameters': [
                        {
                            'in': 'path',
                            'name': 'id',
                            'required': True,
                            'schema': {
                                'title': 'Id',
                                'type': 'string',
                            },
                        },
                    ],
                    'requestBody': {
                        'content': {
                            'application/json': {
                                'schema': {
                                    '$ref': '#/components/schemas/StartJob',
                                },
                            },
                        },
                        'required': True,
                    },
                    'responses': {
                        '200': {
                            'content': {
                                'application/json': {
                                    'schema': {},
                                },
                            },
                            'description': 'Successful Response',
                        },
                        '422': {
                            'content': {
                                'application/json': {
                                    'schema': {
                                        '$ref': '#/components/schemas/HTTPValidationError',
                                    },
                                },
                            },
                            'description': 'Validation Error',
                        },
                    },
                    'summary': 'Run Pipeline',
                },
            },
            '/api/workspaces/{id}/practice/progress': {
                'get': {
                    'operationId': 'practice_progress_api_workspaces__id__practice_progress_get',
                    'parameters': [
                        {
                            'in': 'path',
                            'name': 'id',
                            'required': True,
                            'schema': {
                                'title': 'Id',
                                'type': 'string',
                            },
                        },
                    ],
                    'responses': {
                        '200': {
                            'content': {
                                'application/json': {
                                    'schema': {},
                                },
                            },
                            'description': 'Successful Response',
                        },
                        '422': {
                            'content': {
                                'application/json': {
                                    'schema': {
                                        '$ref': '#/components/schemas/HTTPValidationError',
                                    },
                                },
                            },
                            'description': 'Validation Error',
                        },
                    },
                    'summary': 'Practice Progress',
                },
            },
            '/api/workspaces/{id}/practice/{exercise_id}/review': {
                'put': {
                    'operationId': 'review_api_workspaces__id__practice__exercise_id__review_put',
                    'parameters': [
                        {
                            'in': 'path',
                            'name': 'id',
                            'required': True,
                            'schema': {
                                'title': 'Id',
                                'type': 'string',
                            },
                        },
                        {
                            'in': 'path',
                            'name': 'exercise_id',
                            'required': True,
                            'schema': {
                                'title': 'Exercise Id',
                                'type': 'string',
                            },
                        },
                    ],
                    'requestBody': {
                        'content': {
                            'application/json': {
                                'schema': {
                                    '$ref': '#/components/schemas/ReviewRequest',
                                },
                            },
                        },
                        'required': True,
                    },
                    'responses': {
                        '200': {
                            'content': {
                                'application/json': {
                                    'schema': {},
                                },
                            },
                            'description': 'Successful Response',
                        },
                        '422': {
                            'content': {
                                'application/json': {
                                    'schema': {
                                        '$ref': '#/components/schemas/HTTPValidationError',
                                    },
                                },
                            },
                            'description': 'Validation Error',
                        },
                    },
                    'summary': 'Review',
                },
            },
            '/api/workspaces/{id}/restart': {
                'post': {
                    'operationId': 'restart_api_workspaces__id__restart_post',
                    'parameters': [
                        {
                            'in': 'path',
                            'name': 'id',
                            'required': True,
                            'schema': {
                                'title': 'Id',
                                'type': 'string',
                            },
                        },
                    ],
                    'responses': {
                        '200': {
                            'content': {
                                'application/json': {
                                    'schema': {},
                                },
                            },
                            'description': 'Successful Response',
                        },
                        '422': {
                            'content': {
                                'application/json': {
                                    'schema': {
                                        '$ref': '#/components/schemas/HTTPValidationError',
                                    },
                                },
                            },
                            'description': 'Validation Error',
                        },
                    },
                    'summary': 'Restart',
                },
            },
            '/api/workspaces/{id}/spark/remote': {
                'post': {
                    'operationId': 'spark_remote_run_api_workspaces__id__spark_remote_post',
                    'parameters': [
                        {
                            'in': 'path',
                            'name': 'id',
                            'required': True,
                            'schema': {
                                'title': 'Id',
                                'type': 'string',
                            },
                        },
                    ],
                    'requestBody': {
                        'content': {
                            'application/json': {
                                'schema': {
                                    '$ref': '#/components/schemas/SparkRemoteRun',
                                },
                            },
                        },
                        'required': True,
                    },
                    'responses': {
                        '202': {
                            'content': {
                                'application/json': {
                                    'schema': {},
                                },
                            },
                            'description': 'Successful Response',
                        },
                        '422': {
                            'content': {
                                'application/json': {
                                    'schema': {
                                        '$ref': '#/components/schemas/HTTPValidationError',
                                    },
                                },
                            },
                            'description': 'Validation Error',
                        },
                    },
                    'summary': 'Spark Remote Run',
                },
            },
            '/api/workspaces/{id}/spark/remote/{job_id}': {
                'get': {
                    'operationId': 'spark_remote_status_api_workspaces__id__spark_remote__job_id__get',
                    'parameters': [
                        {
                            'in': 'path',
                            'name': 'id',
                            'required': True,
                            'schema': {
                                'title': 'Id',
                                'type': 'string',
                            },
                        },
                        {
                            'in': 'path',
                            'name': 'job_id',
                            'required': True,
                            'schema': {
                                'title': 'Job Id',
                                'type': 'string',
                            },
                        },
                    ],
                    'responses': {
                        '200': {
                            'content': {
                                'application/json': {
                                    'schema': {},
                                },
                            },
                            'description': 'Successful Response',
                        },
                        '422': {
                            'content': {
                                'application/json': {
                                    'schema': {
                                        '$ref': '#/components/schemas/HTTPValidationError',
                                    },
                                },
                            },
                            'description': 'Validation Error',
                        },
                    },
                    'summary': 'Spark Remote Status',
                },
            },
            '/api/workspaces/{id}/spark/remote/{job_id}/result/{request_id}': {
                'get': {
                    'operationId': 'spark_remote_result_api_workspaces__id__spark_remote__job_id__result__request_id__get',
                    'parameters': [
                        {
                            'in': 'path',
                            'name': 'id',
                            'required': True,
                            'schema': {
                                'title': 'Id',
                                'type': 'string',
                            },
                        },
                        {
                            'in': 'path',
                            'name': 'job_id',
                            'required': True,
                            'schema': {
                                'title': 'Job Id',
                                'type': 'string',
                            },
                        },
                        {
                            'in': 'path',
                            'name': 'request_id',
                            'required': True,
                            'schema': {
                                'title': 'Request Id',
                                'type': 'string',
                            },
                        },
                    ],
                    'responses': {
                        '200': {
                            'content': {
                                'application/json': {
                                    'schema': {},
                                },
                            },
                            'description': 'Successful Response',
                        },
                        '422': {
                            'content': {
                                'application/json': {
                                    'schema': {
                                        '$ref': '#/components/schemas/HTTPValidationError',
                                    },
                                },
                            },
                            'description': 'Validation Error',
                        },
                    },
                    'summary': 'Spark Remote Result',
                },
            },
            '/api/workspaces/{id}/workbench': {
                'put': {
                    'operationId': 'save_workbench_api_workspaces__id__workbench_put',
                    'parameters': [
                        {
                            'in': 'path',
                            'name': 'id',
                            'required': True,
                            'schema': {
                                'title': 'Id',
                                'type': 'string',
                            },
                        },
                    ],
                    'requestBody': {
                        'content': {
                            'application/json': {
                                'schema': {
                                    '$ref': '#/components/schemas/SaveWorkbench',
                                },
                            },
                        },
                        'required': True,
                    },
                    'responses': {
                        '200': {
                            'content': {
                                'application/json': {
                                    'schema': {},
                                },
                            },
                            'description': 'Successful Response',
                        },
                        '422': {
                            'content': {
                                'application/json': {
                                    'schema': {
                                        '$ref': '#/components/schemas/HTTPValidationError',
                                    },
                                },
                            },
                            'description': 'Validation Error',
                        },
                    },
                    'summary': 'Save Workbench',
                },
            },
            '/api/workspaces/{id}/workbench/validate': {
                'post': {
                    'operationId': 'validate_workbench_api_workspaces__id__workbench_validate_post',
                    'parameters': [
                        {
                            'in': 'path',
                            'name': 'id',
                            'required': True,
                            'schema': {
                                'title': 'Id',
                                'type': 'string',
                            },
                        },
                    ],
                    'requestBody': {
                        'content': {
                            'application/json': {
                                'schema': {
                                    '$ref': '#/components/schemas/RootWorkbench',
                                },
                            },
                        },
                        'required': True,
                    },
                    'responses': {
                        '200': {
                            'content': {
                                'application/json': {
                                    'schema': {},
                                },
                            },
                            'description': 'Successful Response',
                        },
                        '422': {
                            'content': {
                                'application/json': {
                                    'schema': {
                                        '$ref': '#/components/schemas/HTTPValidationError',
                                    },
                                },
                            },
                            'description': 'Validation Error',
                        },
                    },
                    'summary': 'Validate Workbench',
                },
            },
            '/api/workspaces/{id}/workflow': {
                'post': {
                    'operationId': 'workflow_api_workspaces__id__workflow_post',
                    'parameters': [
                        {
                            'in': 'path',
                            'name': 'id',
                            'required': True,
                            'schema': {
                                'title': 'Id',
                                'type': 'string',
                            },
                        },
                    ],
                    'requestBody': {
                        'content': {
                            'application/json': {
                                'schema': {
                                    '$ref': '#/components/schemas/RunWorkflow',
                                },
                            },
                        },
                        'required': True,
                    },
                    'responses': {
                        '200': {
                            'content': {
                                'application/json': {
                                    'schema': {},
                                },
                            },
                            'description': 'Successful Response',
                        },
                        '422': {
                            'content': {
                                'application/json': {
                                    'schema': {
                                        '$ref': '#/components/schemas/HTTPValidationError',
                                    },
                                },
                            },
                            'description': 'Validation Error',
                        },
                    },
                    'summary': 'Workflow',
                },
            },
            '/diagnostic': {
                'get': {
                    'operationId': 'diagnostic_diagnostic_get',
                    'responses': {
                        '200': {
                            'content': {
                                'application/json': {
                                    'schema': {},
                                },
                            },
                            'description': 'Successful Response',
                        },
                    },
                    'summary': 'Diagnostic',
                },
            },
        },
    }
FAILED tests/test_root.py::test_real_process_kernel_persistence_and_restart[duckdb] - RuntimeError: DuckDB is not installed. Install requirements-engines.txt; no silent storage substitution was made.
FAILED tests/test_root.py::test_worker_timeout_terminates_and_recovers[duckdb] - RuntimeError: DuckDB is not installed. Install requirements-engines.txt; no silent storage substitution was made.
FAILED tests/test_root.py::test_api_auth_origins_revision_and_real_workflow[duckdb] - AssertionError: {"detail":"DuckDB is not installed. Install requirements-engines.txt; no silent storage substitution was made."}
assert 503 == 200
 +  where 503 = <Response [503 Service Unavailable]>.status_code
FAILED tests/test_root.py::test_workspace_concurrent_requests_serialized[duckdb] - RuntimeError: DuckDB is not installed. Install requirements-engines.txt; no silent storage substitution was made.
FAILED tests/test_root.py::test_duckdb_workspace_isolation - RuntimeError: DuckDB is not installed. Install requirements-engines.txt; no silent storage substitution was made.
13 failed, 230 passed, 8 skipped, 1 warning, 43 errors in 22.38s
