
> datapass-studio-root@0.1.0 build
> npm run build --workspace @datapass/web


> @datapass/web@0.1.0 build
> tsc --noEmit && vite build

src/App.tsx(8,49): error TS2307: Cannot find module 'react' or its corresponding type declarations.
src/App.tsx(9,108): error TS2307: Cannot find module '@fluentui/react-components' or its corresponding type declarations.
src/App.tsx(10,187): error TS2307: Cannot find module '@fluentui/react-icons' or its corresponding type declarations.
src/App.tsx(51,37): error TS7006: Parameter 'c' implicitly has an 'any' type.
src/App.tsx(53,44): error TS7006: Parameter 's' implicitly has an 'any' type.
src/App.tsx(53,77): error TS7006: Parameter 'b' implicitly has an 'any' type.
src/App.tsx(55,99): error TS7006: Parameter 'v' implicitly has an 'any' type.
src/App.tsx(57,43): error TS7006: Parameter 'b' implicitly has an 'any' type.
src/App.tsx(58,32): error TS7006: Parameter 'e' implicitly has an 'any' type.
src/App.tsx(60,45): error TS7006: Parameter 'k' implicitly has an 'any' type.
src/App.tsx(64,156): error TS7006: Parameter 'previous' implicitly has an 'any' type.
src/App.tsx(66,71): error TS7006: Parameter 'b' implicitly has an 'any' type.
src/App.tsx(66,112): error TS7006: Parameter 'b' implicitly has an 'any' type.
src/App.tsx(70,29): error TS7006: Parameter 'x' implicitly has an 'any' type.
src/App.tsx(114,156): error TS7006: Parameter 'w' implicitly has an 'any' type.
src/App.tsx(117,109): error TS7006: Parameter 'e' implicitly has an 'any' type.
src/App.tsx(118,59): error TS7006: Parameter 'b' implicitly has an 'any' type.
src/App.tsx(118,338): error TS7006: Parameter 'v' implicitly has an 'any' type.
src/App.tsx(119,90): error TS7006: Parameter 'v' implicitly has an 'any' type.
src/App.tsx(119,173): error TS7006: Parameter 'v' implicitly has an 'any' type.
src/App.tsx(128,132): error TS7006: Parameter 'result' implicitly has an 'any' type.
src/App.tsx(128,235): error TS7006: Parameter 'e' implicitly has an 'any' type.
src/App.tsx(172,29): error TS7006: Parameter 'e' implicitly has an 'any' type.
src/App.tsx(173,29): error TS7006: Parameter 'b' implicitly has an 'any' type.
src/App.tsx(178,33): error TS7006: Parameter 'prev' implicitly has an 'any' type.
src/App.tsx(182,138): error TS7006: Parameter 's' implicitly has an 'any' type.
src/App.tsx(183,374): error TS7006: Parameter 'prev' implicitly has an 'any' type.
src/App.tsx(186,117): error TS7006: Parameter 'v' implicitly has an 'any' type.
src/App.tsx(186,163): error TS7006: Parameter 'b' implicitly has an 'any' type.
src/App.tsx(186,233): error TS7006: Parameter 'b' implicitly has an 'any' type.
src/App.tsx(187,167): error TS7006: Parameter 'b' implicitly has an 'any' type.
src/App.tsx(187,199): error TS7006: Parameter 'b' implicitly has an 'any' type.
src/App.tsx(188,207): error TS18046: 'c' is of type 'unknown'.
src/App.tsx(190,223): error TS7006: Parameter 'old' implicitly has an 'any' type.
src/App.tsx(194,38): error TS7006: Parameter 'b' implicitly has an 'any' type.
src/App.tsx(195,284): error TS7026: JSX element implicitly has type 'any' because no interface 'JSX.IntrinsicElements' exists.
src/App.tsx(195,421): error TS7026: JSX element implicitly has type 'any' because no interface 'JSX.IntrinsicElements' exists.
src/App.tsx(195,430): error TS7026: JSX element implicitly has type 'any' because no interface 'JSX.IntrinsicElements' exists.
src/App.tsx(195,483): error TS7026: JSX element implicitly has type 'any' because no interface 'JSX.IntrinsicElements' exists.
src/App.tsx(195,493): error TS7026: JSX element implicitly has type 'any' because no interface 'JSX.IntrinsicElements' exists.
src/App.tsx(195,582): error TS7026: JSX element implicitly has type 'any' because no interface 'JSX.IntrinsicElements' exists.
src/App.tsx(195,588): error TS7026: JSX element implicitly has type 'any' because no interface 'JSX.IntrinsicElements' exists.
src/App.tsx(195,604): error TS7026: JSX element implicitly has type 'any' because no interface 'JSX.IntrinsicElements' exists.
src/App.tsx(196,103): error TS7006: Parameter 'a' implicitly has an 'any' type.
src/App.tsx(196,229): error TS7006: Parameter 'b' implicitly has an 'any' type.
src/App.tsx(200,12): error TS7026: JSX element implicitly has type 'any' because no interface 'JSX.IntrinsicElements' exists.
src/App.tsx(200,73): error TS7026: JSX element implicitly has type 'any' because no interface 'JSX.IntrinsicElements' exists.
src/App.tsx(200,93): error TS7026: JSX element implicitly has type 'any' because no interface 'JSX.IntrinsicElements' exists.
src/App.tsx(200,98): error TS7026: JSX element implicitly has type 'any' because no interface 'JSX.IntrinsicElements' exists.
src/App.tsx(200,118): error TS7026: JSX element implicitly has type 'any' because no interface 'JSX.IntrinsicElements' exists.
src/App.tsx(200,145): error TS7006: Parameter 's' implicitly has an 'any' type.
src/App.tsx(200,148): error TS7026: JSX element implicitly has type 'any' because no interface 'JSX.IntrinsicElements' exists.
src/App.tsx(200,171): error TS7026: JSX element implicitly has type 'any' because no interface 'JSX.IntrinsicElements' exists.
src/App.tsx(200,184): error TS7026: JSX element implicitly has type 'any' because no interface 'JSX.IntrinsicElements' exists.
src/App.tsx(200,189): error TS7026: JSX element implicitly has type 'any' because no interface 'JSX.IntrinsicElements' exists.
src/App.tsx(200,200): error TS7026: JSX element implicitly has type 'any' because no interface 'JSX.IntrinsicElements' exists.
src/App.tsx(200,204): error TS7026: JSX element implicitly has type 'any' because no interface 'JSX.IntrinsicElements' exists.
src/App.tsx(200,245): error TS7006: Parameter 'c' implicitly has an 'any' type.
src/App.tsx(200,248): error TS7026: JSX element implicitly has type 'any' because no interface 'JSX.IntrinsicElements' exists.
src/App.tsx(200,277): error TS7026: JSX element implicitly has type 'any' because no interface 'JSX.IntrinsicElements' exists.
src/App.tsx(200,283): error TS7026: JSX element implicitly has type 'any' because no interface 'JSX.IntrinsicElements' exists.
src/App.tsx(202,660): error TS7006: Parameter 'a' implicitly has an 'any' type.
src/App.tsx(202,786): error TS7006: Parameter 'b' implicitly has an 'any' type.
src/App.tsx(204,39): error TS7006: Parameter 's' implicitly has an 'any' type.
src/App.tsx(204,71): error TS7026: JSX element implicitly has type 'any' because no interface 'JSX.IntrinsicElements' exists.
src/App.tsx(204,100): error TS7026: JSX element implicitly has type 'any' because no interface 'JSX.IntrinsicElements' exists.
src/App.tsx(204,140): error TS7026: JSX element implicitly has type 'any' because no interface 'JSX.IntrinsicElements' exists.
src/App.tsx(204,146): error TS7026: JSX element implicitly has type 'any' because no interface 'JSX.IntrinsicElements' exists.
src/App.tsx(204,164): error TS7026: JSX element implicitly has type 'any' because no interface 'JSX.IntrinsicElements' exists.
src/App.tsx(204,168): error TS7026: JSX element implicitly has type 'any' because no interface 'JSX.IntrinsicElements' exists.
src/App.tsx(204,181): error TS7026: JSX element implicitly has type 'any' because no interface 'JSX.IntrinsicElements' exists.
src/App.tsx(204,186): error TS7026: JSX element implicitly has type 'any' because no interface 'JSX.IntrinsicElements' exists.
src/App.tsx(204,201): error TS7026: JSX element implicitly has type 'any' because no interface 'JSX.IntrinsicElements' exists.
src/App.tsx(204,205): error TS7026: JSX element implicitly has type 'any' because no interface 'JSX.IntrinsicElements' exists.
src/App.tsx(204,214): error TS7026: JSX element implicitly has type 'any' because no interface 'JSX.IntrinsicElements' exists.
src/App.tsx(204,235): error TS7026: JSX element implicitly has type 'any' because no interface 'JSX.IntrinsicElements' exists.
src/App.tsx(204,245): error TS7026: JSX element implicitly has type 'any' because no interface 'JSX.IntrinsicElements' exists.
src/App.tsx(204,306): error TS7026: JSX element implicitly has type 'any' because no interface 'JSX.IntrinsicElements' exists.
src/App.tsx(204,310): error TS7026: JSX element implicitly has type 'any' because no interface 'JSX.IntrinsicElements' exists.
src/App.tsx(204,482): error TS7026: JSX element implicitly has type 'any' because no interface 'JSX.IntrinsicElements' exists.
src/App.tsx(204,503): error TS7026: JSX element implicitly has type 'any' because no interface 'JSX.IntrinsicElements' exists.
src/App.tsx(204,510): error TS7026: JSX element implicitly has type 'any' because no interface 'JSX.IntrinsicElements' exists.
src/App.tsx(204,713): error TS7026: JSX element implicitly has type 'any' because no interface 'JSX.IntrinsicElements' exists.
src/App.tsx(204,825): error TS7026: JSX element implicitly has type 'any' because no interface 'JSX.IntrinsicElements' exists.
src/App.tsx(204,829): error TS7026: JSX element implicitly has type 'any' because no interface 'JSX.IntrinsicElements' exists.
src/App.tsx(204,835): error TS7026: JSX element implicitly has type 'any' because no interface 'JSX.IntrinsicElements' exists.
src/App.tsx(205,30): error TS7026: JSX element implicitly has type 'any' because no interface 'JSX.IntrinsicElements' exists.
src/App.tsx(205,180): error TS7006: Parameter '_' implicitly has an 'any' type.
src/App.tsx(205,182): error TS7006: Parameter 'd' implicitly has an 'any' type.
src/App.tsx(205,298): error TS7026: JSX element implicitly has type 'any' because no interface 'JSX.IntrinsicElements' exists.
src/App.tsx(205,332): error TS7026: JSX element implicitly has type 'any' because no interface 'JSX.IntrinsicElements' exists.
src/App.tsx(205,521): error TS7006: Parameter '_' implicitly has an 'any' type.
src/App.tsx(205,523): error TS7006: Parameter 'd' implicitly has an 'any' type.
src/App.tsx(205,583): error TS7006: Parameter 'b' implicitly has an 'any' type.
src/App.tsx(205,642): error TS7026: JSX element implicitly has type 'any' because no interface 'JSX.IntrinsicElements' exists.
src/App.tsx(205,858): error TS7006: Parameter 'k' implicitly has an 'any' type.
src/App.tsx(205,1023): error TS7026: JSX element implicitly has type 'any' because no interface 'JSX.IntrinsicElements' exists.
src/App.tsx(205,1215): error TS7026: JSX element implicitly has type 'any' because no interface 'JSX.IntrinsicElements' exists.
src/App.tsx(206,17): error TS7026: JSX element implicitly has type 'any' because no interface 'JSX.IntrinsicElements' exists.
src/App.tsx(206,141): error TS7026: JSX element implicitly has type 'any' because no interface 'JSX.IntrinsicElements' exists.
src/App.tsx(206,178): error TS7026: JSX element implicitly has type 'any' because no interface 'JSX.IntrinsicElements' exists.
src/App.tsx(206,188): error TS7026: JSX element implicitly has type 'any' because no interface 'JSX.IntrinsicElements' exists.
src/App.tsx(206,285): error TS7006: Parameter 'e' implicitly has an 'any' type.
src/App.tsx(206,353): error TS7026: JSX element implicitly has type 'any' because no interface 'JSX.IntrinsicElements' exists.
src/App.tsx(207,10): error TS7026: JSX element implicitly has type 'any' because no interface 'JSX.IntrinsicElements' exists.
src/App.tsx(207,10): error TS2875: This JSX tag requires the module path 'react/jsx-runtime' to exist, but none could be found. Make sure you have types for the appropriate package installed.
src/App.tsx(207,112): error TS7026: JSX element implicitly has type 'any' because no interface 'JSX.IntrinsicElements' exists.
src/App.tsx(207,145): error TS7026: JSX element implicitly has type 'any' because no interface 'JSX.IntrinsicElements' exists.
src/App.tsx(207,213): error TS7026: JSX element implicitly has type 'any' because no interface 'JSX.IntrinsicElements' exists.
src/App.tsx(207,238): error TS7026: JSX element implicitly has type 'any' because no interface 'JSX.IntrinsicElements' exists.
src/App.tsx(207,245): error TS7026: JSX element implicitly has type 'any' because no interface 'JSX.IntrinsicElements' exists.
src/App.tsx(207,261): error TS7026: JSX element implicitly has type 'any' because no interface 'JSX.IntrinsicElements' exists.
src/App.tsx(207,265): error TS7026: JSX element implicitly has type 'any' because no interface 'JSX.IntrinsicElements' exists.
src/App.tsx(207,271): error TS7026: JSX element implicitly has type 'any' because no interface 'JSX.IntrinsicElements' exists.
src/App.tsx(207,1152): error TS7006: Parameter 'k' implicitly has an 'any' type.
src/App.tsx(207,1422): error TS7006: Parameter 'v' implicitly has an 'any' type.
src/App.tsx(207,1650): error TS7006: Parameter 'v' implicitly has an 'any' type.
src/App.tsx(207,1929): error TS7006: Parameter 'v' implicitly has an 'any' type.
src/App.tsx(207,2014): error TS7026: JSX element implicitly has type 'any' because no interface 'JSX.IntrinsicElements' exists.
src/App.tsx(207,2020): error TS7026: JSX element implicitly has type 'any' because no interface 'JSX.IntrinsicElements' exists.
src/App.tsx(207,2042): error TS7026: JSX element implicitly has type 'any' because no interface 'JSX.IntrinsicElements' exists.
src/App.tsx(207,2079): error TS7026: JSX element implicitly has type 'any' because no interface 'JSX.IntrinsicElements' exists.
src/App.tsx(207,2086): error TS7026: JSX element implicitly has type 'any' because no interface 'JSX.IntrinsicElements' exists.
src/App.tsx(211,71): error TS2322: Type '{ key: string; view: any; blocks: any; onLayout: (layout: Layout) => void; renderBlock: (block: RootBlock) => any; }' is not assignable to type '{ view: NotebookView; blocks: RootBlock[]; onLayout: (layout: Layout) => void; renderBlock: (block: RootBlock) => ReactNode; }'.
  Property 'key' does not exist on type '{ view: NotebookView; blocks: RootBlock[]; onLayout: (layout: Layout) => void; renderBlock: (block: RootBlock) => ReactNode; }'.
src/App.tsx(211,376): error TS7006: Parameter 'v' implicitly has an 'any' type.
src/App.tsx(212,36): error TS7026: JSX element implicitly has type 'any' because no interface 'JSX.IntrinsicElements' exists.
src/App.tsx(212,66): error TS7026: JSX element implicitly has type 'any' because no interface 'JSX.IntrinsicElements' exists.
src/App.tsx(212,97): error TS7026: JSX element implicitly has type 'any' because no interface 'JSX.IntrinsicElements' exists.
src/App.tsx(212,102): error TS7026: JSX element implicitly has type 'any' because no interface 'JSX.IntrinsicElements' exists.
src/App.tsx(212,156): error TS7026: JSX element implicitly has type 'any' because no interface 'JSX.IntrinsicElements' exists.
src/App.tsx(212,163): error TS7026: JSX element implicitly has type 'any' because no interface 'JSX.IntrinsicElements' exists.
src/App.tsx(212,173): error TS7026: JSX element implicitly has type 'any' because no interface 'JSX.IntrinsicElements' exists.
src/App.tsx(212,178): error TS7026: JSX element implicitly has type 'any' because no interface 'JSX.IntrinsicElements' exists.
src/App.tsx(212,290): error TS7026: JSX element implicitly has type 'any' because no interface 'JSX.IntrinsicElements' exists.
src/App.tsx(212,296): error TS7026: JSX element implicitly has type 'any' because no interface 'JSX.IntrinsicElements' exists.
src/App.tsx(212,438): error TS7026: JSX element implicitly has type 'any' because no interface 'JSX.IntrinsicElements' exists.
src/App.tsx(212,442): error TS7026: JSX element implicitly has type 'any' because no interface 'JSX.IntrinsicElements' exists.
src/App.tsx(212,482): error TS7006: Parameter 'asset' implicitly has an 'any' type.
src/App.tsx(212,489): error TS7026: JSX element implicitly has type 'any' because no interface 'JSX.IntrinsicElements' exists.
src/App.tsx(212,608): error TS7026: JSX element implicitly has type 'any' because no interface 'JSX.IntrinsicElements' exists.
src/App.tsx(212,613): error TS7026: JSX element implicitly has type 'any' because no interface 'JSX.IntrinsicElements' exists.
src/App.tsx(212,646): error TS7026: JSX element implicitly has type 'any' because no interface 'JSX.IntrinsicElements' exists.
src/App.tsx(212,768): error TS7026: JSX element implicitly has type 'any' because no interface 'JSX.IntrinsicElements' exists.
src/App.tsx(212,774): error TS7026: JSX element implicitly has type 'any' because no interface 'JSX.IntrinsicElements' exists.
src/App.tsx(212,790): error TS7026: JSX element implicitly has type 'any' because no interface 'JSX.IntrinsicElements' exists.
src/App.tsx(212,795): error TS7026: JSX element implicitly has type 'any' because no interface 'JSX.IntrinsicElements' exists.
src/App.tsx(212,815): error TS7026: JSX element implicitly has type 'any' because no interface 'JSX.IntrinsicElements' exists.
src/App.tsx(212,819): error TS7026: JSX element implicitly has type 'any' because no interface 'JSX.IntrinsicElements' exists.
src/App.tsx(212,826): error TS7026: JSX element implicitly has type 'any' because no interface 'JSX.IntrinsicElements' exists.
src/App.tsx(212,830): error TS7026: JSX element implicitly has type 'any' because no interface 'JSX.IntrinsicElements' exists.
src/App.tsx(212,1033): error TS7026: JSX element implicitly has type 'any' because no interface 'JSX.IntrinsicElements' exists.
src/App.tsx(212,1041): error TS7026: JSX element implicitly has type 'any' because no interface 'JSX.IntrinsicElements' exists.
src/App.tsx(212,1052): error TS7026: JSX element implicitly has type 'any' because no interface 'JSX.IntrinsicElements' exists.
src/App.tsx(212,1075): error TS7026: JSX element implicitly has type 'any' because no interface 'JSX.IntrinsicElements' exists.
src/App.tsx(212,1104): error TS7026: JSX element implicitly has type 'any' because no interface 'JSX.IntrinsicElements' exists.
src/App.tsx(212,1129): error TS7026: JSX element implicitly has type 'any' because no interface 'JSX.IntrinsicElements' exists.
src/App.tsx(212,1134): error TS7026: JSX element implicitly has type 'any' because no interface 'JSX.IntrinsicElements' exists.
src/App.tsx(212,1206): error TS7026: JSX element implicitly has type 'any' because no interface 'JSX.IntrinsicElements' exists.
src/App.tsx(212,1210): error TS7026: JSX element implicitly has type 'any' because no interface 'JSX.IntrinsicElements' exists.
src/App.tsx(212,1217): error TS7026: JSX element implicitly has type 'any' because no interface 'JSX.IntrinsicElements' exists.
src/App.tsx(216,67): error TS7006: Parameter 'b' implicitly has an 'any' type.
src/App.tsx(216,134): error TS7006: Parameter 'v' implicitly has an 'any' type.
src/App.tsx(216,187): error TS7006: Parameter 'b' implicitly has an 'any' type.
src/App.tsx(216,201): error TS7006: Parameter 'id' implicitly has an 'any' type.
src/App.tsx(216,226): error TS7006: Parameter 'b' implicitly has an 'any' type.
src/App.tsx(216,249): error TS7006: Parameter 'b' implicitly has an 'any' type.
src/App.tsx(217,152): error TS7006: Parameter 'b' implicitly has an 'any' type.
src/App.tsx(217,181): error TS7006: Parameter 'k' implicitly has an 'any' type.
src/App.tsx(221,95): error TS18046: 'n' is of type 'unknown'.
src/App.tsx(221,106): error TS18046: 'n' is of type 'unknown'.
src/App.tsx(225,11): error TS7006: Parameter 'mode' implicitly has an 'any' type.
src/App.tsx(225,106): error TS7006: Parameter 'v' implicitly has an 'any' type.
src/App.tsx(226,13): error TS7006: Parameter 'id' implicitly has an 'any' type.
src/App.tsx(226,64): error TS7006: Parameter 'name' implicitly has an 'any' type.
src/App.tsx(227,19): error TS7006: Parameter 'id' implicitly has an 'any' type.
src/App.tsx(228,10): error TS7006: Parameter 'kernel' implicitly has an 'any' type.
src/App.tsx(228,109): error TS7006: Parameter 'old' implicitly has an 'any' type.
src/App.tsx(237,161): error TS7006: Parameter 'e' implicitly has an 'any' type.
src/App.tsx(239,19): error TS7026: JSX element implicitly has type 'any' because no interface 'JSX.IntrinsicElements' exists.
src/App.tsx(239,133): error TS7006: Parameter '_' implicitly has an 'any' type.
src/App.tsx(239,135): error TS7006: Parameter 'd' implicitly has an 'any' type.
src/App.tsx(239,226): error TS7026: JSX element implicitly has type 'any' because no interface 'JSX.IntrinsicElements' exists.
src/App.tsx(239,259): error TS7026: JSX element implicitly has type 'any' because no interface 'JSX.IntrinsicElements' exists.
src/App.tsx(239,289): error TS7006: Parameter 'v' implicitly has an 'any' type.
src/App.tsx(239,292): error TS7026: JSX element implicitly has type 'any' because no interface 'JSX.IntrinsicElements' exists.
src/App.tsx(239,333): error TS7026: JSX element implicitly has type 'any' because no interface 'JSX.IntrinsicElements' exists.
src/App.tsx(239,353): error TS7026: JSX element implicitly has type 'any' because no interface 'JSX.IntrinsicElements' exists.
src/App.tsx(242,55): error TS7026: JSX element implicitly has type 'any' because no interface 'JSX.IntrinsicElements' exists.
src/App.tsx(242,194): error TS7026: JSX element implicitly has type 'any' because no interface 'JSX.IntrinsicElements' exists.
src/App.tsx(242,225): error TS7026: JSX element implicitly has type 'any' because no interface 'JSX.IntrinsicElements' exists.
src/App.tsx(242,248): error TS7026: JSX element implicitly has type 'any' because no interface 'JSX.IntrinsicElements' exists.
src/App.tsx(242,277): error TS7026: JSX element implicitly has type 'any' because no interface 'JSX.IntrinsicElements' exists.
src/App.tsx(242,281): error TS7026: JSX element implicitly has type 'any' because no interface 'JSX.IntrinsicElements' exists.
src/App.tsx(242,285): error TS7026: JSX element implicitly has type 'any' because no interface 'JSX.IntrinsicElements' exists.
src/App.tsx(242,289): error TS7026: JSX element implicitly has type 'any' because no interface 'JSX.IntrinsicElements' exists.
src/App.tsx(242,293): error TS7026: JSX element implicitly has type 'any' because no interface 'JSX.IntrinsicElements' exists.
src/App.tsx(242,300): error TS7026: JSX element implicitly has type 'any' because no interface 'JSX.IntrinsicElements' exists.
src/App.tsx(242,316): error TS7026: JSX element implicitly has type 'any' because no interface 'JSX.IntrinsicElements' exists.
src/App.tsx(242,325): error TS7026: JSX element implicitly has type 'any' because no interface 'JSX.IntrinsicElements' exists.
src/App.tsx(242,337): error TS7026: JSX element implicitly has type 'any' because no interface 'JSX.IntrinsicElements' exists.
src/App.tsx(242,344): error TS7026: JSX element implicitly has type 'any' because no interface 'JSX.IntrinsicElements' exists.
src/App.tsx(242,350): error TS7026: JSX element implicitly has type 'any' because no interface 'JSX.IntrinsicElements' exists.
src/App.tsx(242,409): error TS7026: JSX element implicitly has type 'any' because no interface 'JSX.IntrinsicElements' exists.
src/App.tsx(242,416): error TS7026: JSX element implicitly has type 'any' because no interface 'JSX.IntrinsicElements' exists.
src/App.tsx(242,626): error TS7026: JSX element implicitly has type 'any' because no interface 'JSX.IntrinsicElements' exists.
src/App.tsx(242,653): error TS7026: JSX element implicitly has type 'any' because no interface 'JSX.IntrinsicElements' exists.
src/App.tsx(242,660): error TS7026: JSX element implicitly has type 'any' because no interface 'JSX.IntrinsicElements' exists.
src/App.tsx(242,666): error TS7026: JSX element implicitly has type 'any' because no interface 'JSX.IntrinsicElements' exists.
src/App.tsx(243,2): error TS7026: JSX element implicitly has type 'any' because no interface 'JSX.IntrinsicElements' exists.
src/App.tsx(243,28): error TS7026: JSX element implicitly has type 'any' because no interface 'JSX.IntrinsicElements' exists.
src/App.tsx(243,692): error TS7026: JSX element implicitly has type 'any' because no interface 'JSX.IntrinsicElements' exists.
src/App.tsx(243,892): error TS7026: JSX element implicitly has type 'any' because no interface 'JSX.IntrinsicElements' exists.
src/App.tsx(243,910): error TS7026: JSX element implicitly has type 'any' because no interface 'JSX.IntrinsicElements' exists.
src/App.tsx(243,917): error TS7026: JSX element implicitly has type 'any' because no interface 'JSX.IntrinsicElements' exists.
src/App.tsx(243,939): error TS7026: JSX element implicitly has type 'any' because no interface 'JSX.IntrinsicElements' exists.
src/App.tsx(244,2): error TS7026: JSX element implicitly has type 'any' because no interface 'JSX.IntrinsicElements' exists.
src/App.tsx(244,67): error TS7026: JSX element implicitly has type 'any' because no interface 'JSX.IntrinsicElements' exists.
src/App.tsx(244,99): error TS7026: JSX element implicitly has type 'any' because no interface 'JSX.IntrinsicElements' exists.
src/App.tsx(244,111): error TS7026: JSX element implicitly has type 'any' because no interface 'JSX.IntrinsicElements' exists.
src/App.tsx(244,171): error TS7026: JSX element implicitly has type 'any' because no interface 'JSX.IntrinsicElements' exists.
src/App.tsx(244,177): error TS7026: JSX element implicitly has type 'any' because no interface 'JSX.IntrinsicElements' exists.
src/App.tsx(244,343): error TS7006: Parameter '_' implicitly has an 'any' type.
src/App.tsx(244,345): error TS7006: Parameter 'd' implicitly has an 'any' type.
src/App.tsx(244,391): error TS7026: JSX element implicitly has type 'any' because no interface 'JSX.IntrinsicElements' exists.
src/App.tsx(244,426): error TS7026: JSX element implicitly has type 'any' because no interface 'JSX.IntrinsicElements' exists.
src/App.tsx(244,456): error TS7006: Parameter 'w' implicitly has an 'any' type.
src/App.tsx(244,459): error TS7026: JSX element implicitly has type 'any' because no interface 'JSX.IntrinsicElements' exists.
src/App.tsx(244,500): error TS7026: JSX element implicitly has type 'any' because no interface 'JSX.IntrinsicElements' exists.
src/App.tsx(244,640): error TS7006: Parameter '_' implicitly has an 'any' type.
src/App.tsx(244,642): error TS7006: Parameter 'd' implicitly has an 'any' type.
src/App.tsx(244,869): error TS7026: JSX element implicitly has type 'any' because no interface 'JSX.IntrinsicElements' exists.
src/App.tsx(244,907): error TS7026: JSX element implicitly has type 'any' because no interface 'JSX.IntrinsicElements' exists.
src/App.tsx(244,916): error TS7026: JSX element implicitly has type 'any' because no interface 'JSX.IntrinsicElements' exists.
src/App.tsx(244,977): error TS7026: JSX element implicitly has type 'any' because no interface 'JSX.IntrinsicElements' exists.
src/App.tsx(244,1053): error TS7026: JSX element implicitly has type 'any' because no interface 'JSX.IntrinsicElements' exists.
src/App.tsx(244,1064): error TS7026: JSX element implicitly has type 'any' because no interface 'JSX.IntrinsicElements' exists.
src/App.tsx(244,1075): error TS7026: JSX element implicitly has type 'any' because no interface 'JSX.IntrinsicElements' exists.
src/App.tsx(244,1118): error TS7026: JSX element implicitly has type 'any' because no interface 'JSX.IntrinsicElements' exists.
src/App.tsx(244,1127): error TS7026: JSX element implicitly has type 'any' because no interface 'JSX.IntrinsicElements' exists.
src/App.tsx(244,1175): error TS7006: Parameter 'c' implicitly has an 'any' type.
src/App.tsx(244,1178): error TS7026: JSX element implicitly has type 'any' because no interface 'JSX.IntrinsicElements' exists.
src/App.tsx(244,1219): error TS7026: JSX element implicitly has type 'any' because no interface 'JSX.IntrinsicElements' exists.
src/App.tsx(244,1230): error TS7026: JSX element implicitly has type 'any' because no interface 'JSX.IntrinsicElements' exists.
src/App.tsx(244,1271): error TS7026: JSX element implicitly has type 'any' because no interface 'JSX.IntrinsicElements' exists.
src/App.tsx(244,1340): error TS7026: JSX element implicitly has type 'any' because no interface 'JSX.IntrinsicElements' exists.
src/App.tsx(244,1349): error TS7026: JSX element implicitly has type 'any' because no interface 'JSX.IntrinsicElements' exists.
src/App.tsx(245,40): error TS7026: JSX element implicitly has type 'any' because no interface 'JSX.IntrinsicElements' exists.
src/App.tsx(245,74): error TS7026: JSX element implicitly has type 'any' because no interface 'JSX.IntrinsicElements' exists.
src/App.tsx(245,88): error TS7026: JSX element implicitly has type 'any' because no interface 'JSX.IntrinsicElements' exists.
src/App.tsx(245,95): error TS7026: JSX element implicitly has type 'any' because no interface 'JSX.IntrinsicElements' exists.
src/App.tsx(245,122): error TS7006: Parameter 'b' implicitly has an 'any' type.
src/App.tsx(245,166): error TS7026: JSX element implicitly has type 'any' because no interface 'JSX.IntrinsicElements' exists.
src/App.tsx(245,170): error TS7026: JSX element implicitly has type 'any' because no interface 'JSX.IntrinsicElements' exists.
src/App.tsx(245,176): error TS7026: JSX element implicitly has type 'any' because no interface 'JSX.IntrinsicElements' exists.
src/App.tsx(245,207): error TS7026: JSX element implicitly has type 'any' because no interface 'JSX.IntrinsicElements' exists.
src/App.tsx(245,221): error TS7026: JSX element implicitly has type 'any' because no interface 'JSX.IntrinsicElements' exists.
src/App.tsx(245,230): error TS7026: JSX element implicitly has type 'any' because no interface 'JSX.IntrinsicElements' exists.
src/App.tsx(245,261): error TS7026: JSX element implicitly has type 'any' because no interface 'JSX.IntrinsicElements' exists.
src/App.tsx(245,268): error TS7026: JSX element implicitly has type 'any' because no interface 'JSX.IntrinsicElements' exists.
src/App.tsx(245,287): error TS7026: JSX element implicitly has type 'any' because no interface 'JSX.IntrinsicElements' exists.
src/App.tsx(245,291): error TS7026: JSX element implicitly has type 'any' because no interface 'JSX.IntrinsicElements' exists.
src/App.tsx(245,325): error TS7006: Parameter 'b' implicitly has an 'any' type.
src/App.tsx(245,360): error TS7006: Parameter 'block' implicitly has an 'any' type.
src/App.tsx(245,367): error TS7026: JSX element implicitly has type 'any' because no interface 'JSX.IntrinsicElements' exists.
src/App.tsx(245,623): error TS7026: JSX element implicitly has type 'any' because no interface 'JSX.IntrinsicElements' exists.
src/App.tsx(245,678): error TS7026: JSX element implicitly has type 'any' because no interface 'JSX.IntrinsicElements' exists.
src/App.tsx(245,685): error TS7026: JSX element implicitly has type 'any' because no interface 'JSX.IntrinsicElements' exists.
src/App.tsx(245,691): error TS7026: JSX element implicitly has type 'any' because no interface 'JSX.IntrinsicElements' exists.
src/App.tsx(245,707): error TS7026: JSX element implicitly has type 'any' because no interface 'JSX.IntrinsicElements' exists.
src/App.tsx(245,711): error TS7026: JSX element implicitly has type 'any' because no interface 'JSX.IntrinsicElements' exists.
src/App.tsx(245,732): error TS7053: Element implicitly has an 'any' type because expression of type 'any' can't be used to index type 'Record<KernelId, string>'.
src/App.tsx(245,799): error TS7026: JSX element implicitly has type 'any' because no interface 'JSX.IntrinsicElements' exists.
src/App.tsx(245,807): error TS7026: JSX element implicitly has type 'any' because no interface 'JSX.IntrinsicElements' exists.
src/App.tsx(245,814): error TS7026: JSX element implicitly has type 'any' because no interface 'JSX.IntrinsicElements' exists.
src/App.tsx(245,825): error TS7026: JSX element implicitly has type 'any' because no interface 'JSX.IntrinsicElements' exists.
src/App.tsx(245,835): error TS7026: JSX element implicitly has type 'any' because no interface 'JSX.IntrinsicElements' exists.
src/App.tsx(246,18): error TS7026: JSX element implicitly has type 'any' because no interface 'JSX.IntrinsicElements' exists.
src/App.tsx(246,52): error TS7026: JSX element implicitly has type 'any' because no interface 'JSX.IntrinsicElements' exists.
src/App.tsx(246,70): error TS7026: JSX element implicitly has type 'any' because no interface 'JSX.IntrinsicElements' exists.
src/App.tsx(246,77): error TS7026: JSX element implicitly has type 'any' because no interface 'JSX.IntrinsicElements' exists.
src/App.tsx(246,112): error TS7026: JSX element implicitly has type 'any' because no interface 'JSX.IntrinsicElements' exists.
src/App.tsx(246,116): error TS7026: JSX element implicitly has type 'any' because no interface 'JSX.IntrinsicElements' exists.
src/App.tsx(246,122): error TS7026: JSX element implicitly has type 'any' because no interface 'JSX.IntrinsicElements' exists.
src/App.tsx(246,173): error TS7006: Parameter 's' implicitly has an 'any' type.
src/App.tsx(246,175): error TS7006: Parameter 'i' implicitly has an 'any' type.
src/App.tsx(246,179): error TS7026: JSX element implicitly has type 'any' because no interface 'JSX.IntrinsicElements' exists.
src/App.tsx(246,371): error TS7026: JSX element implicitly has type 'any' because no interface 'JSX.IntrinsicElements' exists.
src/App.tsx(246,468): error TS7026: JSX element implicitly has type 'any' because no interface 'JSX.IntrinsicElements' exists.
src/App.tsx(246,475): error TS7026: JSX element implicitly has type 'any' because no interface 'JSX.IntrinsicElements' exists.
src/App.tsx(246,480): error TS7026: JSX element implicitly has type 'any' because no interface 'JSX.IntrinsicElements' exists.
src/App.tsx(246,492): error TS7026: JSX element implicitly has type 'any' because no interface 'JSX.IntrinsicElements' exists.
src/App.tsx(246,496): error TS7026: JSX element implicitly has type 'any' because no interface 'JSX.IntrinsicElements' exists.
src/App.tsx(246,513): error TS7026: JSX element implicitly has type 'any' because no interface 'JSX.IntrinsicElements' exists.
src/App.tsx(246,521): error TS7026: JSX element implicitly has type 'any' because no interface 'JSX.IntrinsicElements' exists.
src/App.tsx(246,527): error TS7026: JSX element implicitly has type 'any' because no interface 'JSX.IntrinsicElements' exists.
src/App.tsx(246,538): error TS7026: JSX element implicitly has type 'any' because no interface 'JSX.IntrinsicElements' exists.
src/App.tsx(247,2): error TS7026: JSX element implicitly has type 'any' because no interface 'JSX.IntrinsicElements' exists.
src/App.tsx(247,36): error TS7026: JSX element implicitly has type 'any' because no interface 'JSX.IntrinsicElements' exists.
src/App.tsx(247,51): error TS7026: JSX element implicitly has type 'any' because no interface 'JSX.IntrinsicElements' exists.
src/App.tsx(247,58): error TS7026: JSX element implicitly has type 'any' because no interface 'JSX.IntrinsicElements' exists.
src/App.tsx(247,83): error TS7026: JSX element implicitly has type 'any' because no interface 'JSX.IntrinsicElements' exists.
src/App.tsx(247,87): error TS7026: JSX element implicitly has type 'any' because no interface 'JSX.IntrinsicElements' exists.
src/App.tsx(247,93): error TS7026: JSX element implicitly has type 'any' because no interface 'JSX.IntrinsicElements' exists.
src/App.tsx(247,228): error TS7006: Parameter 'a' implicitly has an 'any' type.
src/App.tsx(247,255): error TS7026: JSX element implicitly has type 'any' because no interface 'JSX.IntrinsicElements' exists.
src/App.tsx(247,297): error TS7026: JSX element implicitly has type 'any' because no interface 'JSX.IntrinsicElements' exists.
src/App.tsx(247,306): error TS7026: JSX element implicitly has type 'any' because no interface 'JSX.IntrinsicElements' exists.
src/App.tsx(247,353): error TS7026: JSX element implicitly has type 'any' because no interface 'JSX.IntrinsicElements' exists.
src/App.tsx(247,373): error TS7026: JSX element implicitly has type 'any' because no interface 'JSX.IntrinsicElements' exists.
src/App.tsx(247,381): error TS7026: JSX element implicitly has type 'any' because no interface 'JSX.IntrinsicElements' exists.
src/App.tsx(247,401): error TS7006: Parameter 'a' implicitly has an 'any' type.
src/App.tsx(247,404): error TS7026: JSX element implicitly has type 'any' because no interface 'JSX.IntrinsicElements' exists.
src/App.tsx(247,481): error TS7026: JSX element implicitly has type 'any' because no interface 'JSX.IntrinsicElements' exists.
src/App.tsx(247,511): error TS7026: JSX element implicitly has type 'any' because no interface 'JSX.IntrinsicElements' exists.
src/App.tsx(247,518): error TS7026: JSX element implicitly has type 'any' because no interface 'JSX.IntrinsicElements' exists.
src/App.tsx(247,546): error TS7026: JSX element implicitly has type 'any' because no interface 'JSX.IntrinsicElements' exists.
src/App.tsx(247,647): error TS7026: JSX element implicitly has type 'any' because no interface 'JSX.IntrinsicElements' exists.
src/App.tsx(247,658): error TS7026: JSX element implicitly has type 'any' because no interface 'JSX.IntrinsicElements' exists.
src/App.tsx(247,671): error TS7026: JSX element implicitly has type 'any' because no interface 'JSX.IntrinsicElements' exists.
src/App.tsx(248,2): error TS7026: JSX element implicitly has type 'any' because no interface 'JSX.IntrinsicElements' exists.
src/App.tsx(248,35): error TS7026: JSX element implicitly has type 'any' because no interface 'JSX.IntrinsicElements' exists.
src/App.tsx(248,58): error TS7026: JSX element implicitly has type 'any' because no interface 'JSX.IntrinsicElements' exists.
src/App.tsx(248,62): error TS7026: JSX element implicitly has type 'any' because no interface 'JSX.IntrinsicElements' exists.
src/App.tsx(248,122): error TS7026: JSX element implicitly has type 'any' because no interface 'JSX.IntrinsicElements' exists.
src/App.tsx(248,126): error TS7026: JSX element implicitly has type 'any' because no interface 'JSX.IntrinsicElements' exists.
src/App.tsx(248,132): error TS7026: JSX element implicitly has type 'any' because no interface 'JSX.IntrinsicElements' exists.
src/App.tsx(249,2): error TS7026: JSX element implicitly has type 'any' because no interface 'JSX.IntrinsicElements' exists.
src/App.tsx(249,35): error TS7026: JSX element implicitly has type 'any' because no interface 'JSX.IntrinsicElements' exists.
src/App.tsx(249,63): error TS7026: JSX element implicitly has type 'any' because no interface 'JSX.IntrinsicElements' exists.
src/App.tsx(249,79): error TS7026: JSX element implicitly has type 'any' because no interface 'JSX.IntrinsicElements' exists.
src/App.tsx(249,86): error TS7026: JSX element implicitly has type 'any' because no interface 'JSX.IntrinsicElements' exists.
src/App.tsx(249,93): error TS7026: JSX element implicitly has type 'any' because no interface 'JSX.IntrinsicElements' exists.
src/App.tsx(249,100): error TS7026: JSX element implicitly has type 'any' because no interface 'JSX.IntrinsicElements' exists.
src/App.tsx(249,149): error TS7026: JSX element implicitly has type 'any' because no interface 'JSX.IntrinsicElements' exists.
src/App.tsx(249,153): error TS7026: JSX element implicitly has type 'any' because no interface 'JSX.IntrinsicElements' exists.
src/App.tsx(249,234): error TS7026: JSX element implicitly has type 'any' because no interface 'JSX.IntrinsicElements' exists.
src/App.tsx(249,241): error TS7026: JSX element implicitly has type 'any' because no interface 'JSX.IntrinsicElements' exists.
src/App.tsx(250,2): error TS7026: JSX element implicitly has type 'any' because no interface 'JSX.IntrinsicElements' exists.
src/App.tsx(250,31): error TS7026: JSX element implicitly has type 'any' because no interface 'JSX.IntrinsicElements' exists.
src/App.tsx(250,160): error TS7006: Parameter '_' implicitly has an 'any' type.
src/App.tsx(250,162): error TS7006: Parameter 'd' implicitly has an 'any' type.
src/App.tsx(250,187): error TS7026: JSX element implicitly has type 'any' because no interface 'JSX.IntrinsicElements' exists.
src/App.tsx(250,221): error TS7026: JSX element implicitly has type 'any' because no interface 'JSX.IntrinsicElements' exists.
src/App.tsx(250,261): error TS7026: JSX element implicitly has type 'any' because no interface 'JSX.IntrinsicElements' exists.
src/App.tsx(250,317): error TS7026: JSX element implicitly has type 'any' because no interface 'JSX.IntrinsicElements' exists.
src/App.tsx(250,328): error TS7026: JSX element implicitly has type 'any' because no interface 'JSX.IntrinsicElements' exists.
src/App.tsx(250,367): error TS7026: JSX element implicitly has type 'any' because no interface 'JSX.IntrinsicElements' exists.
src/App.tsx(250,731): error TS7026: JSX element implicitly has type 'any' because no interface 'JSX.IntrinsicElements' exists.
src/App.tsx(250,803): error TS7006: Parameter 'e' implicitly has an 'any' type.
src/App.tsx(250,1160): error TS7026: JSX element implicitly has type 'any' because no interface 'JSX.IntrinsicElements' exists.
src/App.tsx(250,1272): error TS7026: JSX element implicitly has type 'any' because no interface 'JSX.IntrinsicElements' exists.
src/App.tsx(251,14): error TS7026: JSX element implicitly has type 'any' because no interface 'JSX.IntrinsicElements' exists.
src/App.tsx(251,53): error TS7026: JSX element implicitly has type 'any' because no interface 'JSX.IntrinsicElements' exists.
src/App.tsx(251,104): error TS7026: JSX element implicitly has type 'any' because no interface 'JSX.IntrinsicElements' exists.
src/App.tsx(251,114): error TS7026: JSX element implicitly has type 'any' because no interface 'JSX.IntrinsicElements' exists.
src/App.tsx(251,145): error TS7026: JSX element implicitly has type 'any' because no interface 'JSX.IntrinsicElements' exists.
src/App.tsx(251,176): error TS7026: JSX element implicitly has type 'any' because no interface 'JSX.IntrinsicElements' exists.
src/App.tsx(251,210): error TS7026: JSX element implicitly has type 'any' because no interface 'JSX.IntrinsicElements' exists.
src/App.tsx(251,291): error TS7026: JSX element implicitly has type 'any' because no interface 'JSX.IntrinsicElements' exists.
src/App.tsx(251,295): error TS7026: JSX element implicitly has type 'any' because no interface 'JSX.IntrinsicElements' exists.
src/App.tsx(251,557): error TS7026: JSX element implicitly has type 'any' because no interface 'JSX.IntrinsicElements' exists.
src/App.tsx(251,1029): error TS7026: JSX element implicitly has type 'any' because no interface 'JSX.IntrinsicElements' exists.
src/App.tsx(251,1035): error TS7026: JSX element implicitly has type 'any' because no interface 'JSX.IntrinsicElements' exists.
src/App.tsx(251,1040): error TS7026: JSX element implicitly has type 'any' because no interface 'JSX.IntrinsicElements' exists.
src/App.tsx(251,1081): error TS7026: JSX element implicitly has type 'any' because no interface 'JSX.IntrinsicElements' exists.
src/App.tsx(251,1150): error TS7006: Parameter '_' implicitly has an 'any' type.
src/App.tsx(251,1152): error TS7006: Parameter 'd' implicitly has an 'any' type.
src/App.tsx(251,1344): error TS7006: Parameter 'p' implicitly has an 'any' type.
src/App.tsx(251,1347): error TS7026: JSX element implicitly has type 'any' because no interface 'JSX.IntrinsicElements' exists.
src/App.tsx(251,1387): error TS7026: JSX element implicitly has type 'any' because no interface 'JSX.IntrinsicElements' exists.
src/App.tsx(251,1463): error TS7006: Parameter '_' implicitly has an 'any' type.
src/App.tsx(251,1465): error TS7006: Parameter 'd' implicitly has an 'any' type.
src/App.tsx(251,1505): error TS7026: JSX element implicitly has type 'any' because no interface 'JSX.IntrinsicElements' exists.
src/App.tsx(251,1555): error TS7006: Parameter 'p' implicitly has an 'any' type.
src/App.tsx(251,1609): error TS7026: JSX element implicitly has type 'any' because no interface 'JSX.IntrinsicElements' exists.
src/App.tsx(251,1615): error TS7026: JSX element implicitly has type 'any' because no interface 'JSX.IntrinsicElements' exists.
src/App.tsx(253,11): error TS7026: JSX element implicitly has type 'any' because no interface 'JSX.IntrinsicElements' exists.
src/App.tsx(253,45): error TS7026: JSX element implicitly has type 'any' because no interface 'JSX.IntrinsicElements' exists.
src/App.tsx(253,75): error TS7026: JSX element implicitly has type 'any' because no interface 'JSX.IntrinsicElements' exists.
src/App.tsx(253,80): error TS7026: JSX element implicitly has type 'any' because no interface 'JSX.IntrinsicElements' exists.
src/App.tsx(253,89): error TS7026: JSX element implicitly has type 'any' because no interface 'JSX.IntrinsicElements' exists.
src/App.tsx(253,110): error TS7026: JSX element implicitly has type 'any' because no interface 'JSX.IntrinsicElements' exists.
src/App.tsx(253,201): error TS7026: JSX element implicitly has type 'any' because no interface 'JSX.IntrinsicElements' exists.
src/App.tsx(253,205): error TS7026: JSX element implicitly has type 'any' because no interface 'JSX.IntrinsicElements' exists.
src/App.tsx(253,208): error TS7026: JSX element implicitly has type 'any' because no interface 'JSX.IntrinsicElements' exists.
src/App.tsx(253,270): error TS7026: JSX element implicitly has type 'any' because no interface 'JSX.IntrinsicElements' exists.
src/App.tsx(253,330): error TS7026: JSX element implicitly has type 'any' because no interface 'JSX.IntrinsicElements' exists.
src/App.tsx(253,441): error TS7006: Parameter '_' implicitly has an 'any' type.
src/App.tsx(253,443): error TS7006: Parameter 'd' implicitly has an 'any' type.
src/App.tsx(253,467): error TS7026: JSX element implicitly has type 'any' because no interface 'JSX.IntrinsicElements' exists.
src/App.tsx(254,11): error TS7026: JSX element implicitly has type 'any' because no interface 'JSX.IntrinsicElements' exists.
src/App.tsx(254,76): error TS7026: JSX element implicitly has type 'any' because no interface 'JSX.IntrinsicElements' exists.
src/App.tsx(254,333): error TS7026: JSX element implicitly has type 'any' because no interface 'JSX.IntrinsicElements' exists.
src/App.tsx(254,358): error TS7026: JSX element implicitly has type 'any' because no interface 'JSX.IntrinsicElements' exists.
src/App.tsx(254,422): error TS7026: JSX element implicitly has type 'any' because no interface 'JSX.IntrinsicElements' exists.
src/App.tsx(254,428): error TS7026: JSX element implicitly has type 'any' because no interface 'JSX.IntrinsicElements' exists.
src/App.tsx(254,446): error TS7026: JSX element implicitly has type 'any' because no interface 'JSX.IntrinsicElements' exists.
src/App.tsx(254,478): error TS7026: JSX element implicitly has type 'any' because no interface 'JSX.IntrinsicElements' exists.
src/App.tsx(254,483): error TS7026: JSX element implicitly has type 'any' because no interface 'JSX.IntrinsicElements' exists.
src/App.tsx(254,623): error TS7026: JSX element implicitly has type 'any' because no interface 'JSX.IntrinsicElements' exists.
src/App.tsx(254,627): error TS7026: JSX element implicitly has type 'any' because no interface 'JSX.IntrinsicElements' exists.
src/App.tsx(254,676): error TS7026: JSX element implicitly has type 'any' because no interface 'JSX.IntrinsicElements' exists.
src/App.tsx(254,681): error TS7026: JSX element implicitly has type 'any' because no interface 'JSX.IntrinsicElements' exists.
src/App.tsx(254,745): error TS7026: JSX element implicitly has type 'any' because no interface 'JSX.IntrinsicElements' exists.
src/App.tsx(254,869): error TS7026: JSX element implicitly has type 'any' because no interface 'JSX.IntrinsicElements' exists.
src/App.tsx(254,919): error TS7026: JSX element implicitly has type 'any' because no interface 'JSX.IntrinsicElements' exists.
src/App.tsx(254,926): error TS7026: JSX element implicitly has type 'any' because no interface 'JSX.IntrinsicElements' exists.
src/App.tsx(254,944): error TS7026: JSX element implicitly has type 'any' because no interface 'JSX.IntrinsicElements' exists.
src/App.tsx(254,949): error TS7026: JSX element implicitly has type 'any' because no interface 'JSX.IntrinsicElements' exists.
src/App.tsx(254,972): error TS7026: JSX element implicitly has type 'any' because no interface 'JSX.IntrinsicElements' exists.
src/App.tsx(254,976): error TS7026: JSX element implicitly has type 'any' because no interface 'JSX.IntrinsicElements' exists.
src/App.tsx(254,997): error TS7026: JSX element implicitly has type 'any' because no interface 'JSX.IntrinsicElements' exists.
src/App.tsx(254,1005): error TS7026: JSX element implicitly has type 'any' because no interface 'JSX.IntrinsicElements' exists.
src/App.tsx(254,1016): error TS7026: JSX element implicitly has type 'any' because no interface 'JSX.IntrinsicElements' exists.
src/App.tsx(254,1106): error TS7026: JSX element implicitly has type 'any' because no interface 'JSX.IntrinsicElements' exists.
src/App.tsx(254,1149): error TS7026: JSX element implicitly has type 'any' because no interface 'JSX.IntrinsicElements' exists.
src/App.tsx(254,1156): error TS7026: JSX element implicitly has type 'any' because no interface 'JSX.IntrinsicElements' exists.
src/App.tsx(254,1174): error TS7026: JSX element implicitly has type 'any' because no interface 'JSX.IntrinsicElements' exists.
src/App.tsx(254,1179): error TS7026: JSX element implicitly has type 'any' because no interface 'JSX.IntrinsicElements' exists.
src/App.tsx(254,1316): error TS7026: JSX element implicitly has type 'any' because no interface 'JSX.IntrinsicElements' exists.
src/App.tsx(254,1320): error TS7026: JSX element implicitly has type 'any' because no interface 'JSX.IntrinsicElements' exists.
src/App.tsx(254,1402): error TS7026: JSX element implicitly has type 'any' because no interface 'JSX.IntrinsicElements' exists.
src/App.tsx(254,1410): error TS7026: JSX element implicitly has type 'any' because no interface 'JSX.IntrinsicElements' exists.
src/App.tsx(254,1419): error TS7026: JSX element implicitly has type 'any' because no interface 'JSX.IntrinsicElements' exists.
src/App.tsx(254,1425): error TS7026: JSX element implicitly has type 'any' because no interface 'JSX.IntrinsicElements' exists.
src/App.tsx(254,1475): error TS7026: JSX element implicitly has type 'any' because no interface 'JSX.IntrinsicElements' exists.
src/App.tsx(254,1480): error TS7026: JSX element implicitly has type 'any' because no interface 'JSX.IntrinsicElements' exists.
src/App.tsx(254,1524): error TS7006: Parameter 'c' implicitly has an 'any' type.
src/App.tsx(254,1527): error TS7026: JSX element implicitly has type 'any' because no interface 'JSX.IntrinsicElements' exists.
src/App.tsx(254,1668): error TS7026: JSX element implicitly has type 'any' because no interface 'JSX.IntrinsicElements' exists.
src/App.tsx(254,1681): error TS7026: JSX element implicitly has type 'any' because no interface 'JSX.IntrinsicElements' exists.
src/App.tsx(254,1686): error TS7026: JSX element implicitly has type 'any' because no interface 'JSX.IntrinsicElements' exists.
src/App.tsx(254,1701): error TS7026: JSX element implicitly has type 'any' because no interface 'JSX.IntrinsicElements' exists.
src/App.tsx(254,1705): error TS7026: JSX element implicitly has type 'any' because no interface 'JSX.IntrinsicElements' exists.
src/App.tsx(254,1760): error TS7026: JSX element implicitly has type 'any' because no interface 'JSX.IntrinsicElements' exists.
src/App.tsx(254,1767): error TS7026: JSX element implicitly has type 'any' because no interface 'JSX.IntrinsicElements' exists.
src/App.tsx(254,1778): error TS7026: JSX element implicitly has type 'any' because no interface 'JSX.IntrinsicElements' exists.
src/App.tsx(254,1784): error TS7026: JSX element implicitly has type 'any' because no interface 'JSX.IntrinsicElements' exists.
src/App.tsx(255,2): error TS7026: JSX element implicitly has type 'any' because no interface 'JSX.IntrinsicElements' exists.
src/App.tsx(255,37): error TS7026: JSX element implicitly has type 'any' because no interface 'JSX.IntrinsicElements' exists.
src/App.tsx(255,42): error TS7026: JSX element implicitly has type 'any' because no interface 'JSX.IntrinsicElements' exists.
src/App.tsx(255,199): error TS7026: JSX element implicitly has type 'any' because no interface 'JSX.IntrinsicElements' exists.
src/App.tsx(255,206): error TS7026: JSX element implicitly has type 'any' because no interface 'JSX.IntrinsicElements' exists.
src/App.tsx(255,462): error TS7026: JSX element implicitly has type 'any' because no interface 'JSX.IntrinsicElements' exists.
src/App.tsx(255,467): error TS7026: JSX element implicitly has type 'any' because no interface 'JSX.IntrinsicElements' exists.
src/App.tsx(255,473): error TS7026: JSX element implicitly has type 'any' because no interface 'JSX.IntrinsicElements' exists.
src/App.tsx(255,709): error TS7026: JSX element implicitly has type 'any' because no interface 'JSX.IntrinsicElements' exists.
src/App.tsx(255,715): error TS7026: JSX element implicitly has type 'any' because no interface 'JSX.IntrinsicElements' exists.
src/App.tsx(256,104): error TS2322: Type '{ key: any; api: any; onApproved: any; }' is not assignable to type '{ api: ApiClient; onApproved: (approved: boolean) => void; }'.
  Property 'key' does not exist on type '{ api: ApiClient; onApproved: (approved: boolean) => void; }'.
src/App.tsx(257,45): error TS7026: JSX element implicitly has type 'any' because no interface 'JSX.IntrinsicElements' exists.
src/App.tsx(257,84): error TS7026: JSX element implicitly has type 'any' because no interface 'JSX.IntrinsicElements' exists.
src/App.tsx(257,129): error TS7026: JSX element implicitly has type 'any' because no interface 'JSX.IntrinsicElements' exists.
src/App.tsx(257,139): error TS7026: JSX element implicitly has type 'any' because no interface 'JSX.IntrinsicElements' exists.
src/App.tsx(257,350): error TS7006: Parameter 'e' implicitly has an 'any' type.
src/App.tsx(257,473): error TS7006: Parameter 'e' implicitly has an 'any' type.
src/App.tsx(257,1079): error TS7006: Parameter 'c' implicitly has an 'any' type.
src/App.tsx(257,1442): error TS7006: Parameter 'b' implicitly has an 'any' type.
src/App.tsx(257,1492): error TS7006: Parameter 'b' implicitly has an 'any' type.
src/App.tsx(257,1743): error TS7006: Parameter '_' implicitly has an 'any' type.
src/App.tsx(257,1745): error TS7006: Parameter 'd' implicitly has an 'any' type.
src/App.tsx(257,2125): error TS7006: Parameter '_' implicitly has an 'any' type.
src/App.tsx(257,2127): error TS7006: Parameter 'd' implicitly has an 'any' type.
src/App.tsx(257,2361): error TS7026: JSX element implicitly has type 'any' because no interface 'JSX.IntrinsicElements' exists.
src/App.tsx(257,2395): error TS7026: JSX element implicitly has type 'any' because no interface 'JSX.IntrinsicElements' exists.
src/App.tsx(257,2404): error TS7026: JSX element implicitly has type 'any' because no interface 'JSX.IntrinsicElements' exists.
src/App.tsx(257,2444): error TS7026: JSX element implicitly has type 'any' because no interface 'JSX.IntrinsicElements' exists.
src/App.tsx(257,2453): error TS7026: JSX element implicitly has type 'any' because no interface 'JSX.IntrinsicElements' exists.
src/App.tsx(257,2489): error TS7026: JSX element implicitly has type 'any' because no interface 'JSX.IntrinsicElements' exists.
src/App.tsx(257,2658): error TS7006: Parameter '_' implicitly has an 'any' type.
src/App.tsx(257,2660): error TS7006: Parameter 'd' implicitly has an 'any' type.
src/App.tsx(257,2880): error TS7026: JSX element implicitly has type 'any' because no interface 'JSX.IntrinsicElements' exists.
src/App.tsx(257,2910): error TS7026: JSX element implicitly has type 'any' because no interface 'JSX.IntrinsicElements' exists.
src/App.tsx(257,2919): error TS7026: JSX element implicitly has type 'any' because no interface 'JSX.IntrinsicElements' exists.
src/App.tsx(257,2953): error TS7026: JSX element implicitly has type 'any' because no interface 'JSX.IntrinsicElements' exists.
src/App.tsx(257,2962): error TS7026: JSX element implicitly has type 'any' because no interface 'JSX.IntrinsicElements' exists.
src/App.tsx(257,2992): error TS7026: JSX element implicitly has type 'any' because no interface 'JSX.IntrinsicElements' exists.
src/App.tsx(257,3116): error TS7026: JSX element implicitly has type 'any' because no interface 'JSX.IntrinsicElements' exists.
src/App.tsx(257,3122): error TS7026: JSX element implicitly has type 'any' because no interface 'JSX.IntrinsicElements' exists.
src/App.tsx(258,48): error TS7026: JSX element implicitly has type 'any' because no interface 'JSX.IntrinsicElements' exists.
src/App.tsx(258,87): error TS7026: JSX element implicitly has type 'any' because no interface 'JSX.IntrinsicElements' exists.
src/App.tsx(258,143): error TS7026: JSX element implicitly has type 'any' because no interface 'JSX.IntrinsicElements' exists.
src/App.tsx(258,153): error TS7026: JSX element implicitly has type 'any' because no interface 'JSX.IntrinsicElements' exists.
src/App.tsx(258,240): error TS7006: Parameter '_' implicitly has an 'any' type.
src/App.tsx(258,242): error TS7006: Parameter 'd' implicitly has an 'any' type.
src/App.tsx(258,404): error TS7006: Parameter 'v' implicitly has an 'any' type.
src/App.tsx(258,463): error TS7026: JSX element implicitly has type 'any' because no interface 'JSX.IntrinsicElements' exists.
src/App.tsx(258,594): error TS7006: Parameter '_' implicitly has an 'any' type.
src/App.tsx(258,596): error TS7006: Parameter 'd' implicitly has an 'any' type.
src/App.tsx(258,840): error TS7026: JSX element implicitly has type 'any' because no interface 'JSX.IntrinsicElements' exists.
src/App.tsx(258,942): error TS7026: JSX element implicitly has type 'any' because no interface 'JSX.IntrinsicElements' exists.
src/App.tsx(258,1070): error TS7006: Parameter '_' implicitly has an 'any' type.
src/App.tsx(258,1072): error TS7006: Parameter 'd' implicitly has an 'any' type.
src/App.tsx(258,1145): error TS7026: JSX element implicitly has type 'any' because no interface 'JSX.IntrinsicElements' exists.
src/App.tsx(258,1176): error TS7026: JSX element implicitly has type 'any' because no interface 'JSX.IntrinsicElements' exists.
src/App.tsx(258,1185): error TS7026: JSX element implicitly has type 'any' because no interface 'JSX.IntrinsicElements' exists.
src/App.tsx(258,1223): error TS7026: JSX element implicitly has type 'any' because no interface 'JSX.IntrinsicElements' exists.
src/App.tsx(258,1232): error TS7026: JSX element implicitly has type 'any' because no interface 'JSX.IntrinsicElements' exists.
src/App.tsx(258,1278): error TS7026: JSX element implicitly has type 'any' because no interface 'JSX.IntrinsicElements' exists.
src/App.tsx(258,2063): error TS7006: Parameter '_' implicitly has an 'any' type.
src/App.tsx(258,2065): error TS7006: Parameter 'd' implicitly has an 'any' type.
src/App.tsx(258,2115): error TS7026: JSX element implicitly has type 'any' because no interface 'JSX.IntrinsicElements' exists.
src/App.tsx(258,2138): error TS7026: JSX element implicitly has type 'any' because no interface 'JSX.IntrinsicElements' exists.
src/App.tsx(258,2147): error TS7026: JSX element implicitly has type 'any' because no interface 'JSX.IntrinsicElements' exists.
src/App.tsx(258,2180): error TS7026: JSX element implicitly has type 'any' because no interface 'JSX.IntrinsicElements' exists.
src/App.tsx(258,2189): error TS7026: JSX element implicitly has type 'any' because no interface 'JSX.IntrinsicElements' exists.
src/App.tsx(258,2218): error TS7026: JSX element implicitly has type 'any' because no interface 'JSX.IntrinsicElements' exists.
src/App.tsx(258,2227): error TS7026: JSX element implicitly has type 'any' because no interface 'JSX.IntrinsicElements' exists.
src/App.tsx(258,2256): error TS7026: JSX element implicitly has type 'any' because no interface 'JSX.IntrinsicElements' exists.
src/App.tsx(258,2265): error TS7026: JSX element implicitly has type 'any' because no interface 'JSX.IntrinsicElements' exists.
src/App.tsx(258,2295): error TS7026: JSX element implicitly has type 'any' because no interface 'JSX.IntrinsicElements' exists.
src/App.tsx(258,2604): error TS7026: JSX element implicitly has type 'any' because no interface 'JSX.IntrinsicElements' exists.
src/App.tsx(258,2610): error TS7026: JSX element implicitly has type 'any' because no interface 'JSX.IntrinsicElements' exists.
src/App.tsx(258,2616): error TS7026: JSX element implicitly has type 'any' because no interface 'JSX.IntrinsicElements' exists.
src/App.tsx(258,2639): error TS7026: JSX element implicitly has type 'any' because no interface 'JSX.IntrinsicElements' exists.
src/App.tsx(258,2784): error TS7026: JSX element implicitly has type 'any' because no interface 'JSX.IntrinsicElements' exists.
src/App.tsx(258,3099): error TS7026: JSX element implicitly has type 'any' because no interface 'JSX.IntrinsicElements' exists.
src/App.tsx(258,3129): error TS7026: JSX element implicitly has type 'any' because no interface 'JSX.IntrinsicElements' exists.
src/App.tsx(258,3281): error TS7026: JSX element implicitly has type 'any' because no interface 'JSX.IntrinsicElements' exists.
src/App.tsx(258,3325): error TS7026: JSX element implicitly has type 'any' because no interface 'JSX.IntrinsicElements' exists.
src/App.tsx(258,3376): error TS7026: JSX element implicitly has type 'any' because no interface 'JSX.IntrinsicElements' exists.
src/App.tsx(258,3384): error TS7026: JSX element implicitly has type 'any' because no interface 'JSX.IntrinsicElements' exists.
src/App.tsx(258,3400): error TS7026: JSX element implicitly has type 'any' because no interface 'JSX.IntrinsicElements' exists.
src/App.tsx(258,3404): error TS7026: JSX element implicitly has type 'any' because no interface 'JSX.IntrinsicElements' exists.
src/App.tsx(258,3442): error TS7026: JSX element implicitly has type 'any' because no interface 'JSX.IntrinsicElements' exists.
src/App.tsx(258,3449): error TS7026: JSX element implicitly has type 'any' because no interface 'JSX.IntrinsicElements' exists.
src/App.tsx(258,3492): error TS7026: JSX element implicitly has type 'any' because no interface 'JSX.IntrinsicElements' exists.
src/App.tsx(258,3504): error TS7026: JSX element implicitly has type 'any' because no interface 'JSX.IntrinsicElements' exists.
src/App.tsx(260,2): error TS7026: JSX element implicitly has type 'any' because no interface 'JSX.IntrinsicElements' exists.
src/App.tsx(260,33): error TS7026: JSX element implicitly has type 'any' because no interface 'JSX.IntrinsicElements' exists.
src/App.tsx(260,109): error TS7026: JSX element implicitly has type 'any' because no interface 'JSX.IntrinsicElements' exists.
src/App.tsx(260,116): error TS7026: JSX element implicitly has type 'any' because no interface 'JSX.IntrinsicElements' exists.
src/App.tsx(260,138): error TS7006: Parameter 'sum' implicitly has an 'any' type.
src/App.tsx(260,142): error TS7006: Parameter 'a' implicitly has an 'any' type.
src/App.tsx(260,245): error TS7026: JSX element implicitly has type 'any' because no interface 'JSX.IntrinsicElements' exists.
src/App.tsx(260,252): error TS7026: JSX element implicitly has type 'any' because no interface 'JSX.IntrinsicElements' exists.
src/App.tsx(260,261): error TS7026: JSX element implicitly has type 'any' because no interface 'JSX.IntrinsicElements' exists.
src/App.tsx(260,268): error TS7026: JSX element implicitly has type 'any' because no interface 'JSX.IntrinsicElements' exists.
src/App.tsx(260,274): error TS7026: JSX element implicitly has type 'any' because no interface 'JSX.IntrinsicElements' exists.
src/CodeEditor.tsx(1,75): error TS2307: Cannot find module 'react' or its corresponding type declarations.
src/CodeEditor.tsx(11,40): error TS7026: JSX element implicitly has type 'any' because no interface 'JSX.IntrinsicElements' exists.
src/CodeEditor.tsx(11,40): error TS2875: This JSX tag requires the module path 'react/jsx-runtime' to exist, but none could be found. Make sure you have types for the appropriate package installed.
src/CodeEditor.tsx(11,45): error TS7026: JSX element implicitly has type 'any' because no interface 'JSX.IntrinsicElements' exists.
src/CodeEditor.tsx(11,179): error TS7026: JSX element implicitly has type 'any' because no interface 'JSX.IntrinsicElements' exists.
src/CodeEditor.tsx(11,191): error TS2339: Property 'props' does not exist on type 'EditorBoundary'.
src/CodeEditor.tsx(11,206): error TS7026: JSX element implicitly has type 'any' because no interface 'JSX.IntrinsicElements' exists.
src/CodeEditor.tsx(11,220): error TS2339: Property 'props' does not exist on type 'EditorBoundary'.
src/CodeEditor.tsx(17,10): error TS7026: JSX element implicitly has type 'any' because no interface 'JSX.IntrinsicElements' exists.
src/CodeEditor.tsx(17,39): error TS7026: JSX element implicitly has type 'any' because no interface 'JSX.IntrinsicElements' exists.
src/CodeEditor.tsx(17,68): error TS7026: JSX element implicitly has type 'any' because no interface 'JSX.IntrinsicElements' exists.
src/CodeEditor.tsx(17,90): error TS7026: JSX element implicitly has type 'any' because no interface 'JSX.IntrinsicElements' exists.
src/CodeEditor.tsx(17,97): error TS7026: JSX element implicitly has type 'any' because no interface 'JSX.IntrinsicElements' exists.
src/CodeEditor.tsx(17,198): error TS7026: JSX element implicitly has type 'any' because no interface 'JSX.IntrinsicElements' exists.
src/CodeEditor.tsx(17,207): error TS7026: JSX element implicitly has type 'any' because no interface 'JSX.IntrinsicElements' exists.
src/CodeEditor.tsx(17,381): error TS7026: JSX element implicitly has type 'any' because no interface 'JSX.IntrinsicElements' exists.
src/CodeEditor.tsx(28,10): error TS7026: JSX element implicitly has type 'any' because no interface 'JSX.IntrinsicElements' exists.
src/CodeEditor.tsx(28,48): error TS7026: JSX element implicitly has type 'any' because no interface 'JSX.IntrinsicElements' exists.
src/CodeEditor.tsx(28,77): error TS7026: JSX element implicitly has type 'any' because no interface 'JSX.IntrinsicElements' exists.
src/CodeEditor.tsx(28,159): error TS7026: JSX element implicitly has type 'any' because no interface 'JSX.IntrinsicElements' exists.
src/CodeEditor.tsx(28,179): error TS7026: JSX element implicitly has type 'any' because no interface 'JSX.IntrinsicElements' exists.
src/CodeEditor.tsx(28,187): error TS7026: JSX element implicitly has type 'any' because no interface 'JSX.IntrinsicElements' exists.
src/CodeEditor.tsx(28,193): error TS7026: JSX element implicitly has type 'any' because no interface 'JSX.IntrinsicElements' exists.
src/CodeEditor.tsx(28,379): error TS7006: Parameter 'e' implicitly has an 'any' type.
src/CodeEditor.tsx(28,420): error TS7006: Parameter 'e' implicitly has an 'any' type.
src/CodeEditor.tsx(28,546): error TS7006: Parameter 'e' implicitly has an 'any' type.
src/CodeEditor.tsx(38,7): error TS7026: JSX element implicitly has type 'any' because no interface 'JSX.IntrinsicElements' exists.
src/CodeEditor.tsx(38,13): error TS7026: JSX element implicitly has type 'any' because no interface 'JSX.IntrinsicElements' exists.
src/CodeEditor.tsx(38,48): error TS7026: JSX element implicitly has type 'any' because no interface 'JSX.IntrinsicElements' exists.
src/CodeEditor.tsx(38,153): error TS7026: JSX element implicitly has type 'any' because no interface 'JSX.IntrinsicElements' exists.
src/CodeEditor.tsx(38,160): error TS7026: JSX element implicitly has type 'any' because no interface 'JSX.IntrinsicElements' exists.
src/CodeEditor.tsx(38,294): error TS7026: JSX element implicitly has type 'any' because no interface 'JSX.IntrinsicElements' exists.
src/CodeEditor.tsx(38,303): error TS7026: JSX element implicitly has type 'any' because no interface 'JSX.IntrinsicElements' exists.
src/CodeEditor.tsx(38,309): error TS7026: JSX element implicitly has type 'any' because no interface 'JSX.IntrinsicElements' exists.
src/InterviewPractice.tsx(1,24): error TS2307: Cannot find module 'react' or its corresponding type declarations.
src/InterviewPractice.tsx(2,47): error TS2307: Cannot find module '@fluentui/react-components' or its corresponding type declarations.
src/InterviewPractice.tsx(9,9): error TS7026: JSX element implicitly has type 'any' because no interface 'JSX.IntrinsicElements' exists.
src/InterviewPractice.tsx(9,9): error TS2875: This JSX tag requires the module path 'react/jsx-runtime' to exist, but none could be found. Make sure you have types for the appropriate package installed.
src/InterviewPractice.tsx(9,91): error TS7026: JSX element implicitly has type 'any' because no interface 'JSX.IntrinsicElements' exists.
src/InterviewPractice.tsx(9,122): error TS7026: JSX element implicitly has type 'any' because no interface 'JSX.IntrinsicElements' exists.
src/InterviewPractice.tsx(9,127): error TS7026: JSX element implicitly has type 'any' because no interface 'JSX.IntrinsicElements' exists.
src/InterviewPractice.tsx(9,304): error TS7026: JSX element implicitly has type 'any' because no interface 'JSX.IntrinsicElements' exists.
src/InterviewPractice.tsx(9,308): error TS7026: JSX element implicitly has type 'any' because no interface 'JSX.IntrinsicElements' exists.
src/InterviewPractice.tsx(9,509): error TS7026: JSX element implicitly has type 'any' because no interface 'JSX.IntrinsicElements' exists.
src/InterviewPractice.tsx(10,2): error TS7026: JSX element implicitly has type 'any' because no interface 'JSX.IntrinsicElements' exists.
src/InterviewPractice.tsx(10,91): error TS7006: Parameter '_' implicitly has an 'any' type.
src/InterviewPractice.tsx(10,93): error TS7006: Parameter 'd' implicitly has an 'any' type.
src/InterviewPractice.tsx(10,180): error TS7006: Parameter '_' implicitly has an 'any' type.
src/InterviewPractice.tsx(10,182): error TS7006: Parameter 'd' implicitly has an 'any' type.
src/InterviewPractice.tsx(10,205): error TS7026: JSX element implicitly has type 'any' because no interface 'JSX.IntrinsicElements' exists.
src/InterviewPractice.tsx(10,232): error TS7026: JSX element implicitly has type 'any' because no interface 'JSX.IntrinsicElements' exists.
src/InterviewPractice.tsx(10,294): error TS7026: JSX element implicitly has type 'any' because no interface 'JSX.IntrinsicElements' exists.
src/InterviewPractice.tsx(10,313): error TS7026: JSX element implicitly has type 'any' because no interface 'JSX.IntrinsicElements' exists.
src/InterviewPractice.tsx(10,405): error TS7006: Parameter '_' implicitly has an 'any' type.
src/InterviewPractice.tsx(10,407): error TS7006: Parameter 'd' implicitly has an 'any' type.
src/InterviewPractice.tsx(10,435): error TS7026: JSX element implicitly has type 'any' because no interface 'JSX.IntrinsicElements' exists.
src/InterviewPractice.tsx(10,468): error TS7026: JSX element implicitly has type 'any' because no interface 'JSX.IntrinsicElements' exists.
src/InterviewPractice.tsx(10,510): error TS7026: JSX element implicitly has type 'any' because no interface 'JSX.IntrinsicElements' exists.
src/InterviewPractice.tsx(10,529): error TS7026: JSX element implicitly has type 'any' because no interface 'JSX.IntrinsicElements' exists.
src/InterviewPractice.tsx(10,615): error TS7006: Parameter '_' implicitly has an 'any' type.
src/InterviewPractice.tsx(10,617): error TS7006: Parameter 'd' implicitly has an 'any' type.
src/InterviewPractice.tsx(10,643): error TS7026: JSX element implicitly has type 'any' because no interface 'JSX.IntrinsicElements' exists.
src/InterviewPractice.tsx(10,671): error TS7026: JSX element implicitly has type 'any' because no interface 'JSX.IntrinsicElements' exists.
src/InterviewPractice.tsx(10,731): error TS7026: JSX element implicitly has type 'any' because no interface 'JSX.IntrinsicElements' exists.
src/InterviewPractice.tsx(10,750): error TS7026: JSX element implicitly has type 'any' because no interface 'JSX.IntrinsicElements' exists.
src/InterviewPractice.tsx(10,834): error TS7006: Parameter '_' implicitly has an 'any' type.
src/InterviewPractice.tsx(10,836): error TS7006: Parameter 'd' implicitly has an 'any' type.
src/InterviewPractice.tsx(10,860): error TS7026: JSX element implicitly has type 'any' because no interface 'JSX.IntrinsicElements' exists.
src/InterviewPractice.tsx(10,889): error TS7026: JSX element implicitly has type 'any' because no interface 'JSX.IntrinsicElements' exists.
src/InterviewPractice.tsx(10,958): error TS7026: JSX element implicitly has type 'any' because no interface 'JSX.IntrinsicElements' exists.
src/InterviewPractice.tsx(10,977): error TS7026: JSX element implicitly has type 'any' because no interface 'JSX.IntrinsicElements' exists.
src/InterviewPractice.tsx(10,1005): error TS7026: JSX element implicitly has type 'any' because no interface 'JSX.IntrinsicElements' exists.
src/InterviewPractice.tsx(11,13): error TS7026: JSX element implicitly has type 'any' because no interface 'JSX.IntrinsicElements' exists.
src/InterviewPractice.tsx(11,38): error TS7026: JSX element implicitly has type 'any' because no interface 'JSX.IntrinsicElements' exists.
src/InterviewPractice.tsx(11,66): error TS7026: JSX element implicitly has type 'any' because no interface 'JSX.IntrinsicElements' exists.
src/InterviewPractice.tsx(11,125): error TS7026: JSX element implicitly has type 'any' because no interface 'JSX.IntrinsicElements' exists.
src/InterviewPractice.tsx(11,393): error TS7026: JSX element implicitly has type 'any' because no interface 'JSX.IntrinsicElements' exists.
src/InterviewPractice.tsx(11,452): error TS7026: JSX element implicitly has type 'any' because no interface 'JSX.IntrinsicElements' exists.
src/InterviewPractice.tsx(11,494): error TS7026: JSX element implicitly has type 'any' because no interface 'JSX.IntrinsicElements' exists.
src/InterviewPractice.tsx(11,500): error TS7026: JSX element implicitly has type 'any' because no interface 'JSX.IntrinsicElements' exists.
src/InterviewPractice.tsx(13,2): error TS7026: JSX element implicitly has type 'any' because no interface 'JSX.IntrinsicElements' exists.
src/InterviewPractice.tsx(13,43): error TS7026: JSX element implicitly has type 'any' because no interface 'JSX.IntrinsicElements' exists.
src/InterviewPractice.tsx(13,147): error TS7026: JSX element implicitly has type 'any' because no interface 'JSX.IntrinsicElements' exists.
src/InterviewPractice.tsx(13,160): error TS7026: JSX element implicitly has type 'any' because no interface 'JSX.IntrinsicElements' exists.
src/InterviewPractice.tsx(13,178): error TS7026: JSX element implicitly has type 'any' because no interface 'JSX.IntrinsicElements' exists.
src/InterviewPractice.tsx(13,336): error TS7026: JSX element implicitly has type 'any' because no interface 'JSX.IntrinsicElements' exists.
src/InterviewPractice.tsx(13,341): error TS7026: JSX element implicitly has type 'any' because no interface 'JSX.IntrinsicElements' exists.
src/InterviewPractice.tsx(13,354): error TS7026: JSX element implicitly has type 'any' because no interface 'JSX.IntrinsicElements' exists.
src/InterviewPractice.tsx(13,358): error TS7026: JSX element implicitly has type 'any' because no interface 'JSX.IntrinsicElements' exists.
src/InterviewPractice.tsx(13,434): error TS7026: JSX element implicitly has type 'any' because no interface 'JSX.IntrinsicElements' exists.
src/InterviewPractice.tsx(13,483): error TS7026: JSX element implicitly has type 'any' because no interface 'JSX.IntrinsicElements' exists.
src/InterviewPractice.tsx(13,487): error TS7026: JSX element implicitly has type 'any' because no interface 'JSX.IntrinsicElements' exists.
src/InterviewPractice.tsx(13,827): error TS7026: JSX element implicitly has type 'any' because no interface 'JSX.IntrinsicElements' exists.
src/InterviewPractice.tsx(13,891): error TS7026: JSX element implicitly has type 'any' because no interface 'JSX.IntrinsicElements' exists.
src/InterviewPractice.tsx(13,938): error TS7026: JSX element implicitly has type 'any' because no interface 'JSX.IntrinsicElements' exists.
src/InterviewPractice.tsx(13,961): error TS7026: JSX element implicitly has type 'any' because no interface 'JSX.IntrinsicElements' exists.
src/InterviewPractice.tsx(13,1029): error TS7026: JSX element implicitly has type 'any' because no interface 'JSX.IntrinsicElements' exists.
src/InterviewPractice.tsx(13,1046): error TS7026: JSX element implicitly has type 'any' because no interface 'JSX.IntrinsicElements' exists.
src/InterviewPractice.tsx(13,1238): error TS7026: JSX element implicitly has type 'any' because no interface 'JSX.IntrinsicElements' exists.
src/InterviewPractice.tsx(13,1400): error TS7026: JSX element implicitly has type 'any' because no interface 'JSX.IntrinsicElements' exists.
src/InterviewPractice.tsx(13,1412): error TS7026: JSX element implicitly has type 'any' because no interface 'JSX.IntrinsicElements' exists.
src/InterviewPractice.tsx(13,1433): error TS7026: JSX element implicitly has type 'any' because no interface 'JSX.IntrinsicElements' exists.
src/InterviewPractice.tsx(13,1469): error TS7026: JSX element implicitly has type 'any' because no interface 'JSX.IntrinsicElements' exists.
src/InterviewPractice.tsx(13,1474): error TS7026: JSX element implicitly has type 'any' because no interface 'JSX.IntrinsicElements' exists.
src/InterviewPractice.tsx(16,9): error TS7026: JSX element implicitly has type 'any' because no interface 'JSX.IntrinsicElements' exists.
src/InterviewPractice.tsx(16,38): error TS7026: JSX element implicitly has type 'any' because no interface 'JSX.IntrinsicElements' exists.
src/InterviewPractice.tsx(16,47): error TS7026: JSX element implicitly has type 'any' because no interface 'JSX.IntrinsicElements' exists.
src/InterviewPractice.tsx(16,94): error TS7026: JSX element implicitly has type 'any' because no interface 'JSX.IntrinsicElements' exists.
src/InterviewPractice.tsx(16,108): error TS7026: JSX element implicitly has type 'any' because no interface 'JSX.IntrinsicElements' exists.
src/InterviewPractice.tsx(16,223): error TS7026: JSX element implicitly has type 'any' because no interface 'JSX.IntrinsicElements' exists.
src/InterviewPractice.tsx(16,245): error TS7026: JSX element implicitly has type 'any' because no interface 'JSX.IntrinsicElements' exists.
src/InterviewPractice.tsx(16,412): error TS7026: JSX element implicitly has type 'any' because no interface 'JSX.IntrinsicElements' exists.
src/InterviewPractice.tsx(16,427): error TS7026: JSX element implicitly has type 'any' because no interface 'JSX.IntrinsicElements' exists.
src/InterviewPractice.tsx(16,434): error TS7026: JSX element implicitly has type 'any' because no interface 'JSX.IntrinsicElements' exists.
src/InterviewPractice.tsx(16,443): error TS7026: JSX element implicitly has type 'any' because no interface 'JSX.IntrinsicElements' exists.
src/InterviewPractice.tsx(16,463): error TS7026: JSX element implicitly has type 'any' because no interface 'JSX.IntrinsicElements' exists.
src/InterviewPractice.tsx(16,473): error TS7026: JSX element implicitly has type 'any' because no interface 'JSX.IntrinsicElements' exists.
src/InterviewPractice.tsx(16,498): error TS7026: JSX element implicitly has type 'any' because no interface 'JSX.IntrinsicElements' exists.
src/InterviewPractice.tsx(16,502): error TS7026: JSX element implicitly has type 'any' because no interface 'JSX.IntrinsicElements' exists.
src/InterviewPractice.tsx(16,512): error TS7026: JSX element implicitly has type 'any' because no interface 'JSX.IntrinsicElements' exists.
src/InterviewPractice.tsx(16,538): error TS7026: JSX element implicitly has type 'any' because no interface 'JSX.IntrinsicElements' exists.
src/InterviewPractice.tsx(16,571): error TS7026: JSX element implicitly has type 'any' because no interface 'JSX.IntrinsicElements' exists.
src/InterviewPractice.tsx(16,585): error TS7026: JSX element implicitly has type 'any' because no interface 'JSX.IntrinsicElements' exists.
src/InterviewPractice.tsx(16,591): error TS7026: JSX element implicitly has type 'any' because no interface 'JSX.IntrinsicElements' exists.
src/InterviewPractice.tsx(19,9): error TS7026: JSX element implicitly has type 'any' because no interface 'JSX.IntrinsicElements' exists.
src/InterviewPractice.tsx(19,86): error TS7026: JSX element implicitly has type 'any' because no interface 'JSX.IntrinsicElements' exists.
src/InterviewPractice.tsx(19,102): error TS7026: JSX element implicitly has type 'any' because no interface 'JSX.IntrinsicElements' exists.
src/InterviewPractice.tsx(19,125): error TS7026: JSX element implicitly has type 'any' because no interface 'JSX.IntrinsicElements' exists.
src/InterviewPractice.tsx(19,219): error TS7026: JSX element implicitly has type 'any' because no interface 'JSX.IntrinsicElements' exists.
src/InterviewPractice.tsx(19,235): error TS7026: JSX element implicitly has type 'any' because no interface 'JSX.IntrinsicElements' exists.
src/InterviewPractice.tsx(19,287): error TS7026: JSX element implicitly has type 'any' because no interface 'JSX.IntrinsicElements' exists.
src/InterviewPractice.tsx(19,292): error TS7026: JSX element implicitly has type 'any' because no interface 'JSX.IntrinsicElements' exists.
src/InterviewPractice.tsx(19,369): error TS7026: JSX element implicitly has type 'any' because no interface 'JSX.IntrinsicElements' exists.
src/InterviewPractice.tsx(19,388): error TS7026: JSX element implicitly has type 'any' because no interface 'JSX.IntrinsicElements' exists.
src/InterviewPractice.tsx(19,413): error TS7026: JSX element implicitly has type 'any' because no interface 'JSX.IntrinsicElements' exists.
src/InterviewPractice.tsx(19,440): error TS7026: JSX element implicitly has type 'any' because no interface 'JSX.IntrinsicElements' exists.
src/InterviewPractice.tsx(19,552): error TS7026: JSX element implicitly has type 'any' because no interface 'JSX.IntrinsicElements' exists.
src/InterviewPractice.tsx(19,566): error TS7026: JSX element implicitly has type 'any' because no interface 'JSX.IntrinsicElements' exists.
src/InterviewPractice.tsx(19,597): error TS7026: JSX element implicitly has type 'any' because no interface 'JSX.IntrinsicElements' exists.
src/InterviewPractice.tsx(19,606): error TS7026: JSX element implicitly has type 'any' because no interface 'JSX.IntrinsicElements' exists.
src/InterviewPractice.tsx(19,632): error TS7026: JSX element implicitly has type 'any' because no interface 'JSX.IntrinsicElements' exists.
src/InterviewPractice.tsx(19,642): error TS7026: JSX element implicitly has type 'any' because no interface 'JSX.IntrinsicElements' exists.
src/InterviewPractice.tsx(19,709): error TS7026: JSX element implicitly has type 'any' because no interface 'JSX.IntrinsicElements' exists.
src/InterviewPractice.tsx(19,715): error TS7026: JSX element implicitly has type 'any' because no interface 'JSX.IntrinsicElements' exists.
src/InterviewPractice.tsx(19,726): error TS7026: JSX element implicitly has type 'any' because no interface 'JSX.IntrinsicElements' exists.
src/InterviewPractice.tsx(20,2): error TS7026: JSX element implicitly has type 'any' because no interface 'JSX.IntrinsicElements' exists.
src/InterviewPractice.tsx(20,11): error TS7026: JSX element implicitly has type 'any' because no interface 'JSX.IntrinsicElements' exists.
src/InterviewPractice.tsx(20,55): error TS7026: JSX element implicitly has type 'any' because no interface 'JSX.IntrinsicElements' exists.
src/InterviewPractice.tsx(20,82): error TS7026: JSX element implicitly has type 'any' because no interface 'JSX.IntrinsicElements' exists.
src/InterviewPractice.tsx(20,102): error TS7026: JSX element implicitly has type 'any' because no interface 'JSX.IntrinsicElements' exists.
src/InterviewPractice.tsx(20,132): error TS7026: JSX element implicitly has type 'any' because no interface 'JSX.IntrinsicElements' exists.
src/InterviewPractice.tsx(20,136): error TS7026: JSX element implicitly has type 'any' because no interface 'JSX.IntrinsicElements' exists.
src/InterviewPractice.tsx(20,305): error TS7026: JSX element implicitly has type 'any' because no interface 'JSX.IntrinsicElements' exists.
src/InterviewPractice.tsx(20,309): error TS7026: JSX element implicitly has type 'any' because no interface 'JSX.IntrinsicElements' exists.
src/InterviewPractice.tsx(20,318): error TS7026: JSX element implicitly has type 'any' because no interface 'JSX.IntrinsicElements' exists.
src/InterviewPractice.tsx(20,356): error TS7026: JSX element implicitly has type 'any' because no interface 'JSX.IntrinsicElements' exists.
src/InterviewPractice.tsx(20,366): error TS7026: JSX element implicitly has type 'any' because no interface 'JSX.IntrinsicElements' exists.
src/InterviewPractice.tsx(20,381): error TS7026: JSX element implicitly has type 'any' because no interface 'JSX.IntrinsicElements' exists.
src/InterviewPractice.tsx(20,387): error TS7026: JSX element implicitly has type 'any' because no interface 'JSX.IntrinsicElements' exists.
src/InterviewPractice.tsx(20,498): error TS7026: JSX element implicitly has type 'any' because no interface 'JSX.IntrinsicElements' exists.
src/InterviewPractice.tsx(20,504): error TS7026: JSX element implicitly has type 'any' because no interface 'JSX.IntrinsicElements' exists.
src/InterviewPractice.tsx(20,514): error TS7026: JSX element implicitly has type 'any' because no interface 'JSX.IntrinsicElements' exists.
src/InterviewPractice.tsx(20,526): error TS7026: JSX element implicitly has type 'any' because no interface 'JSX.IntrinsicElements' exists.
src/InterviewPractice.tsx(20,536): error TS7026: JSX element implicitly has type 'any' because no interface 'JSX.IntrinsicElements' exists.
src/InterviewPractice.tsx(23,9): error TS7026: JSX element implicitly has type 'any' because no interface 'JSX.IntrinsicElements' exists.
src/InterviewPractice.tsx(23,104): error TS7026: JSX element implicitly has type 'any' because no interface 'JSX.IntrinsicElements' exists.
src/InterviewPractice.tsx(23,125): error TS7026: JSX element implicitly has type 'any' because no interface 'JSX.IntrinsicElements' exists.
src/InterviewPractice.tsx(23,168): error TS7026: JSX element implicitly has type 'any' because no interface 'JSX.IntrinsicElements' exists.
src/InterviewPractice.tsx(23,223): error TS7026: JSX element implicitly has type 'any' because no interface 'JSX.IntrinsicElements' exists.
src/InterviewPractice.tsx(24,37): error TS7026: JSX element implicitly has type 'any' because no interface 'JSX.IntrinsicElements' exists.
src/InterviewPractice.tsx(24,68): error TS7026: JSX element implicitly has type 'any' because no interface 'JSX.IntrinsicElements' exists.
src/InterviewPractice.tsx(24,96): error TS7026: JSX element implicitly has type 'any' because no interface 'JSX.IntrinsicElements' exists.
src/InterviewPractice.tsx(24,106): error TS7026: JSX element implicitly has type 'any' because no interface 'JSX.IntrinsicElements' exists.
src/InterviewPractice.tsx(24,178): error TS7026: JSX element implicitly has type 'any' because no interface 'JSX.IntrinsicElements' exists.
src/InterviewPractice.tsx(24,202): error TS7026: JSX element implicitly has type 'any' because no interface 'JSX.IntrinsicElements' exists.
src/InterviewPractice.tsx(24,233): error TS7026: JSX element implicitly has type 'any' because no interface 'JSX.IntrinsicElements' exists.
src/InterviewPractice.tsx(24,238): error TS7026: JSX element implicitly has type 'any' because no interface 'JSX.IntrinsicElements' exists.
src/InterviewPractice.tsx(24,285): error TS7026: JSX element implicitly has type 'any' because no interface 'JSX.IntrinsicElements' exists.
src/InterviewPractice.tsx(24,291): error TS7026: JSX element implicitly has type 'any' because no interface 'JSX.IntrinsicElements' exists.
src/InterviewPractice.tsx(25,53): error TS7026: JSX element implicitly has type 'any' because no interface 'JSX.IntrinsicElements' exists.
src/InterviewPractice.tsx(25,153): error TS7026: JSX element implicitly has type 'any' because no interface 'JSX.IntrinsicElements' exists.
src/InterviewPractice.tsx(26,64): error TS7026: JSX element implicitly has type 'any' because no interface 'JSX.IntrinsicElements' exists.
src/InterviewPractice.tsx(26,78): error TS7026: JSX element implicitly has type 'any' because no interface 'JSX.IntrinsicElements' exists.
src/InterviewPractice.tsx(26,87): error TS7026: JSX element implicitly has type 'any' because no interface 'JSX.IntrinsicElements' exists.
src/InterviewPractice.tsx(26,100): error TS7026: JSX element implicitly has type 'any' because no interface 'JSX.IntrinsicElements' exists.
src/InterviewPractice.tsx(26,139): error TS7026: JSX element implicitly has type 'any' because no interface 'JSX.IntrinsicElements' exists.
src/InterviewPractice.tsx(26,166): error TS7026: JSX element implicitly has type 'any' because no interface 'JSX.IntrinsicElements' exists.
src/InterviewPractice.tsx(27,2): error TS7026: JSX element implicitly has type 'any' because no interface 'JSX.IntrinsicElements' exists.
src/InterviewPractice.tsx(27,11): error TS7026: JSX element implicitly has type 'any' because no interface 'JSX.IntrinsicElements' exists.
src/InterviewPractice.tsx(27,50): error TS7026: JSX element implicitly has type 'any' because no interface 'JSX.IntrinsicElements' exists.
src/InterviewPractice.tsx(27,60): error TS7026: JSX element implicitly has type 'any' because no interface 'JSX.IntrinsicElements' exists.
src/InterviewPractice.tsx(27,172): error TS7026: JSX element implicitly has type 'any' because no interface 'JSX.IntrinsicElements' exists.
src/InterviewPractice.tsx(27,178): error TS7026: JSX element implicitly has type 'any' because no interface 'JSX.IntrinsicElements' exists.
src/InterviewPractice.tsx(27,188): error TS7026: JSX element implicitly has type 'any' because no interface 'JSX.IntrinsicElements' exists.
src/MonacoAdapter.tsx(1,32): error TS2307: Cannot find module 'react' or its corresponding type declarations.
src/MonacoAdapter.tsx(2,29): error TS2307: Cannot find module '@monaco-editor/react' or its corresponding type declarations.
src/MonacoAdapter.tsx(3,25): error TS2307: Cannot find module 'monaco-editor' or its corresponding type declarations.
src/MonacoAdapter.tsx(4,26): error TS2307: Cannot find module 'monaco-editor/esm/vs/editor/editor.worker?worker' or its corresponding type declarations.
src/MonacoAdapter.tsx(19,9): error TS7026: JSX element implicitly has type 'any' because no interface 'JSX.IntrinsicElements' exists.
src/MonacoAdapter.tsx(19,9): error TS2875: This JSX tag requires the module path 'react/jsx-runtime' to exist, but none could be found. Make sure you have types for the appropriate package installed.
src/MonacoAdapter.tsx(19,162): error TS7006: Parameter 'text' implicitly has an 'any' type.
src/MonacoAdapter.tsx(19,198): error TS7006: Parameter 'editor' implicitly has an 'any' type.
src/MonacoAdapter.tsx(19,205): error TS7006: Parameter 'm' implicitly has an 'any' type.
src/MonacoAdapter.tsx(19,682): error TS7026: JSX element implicitly has type 'any' because no interface 'JSX.IntrinsicElements' exists.
src/NotebookCanvas.tsx(1,79): error TS2307: Cannot find module 'react-grid-layout' or its corresponding type declarations.
src/NotebookCanvas.tsx(4,30): error TS2307: Cannot find module 'react' or its corresponding type declarations.
src/NotebookCanvas.tsx(14,9): error TS7026: JSX element implicitly has type 'any' because no interface 'JSX.IntrinsicElements' exists.
src/NotebookCanvas.tsx(14,9): error TS2875: This JSX tag requires the module path 'react/jsx-runtime' to exist, but none could be found. Make sure you have types for the appropriate package installed.
src/NotebookCanvas.tsx(15,21): error TS7026: JSX element implicitly has type 'any' because no interface 'JSX.IntrinsicElements' exists.
src/NotebookCanvas.tsx(15,50): error TS7026: JSX element implicitly has type 'any' because no interface 'JSX.IntrinsicElements' exists.
src/NotebookCanvas.tsx(15,72): error TS7026: JSX element implicitly has type 'any' because no interface 'JSX.IntrinsicElements' exists.
src/NotebookCanvas.tsx(15,77): error TS7026: JSX element implicitly has type 'any' because no interface 'JSX.IntrinsicElements' exists.
src/NotebookCanvas.tsx(15,155): error TS7026: JSX element implicitly has type 'any' because no interface 'JSX.IntrinsicElements' exists.
src/NotebookCanvas.tsx(15,159): error TS7026: JSX element implicitly has type 'any' because no interface 'JSX.IntrinsicElements' exists.
src/NotebookCanvas.tsx(16,24): error TS7026: JSX element implicitly has type 'any' because no interface 'JSX.IntrinsicElements' exists.
src/NotebookCanvas.tsx(16,77): error TS7026: JSX element implicitly has type 'any' because no interface 'JSX.IntrinsicElements' exists.
src/NotebookCanvas.tsx(16,117): error TS7026: JSX element implicitly has type 'any' because no interface 'JSX.IntrinsicElements' exists.
src/NotebookCanvas.tsx(16,125): error TS7026: JSX element implicitly has type 'any' because no interface 'JSX.IntrinsicElements' exists.
src/NotebookCanvas.tsx(16,196): error TS7006: Parameter 'layout' implicitly has an 'any' type.
src/NotebookCanvas.tsx(16,240): error TS7006: Parameter 'layout' implicitly has an 'any' type.
src/NotebookCanvas.tsx(17,24): error TS7026: JSX element implicitly has type 'any' because no interface 'JSX.IntrinsicElements' exists.
src/NotebookCanvas.tsx(17,64): error TS7026: JSX element implicitly has type 'any' because no interface 'JSX.IntrinsicElements' exists.
src/NotebookCanvas.tsx(19,2): error TS7026: JSX element implicitly has type 'any' because no interface 'JSX.IntrinsicElements' exists.
src/ResultView.tsx(2,28): error TS2307: Cannot find module '@fluentui/react-components' or its corresponding type declarations.
src/ResultView.tsx(3,24): error TS2307: Cannot find module 'react' or its corresponding type declarations.
src/ResultView.tsx(7,9): error TS7026: JSX element implicitly has type 'any' because no interface 'JSX.IntrinsicElements' exists.
src/ResultView.tsx(7,9): error TS2875: This JSX tag requires the module path 'react/jsx-runtime' to exist, but none could be found. Make sure you have types for the appropriate package installed.
src/ResultView.tsx(7,41): error TS7026: JSX element implicitly has type 'any' because no interface 'JSX.IntrinsicElements' exists.
src/ResultView.tsx(7,48): error TS7026: JSX element implicitly has type 'any' because no interface 'JSX.IntrinsicElements' exists.
src/ResultView.tsx(7,55): error TS7026: JSX element implicitly has type 'any' because no interface 'JSX.IntrinsicElements' exists.
src/ResultView.tsx(7,82): error TS7026: JSX element implicitly has type 'any' because no interface 'JSX.IntrinsicElements' exists.
src/ResultView.tsx(7,97): error TS7026: JSX element implicitly has type 'any' because no interface 'JSX.IntrinsicElements' exists.
src/ResultView.tsx(7,104): error TS7026: JSX element implicitly has type 'any' because no interface 'JSX.IntrinsicElements' exists.
src/ResultView.tsx(7,109): error TS7026: JSX element implicitly has type 'any' because no interface 'JSX.IntrinsicElements' exists.
src/ResultView.tsx(7,117): error TS7026: JSX element implicitly has type 'any' because no interface 'JSX.IntrinsicElements' exists.
src/ResultView.tsx(7,148): error TS7026: JSX element implicitly has type 'any' because no interface 'JSX.IntrinsicElements' exists.
src/ResultView.tsx(7,183): error TS7026: JSX element implicitly has type 'any' because no interface 'JSX.IntrinsicElements' exists.
src/ResultView.tsx(7,208): error TS7026: JSX element implicitly has type 'any' because no interface 'JSX.IntrinsicElements' exists.
src/ResultView.tsx(7,235): error TS7026: JSX element implicitly has type 'any' because no interface 'JSX.IntrinsicElements' exists.
src/ResultView.tsx(7,304): error TS7026: JSX element implicitly has type 'any' because no interface 'JSX.IntrinsicElements' exists.
src/ResultView.tsx(7,311): error TS7026: JSX element implicitly has type 'any' because no interface 'JSX.IntrinsicElements' exists.
src/ResultView.tsx(7,318): error TS7026: JSX element implicitly has type 'any' because no interface 'JSX.IntrinsicElements' exists.
src/ResultView.tsx(7,326): error TS7026: JSX element implicitly has type 'any' because no interface 'JSX.IntrinsicElements' exists.
src/ResultView.tsx(7,356): error TS7026: JSX element implicitly has type 'any' because no interface 'JSX.IntrinsicElements' exists.
src/ResultView.tsx(7,400): error TS7026: JSX element implicitly has type 'any' because no interface 'JSX.IntrinsicElements' exists.
src/ResultView.tsx(7,405): error TS7026: JSX element implicitly has type 'any' because no interface 'JSX.IntrinsicElements' exists.
src/ResultView.tsx(7,594): error TS7026: JSX element implicitly has type 'any' because no interface 'JSX.IntrinsicElements' exists.
src/ResultView.tsx(7,600): error TS7026: JSX element implicitly has type 'any' because no interface 'JSX.IntrinsicElements' exists.
src/ResultView.tsx(11,17): error TS7026: JSX element implicitly has type 'any' because no interface 'JSX.IntrinsicElements' exists.
src/ResultView.tsx(11,54): error TS7026: JSX element implicitly has type 'any' because no interface 'JSX.IntrinsicElements' exists.
src/ResultView.tsx(11,87): error TS7026: JSX element implicitly has type 'any' because no interface 'JSX.IntrinsicElements' exists.
src/ResultView.tsx(11,93): error TS7026: JSX element implicitly has type 'any' because no interface 'JSX.IntrinsicElements' exists.
src/ResultView.tsx(11,125): error TS7026: JSX element implicitly has type 'any' because no interface 'JSX.IntrinsicElements' exists.
src/ResultView.tsx(11,130): error TS7026: JSX element implicitly has type 'any' because no interface 'JSX.IntrinsicElements' exists.
src/ResultView.tsx(11,242): error TS7026: JSX element implicitly has type 'any' because no interface 'JSX.IntrinsicElements' exists.
src/ResultView.tsx(11,246): error TS7026: JSX element implicitly has type 'any' because no interface 'JSX.IntrinsicElements' exists.
src/ResultView.tsx(12,9): error TS7026: JSX element implicitly has type 'any' because no interface 'JSX.IntrinsicElements' exists.
src/ResultView.tsx(12,38): error TS7026: JSX element implicitly has type 'any' because no interface 'JSX.IntrinsicElements' exists.
src/ResultView.tsx(12,285): error TS7026: JSX element implicitly has type 'any' because no interface 'JSX.IntrinsicElements' exists.
src/ResultView.tsx(12,411): error TS7026: JSX element implicitly has type 'any' because no interface 'JSX.IntrinsicElements' exists.
src/ResultView.tsx(12,734): error TS7026: JSX element implicitly has type 'any' because no interface 'JSX.IntrinsicElements' exists.
src/ResultView.tsx(13,14): error TS7026: JSX element implicitly has type 'any' because no interface 'JSX.IntrinsicElements' exists.
src/ResultView.tsx(13,81): error TS7026: JSX element implicitly has type 'any' because no interface 'JSX.IntrinsicElements' exists.
src/ResultView.tsx(14,15): error TS7026: JSX element implicitly has type 'any' because no interface 'JSX.IntrinsicElements' exists.
src/ResultView.tsx(14,58): error TS7026: JSX element implicitly has type 'any' because no interface 'JSX.IntrinsicElements' exists.
src/ResultView.tsx(15,24): error TS7026: JSX element implicitly has type 'any' because no interface 'JSX.IntrinsicElements' exists.
src/ResultView.tsx(15,47): error TS7026: JSX element implicitly has type 'any' because no interface 'JSX.IntrinsicElements' exists.
src/ResultView.tsx(17,24): error TS7026: JSX element implicitly has type 'any' because no interface 'JSX.IntrinsicElements' exists.
src/ResultView.tsx(17,109): error TS7026: JSX element implicitly has type 'any' because no interface 'JSX.IntrinsicElements' exists.
src/ResultView.tsx(17,144): error TS7026: JSX element implicitly has type 'any' because no interface 'JSX.IntrinsicElements' exists.
src/ResultView.tsx(17,149): error TS7026: JSX element implicitly has type 'any' because no interface 'JSX.IntrinsicElements' exists.
src/ResultView.tsx(17,192): error TS7026: JSX element implicitly has type 'any' because no interface 'JSX.IntrinsicElements' exists.
src/ResultView.tsx(17,196): error TS7026: JSX element implicitly has type 'any' because no interface 'JSX.IntrinsicElements' exists.
src/ResultView.tsx(17,384): error TS7026: JSX element implicitly has type 'any' because no interface 'JSX.IntrinsicElements' exists.
src/ResultView.tsx(17,388): error TS7026: JSX element implicitly has type 'any' because no interface 'JSX.IntrinsicElements' exists.
src/ResultView.tsx(17,420): error TS7026: JSX element implicitly has type 'any' because no interface 'JSX.IntrinsicElements' exists.
src/ResultView.tsx(17,427): error TS7026: JSX element implicitly has type 'any' because no interface 'JSX.IntrinsicElements' exists.
src/ResultView.tsx(17,452): error TS7026: JSX element implicitly has type 'any' because no interface 'JSX.IntrinsicElements' exists.
src/ResultView.tsx(17,462): error TS7026: JSX element implicitly has type 'any' because no interface 'JSX.IntrinsicElements' exists.
src/ResultView.tsx(17,469): error TS7026: JSX element implicitly has type 'any' because no interface 'JSX.IntrinsicElements' exists.
src/ResultView.tsx(17,473): error TS7026: JSX element implicitly has type 'any' because no interface 'JSX.IntrinsicElements' exists.
src/ResultView.tsx(17,482): error TS7026: JSX element implicitly has type 'any' because no interface 'JSX.IntrinsicElements' exists.
src/ResultView.tsx(17,487): error TS7026: JSX element implicitly has type 'any' because no interface 'JSX.IntrinsicElements' exists.
src/ResultView.tsx(17,496): error TS7026: JSX element implicitly has type 'any' because no interface 'JSX.IntrinsicElements' exists.
src/ResultView.tsx(17,501): error TS7026: JSX element implicitly has type 'any' because no interface 'JSX.IntrinsicElements' exists.
src/ResultView.tsx(17,515): error TS7026: JSX element implicitly has type 'any' because no interface 'JSX.IntrinsicElements' exists.
src/ResultView.tsx(17,520): error TS7026: JSX element implicitly has type 'any' because no interface 'JSX.IntrinsicElements' exists.
src/ResultView.tsx(17,548): error TS7026: JSX element implicitly has type 'any' because no interface 'JSX.IntrinsicElements' exists.
src/ResultView.tsx(17,553): error TS7026: JSX element implicitly has type 'any' because no interface 'JSX.IntrinsicElements' exists.
src/ResultView.tsx(17,568): error TS7026: JSX element implicitly has type 'any' because no interface 'JSX.IntrinsicElements' exists.
src/ResultView.tsx(17,573): error TS7026: JSX element implicitly has type 'any' because no interface 'JSX.IntrinsicElements' exists.
src/ResultView.tsx(17,578): error TS7026: JSX element implicitly has type 'any' because no interface 'JSX.IntrinsicElements' exists.
src/ResultView.tsx(17,586): error TS7026: JSX element implicitly has type 'any' because no interface 'JSX.IntrinsicElements' exists.
src/ResultView.tsx(17,648): error TS7026: JSX element implicitly has type 'any' because no interface 'JSX.IntrinsicElements' exists.
src/ResultView.tsx(17,664): error TS7026: JSX element implicitly has type 'any' because no interface 'JSX.IntrinsicElements' exists.
src/ResultView.tsx(17,684): error TS7026: JSX element implicitly has type 'any' because no interface 'JSX.IntrinsicElements' exists.
src/ResultView.tsx(17,689): error TS7026: JSX element implicitly has type 'any' because no interface 'JSX.IntrinsicElements' exists.
src/ResultView.tsx(17,706): error TS7026: JSX element implicitly has type 'any' because no interface 'JSX.IntrinsicElements' exists.
src/ResultView.tsx(17,711): error TS7026: JSX element implicitly has type 'any' because no interface 'JSX.IntrinsicElements' exists.
src/ResultView.tsx(17,734): error TS7026: JSX element implicitly has type 'any' because no interface 'JSX.IntrinsicElements' exists.
src/ResultView.tsx(17,739): error TS7026: JSX element implicitly has type 'any' because no interface 'JSX.IntrinsicElements' exists.
src/ResultView.tsx(17,799): error TS7026: JSX element implicitly has type 'any' because no interface 'JSX.IntrinsicElements' exists.
src/ResultView.tsx(17,804): error TS7026: JSX element implicitly has type 'any' because no interface 'JSX.IntrinsicElements' exists.
src/ResultView.tsx(17,827): error TS7026: JSX element implicitly has type 'any' because no interface 'JSX.IntrinsicElements' exists.
src/ResultView.tsx(17,832): error TS7026: JSX element implicitly has type 'any' because no interface 'JSX.IntrinsicElements' exists.
src/ResultView.tsx(17,839): error TS7026: JSX element implicitly has type 'any' because no interface 'JSX.IntrinsicElements' exists.
src/ResultView.tsx(17,847): error TS7026: JSX element implicitly has type 'any' because no interface 'JSX.IntrinsicElements' exists.
src/ResultView.tsx(17,855): error TS7026: JSX element implicitly has type 'any' because no interface 'JSX.IntrinsicElements' exists.
src/ResultView.tsx(17,861): error TS7026: JSX element implicitly has type 'any' because no interface 'JSX.IntrinsicElements' exists.
src/ResultView.tsx(17,870): error TS7026: JSX element implicitly has type 'any' because no interface 'JSX.IntrinsicElements' exists.
src/ResultView.tsx(17,905): error TS7026: JSX element implicitly has type 'any' because no interface 'JSX.IntrinsicElements' exists.
src/ResultView.tsx(17,915): error TS7026: JSX element implicitly has type 'any' because no interface 'JSX.IntrinsicElements' exists.
src/ResultView.tsx(17,1096): error TS7026: JSX element implicitly has type 'any' because no interface 'JSX.IntrinsicElements' exists.
src/ResultView.tsx(17,1100): error TS7026: JSX element implicitly has type 'any' because no interface 'JSX.IntrinsicElements' exists.
src/ResultView.tsx(17,1217): error TS7026: JSX element implicitly has type 'any' because no interface 'JSX.IntrinsicElements' exists.
src/ResultView.tsx(17,1221): error TS7026: JSX element implicitly has type 'any' because no interface 'JSX.IntrinsicElements' exists.
src/ResultView.tsx(17,1278): error TS7026: JSX element implicitly has type 'any' because no interface 'JSX.IntrinsicElements' exists.
src/ResultView.tsx(17,1282): error TS7026: JSX element implicitly has type 'any' because no interface 'JSX.IntrinsicElements' exists.
src/ResultView.tsx(17,1292): error TS7026: JSX element implicitly has type 'any' because no interface 'JSX.IntrinsicElements' exists.
src/ResultView.tsx(19,11): error TS7026: JSX element implicitly has type 'any' because no interface 'JSX.IntrinsicElements' exists.
src/ResultView.tsx(19,46): error TS7026: JSX element implicitly has type 'any' because no interface 'JSX.IntrinsicElements' exists.
src/ResultView.tsx(19,49): error TS7026: JSX element implicitly has type 'any' because no interface 'JSX.IntrinsicElements' exists.
src/ResultView.tsx(19,62): error TS7026: JSX element implicitly has type 'any' because no interface 'JSX.IntrinsicElements' exists.
src/ResultView.tsx(19,75): error TS7026: JSX element implicitly has type 'any' because no interface 'JSX.IntrinsicElements' exists.
src/ResultView.tsx(19,80): error TS7026: JSX element implicitly has type 'any' because no interface 'JSX.IntrinsicElements' exists.
src/ResultView.tsx(19,91): error TS7026: JSX element implicitly has type 'any' because no interface 'JSX.IntrinsicElements' exists.
src/ResultView.tsx(19,120): error TS7026: JSX element implicitly has type 'any' because no interface 'JSX.IntrinsicElements' exists.
src/ResultView.tsx(19,125): error TS7026: JSX element implicitly has type 'any' because no interface 'JSX.IntrinsicElements' exists.
src/ResultView.tsx(19,143): error TS7026: JSX element implicitly has type 'any' because no interface 'JSX.IntrinsicElements' exists.
src/ResultView.tsx(19,165): error TS7026: JSX element implicitly has type 'any' because no interface 'JSX.IntrinsicElements' exists.
src/ResultView.tsx(19,190): error TS7026: JSX element implicitly has type 'any' because no interface 'JSX.IntrinsicElements' exists.
src/ResultView.tsx(19,206): error TS7026: JSX element implicitly has type 'any' because no interface 'JSX.IntrinsicElements' exists.
src/ResultView.tsx(19,211): error TS7026: JSX element implicitly has type 'any' because no interface 'JSX.IntrinsicElements' exists.
src/ResultView.tsx(19,234): error TS7026: JSX element implicitly has type 'any' because no interface 'JSX.IntrinsicElements' exists.
src/ResultView.tsx(19,256): error TS7026: JSX element implicitly has type 'any' because no interface 'JSX.IntrinsicElements' exists.
src/ResultView.tsx(19,278): error TS7026: JSX element implicitly has type 'any' because no interface 'JSX.IntrinsicElements' exists.
src/ResultView.tsx(21,2): error TS7026: JSX element implicitly has type 'any' because no interface 'JSX.IntrinsicElements' exists.
src/ResultView.tsx(22,2): error TS7026: JSX element implicitly has type 'any' because no interface 'JSX.IntrinsicElements' exists.
src/SparkInspector.tsx(1,33): error TS2307: Cannot find module '@fluentui/react-components' or its corresponding type declarations.
src/SparkInspector.tsx(2,24): error TS2307: Cannot find module 'react' or its corresponding type declarations.
src/SparkInspector.tsx(10,37): error TS7026: JSX element implicitly has type 'any' because no interface 'JSX.IntrinsicElements' exists.
src/SparkInspector.tsx(10,37): error TS2875: This JSX tag requires the module path 'react/jsx-runtime' to exist, but none could be found. Make sure you have types for the appropriate package installed.
src/SparkInspector.tsx(10,144): error TS7026: JSX element implicitly has type 'any' because no interface 'JSX.IntrinsicElements' exists.
src/SparkInspector.tsx(11,9): error TS7026: JSX element implicitly has type 'any' because no interface 'JSX.IntrinsicElements' exists.
src/SparkInspector.tsx(12,3): error TS7026: JSX element implicitly has type 'any' because no interface 'JSX.IntrinsicElements' exists.
src/SparkInspector.tsx(12,162): error TS7026: JSX element implicitly has type 'any' because no interface 'JSX.IntrinsicElements' exists.
src/SparkInspector.tsx(13,3): error TS7026: JSX element implicitly has type 'any' because no interface 'JSX.IntrinsicElements' exists.
src/SparkInspector.tsx(13,141): error TS7026: JSX element implicitly has type 'any' because no interface 'JSX.IntrinsicElements' exists.
src/SparkInspector.tsx(14,47): error TS7006: Parameter '_' implicitly has an 'any' type.
src/SparkInspector.tsx(14,49): error TS7006: Parameter 'd' implicitly has an 'any' type.
src/SparkInspector.tsx(15,3): error TS7026: JSX element implicitly has type 'any' because no interface 'JSX.IntrinsicElements' exists.
src/SparkInspector.tsx(16,29): error TS7026: JSX element implicitly has type 'any' because no interface 'JSX.IntrinsicElements' exists.
src/SparkInspector.tsx(16,154): error TS7026: JSX element implicitly has type 'any' because no interface 'JSX.IntrinsicElements' exists.
src/SparkInspector.tsx(16,158): error TS7026: JSX element implicitly has type 'any' because no interface 'JSX.IntrinsicElements' exists.
src/SparkInspector.tsx(16,186): error TS7026: JSX element implicitly has type 'any' because no interface 'JSX.IntrinsicElements' exists.
src/SparkInspector.tsx(16,201): error TS7026: JSX element implicitly has type 'any' because no interface 'JSX.IntrinsicElements' exists.
src/SparkInspector.tsx(16,236): error TS7026: JSX element implicitly has type 'any' because no interface 'JSX.IntrinsicElements' exists.
src/SparkInspector.tsx(16,297): error TS7026: JSX element implicitly has type 'any' because no interface 'JSX.IntrinsicElements' exists.
src/SparkInspector.tsx(16,311): error TS7026: JSX element implicitly has type 'any' because no interface 'JSX.IntrinsicElements' exists.
src/SparkInspector.tsx(16,315): error TS7026: JSX element implicitly has type 'any' because no interface 'JSX.IntrinsicElements' exists.
src/SparkInspector.tsx(16,322): error TS7026: JSX element implicitly has type 'any' because no interface 'JSX.IntrinsicElements' exists.
src/SparkInspector.tsx(17,39): error TS7026: JSX element implicitly has type 'any' because no interface 'JSX.IntrinsicElements' exists.
src/SparkInspector.tsx(17,173): error TS7026: JSX element implicitly has type 'any' because no interface 'JSX.IntrinsicElements' exists.
src/SparkInspector.tsx(17,196): error TS7026: JSX element implicitly has type 'any' because no interface 'JSX.IntrinsicElements' exists.
src/SparkInspector.tsx(17,226): error TS7026: JSX element implicitly has type 'any' because no interface 'JSX.IntrinsicElements' exists.
src/SparkInspector.tsx(17,264): error TS7026: JSX element implicitly has type 'any' because no interface 'JSX.IntrinsicElements' exists.
src/SparkInspector.tsx(17,269): error TS7026: JSX element implicitly has type 'any' because no interface 'JSX.IntrinsicElements' exists.
src/SparkInspector.tsx(17,441): error TS7026: JSX element implicitly has type 'any' because no interface 'JSX.IntrinsicElements' exists.
src/SparkInspector.tsx(17,479): error TS7026: JSX element implicitly has type 'any' because no interface 'JSX.IntrinsicElements' exists.
src/SparkInspector.tsx(17,823): error TS7026: JSX element implicitly has type 'any' because no interface 'JSX.IntrinsicElements' exists.
src/SparkInspector.tsx(17,828): error TS7026: JSX element implicitly has type 'any' because no interface 'JSX.IntrinsicElements' exists.
src/SparkInspector.tsx(17,860): error TS7026: JSX element implicitly has type 'any' because no interface 'JSX.IntrinsicElements' exists.
src/SparkInspector.tsx(17,878): error TS7026: JSX element implicitly has type 'any' because no interface 'JSX.IntrinsicElements' exists.
src/SparkInspector.tsx(17,885): error TS7026: JSX element implicitly has type 'any' because no interface 'JSX.IntrinsicElements' exists.
src/SparkInspector.tsx(17,890): error TS7026: JSX element implicitly has type 'any' because no interface 'JSX.IntrinsicElements' exists.
src/SparkInspector.tsx(18,21): error TS7026: JSX element implicitly has type 'any' because no interface 'JSX.IntrinsicElements' exists.
src/SparkInspector.tsx(18,56): error TS7026: JSX element implicitly has type 'any' because no interface 'JSX.IntrinsicElements' exists.
src/SparkInspector.tsx(18,61): error TS7026: JSX element implicitly has type 'any' because no interface 'JSX.IntrinsicElements' exists.
src/SparkInspector.tsx(18,248): error TS7026: JSX element implicitly has type 'any' because no interface 'JSX.IntrinsicElements' exists.
src/SparkInspector.tsx(18,252): error TS7026: JSX element implicitly has type 'any' because no interface 'JSX.IntrinsicElements' exists.
src/SparkInspector.tsx(18,426): error TS7026: JSX element implicitly has type 'any' because no interface 'JSX.IntrinsicElements' exists.
src/SparkInspector.tsx(19,21): error TS7026: JSX element implicitly has type 'any' because no interface 'JSX.IntrinsicElements' exists.
src/SparkInspector.tsx(19,53): error TS7026: JSX element implicitly has type 'any' because no interface 'JSX.IntrinsicElements' exists.
src/SparkInspector.tsx(19,60): error TS7026: JSX element implicitly has type 'any' because no interface 'JSX.IntrinsicElements' exists.
src/SparkInspector.tsx(19,67): error TS7026: JSX element implicitly has type 'any' because no interface 'JSX.IntrinsicElements' exists.
src/SparkInspector.tsx(19,71): error TS7026: JSX element implicitly has type 'any' because no interface 'JSX.IntrinsicElements' exists.
src/SparkInspector.tsx(19,95): error TS7026: JSX element implicitly has type 'any' because no interface 'JSX.IntrinsicElements' exists.
src/SparkInspector.tsx(19,100): error TS7026: JSX element implicitly has type 'any' because no interface 'JSX.IntrinsicElements' exists.
src/SparkInspector.tsx(19,109): error TS7026: JSX element implicitly has type 'any' because no interface 'JSX.IntrinsicElements' exists.
src/SparkInspector.tsx(19,114): error TS7026: JSX element implicitly has type 'any' because no interface 'JSX.IntrinsicElements' exists.
src/SparkInspector.tsx(19,137): error TS7026: JSX element implicitly has type 'any' because no interface 'JSX.IntrinsicElements' exists.
src/SparkInspector.tsx(19,142): error TS7026: JSX element implicitly has type 'any' because no interface 'JSX.IntrinsicElements' exists.
src/SparkInspector.tsx(19,166): error TS7026: JSX element implicitly has type 'any' because no interface 'JSX.IntrinsicElements' exists.
src/SparkInspector.tsx(19,171): error TS7026: JSX element implicitly has type 'any' because no interface 'JSX.IntrinsicElements' exists.
src/SparkInspector.tsx(19,198): error TS7026: JSX element implicitly has type 'any' because no interface 'JSX.IntrinsicElements' exists.
src/SparkInspector.tsx(19,203): error TS7026: JSX element implicitly has type 'any' because no interface 'JSX.IntrinsicElements' exists.
src/SparkInspector.tsx(19,208): error TS7026: JSX element implicitly has type 'any' because no interface 'JSX.IntrinsicElements' exists.
src/SparkInspector.tsx(19,216): error TS7026: JSX element implicitly has type 'any' because no interface 'JSX.IntrinsicElements' exists.
src/SparkInspector.tsx(19,238): error TS7026: JSX element implicitly has type 'any' because no interface 'JSX.IntrinsicElements' exists.
src/SparkInspector.tsx(19,259): error TS7026: JSX element implicitly has type 'any' because no interface 'JSX.IntrinsicElements' exists.
src/SparkInspector.tsx(19,324): error TS7026: JSX element implicitly has type 'any' because no interface 'JSX.IntrinsicElements' exists.
src/SparkInspector.tsx(19,329): error TS7026: JSX element implicitly has type 'any' because no interface 'JSX.IntrinsicElements' exists.
src/SparkInspector.tsx(19,347): error TS7026: JSX element implicitly has type 'any' because no interface 'JSX.IntrinsicElements' exists.
src/SparkInspector.tsx(19,352): error TS7026: JSX element implicitly has type 'any' because no interface 'JSX.IntrinsicElements' exists.
src/SparkInspector.tsx(19,388): error TS7026: JSX element implicitly has type 'any' because no interface 'JSX.IntrinsicElements' exists.
src/SparkInspector.tsx(19,393): error TS7026: JSX element implicitly has type 'any' because no interface 'JSX.IntrinsicElements' exists.
src/SparkInspector.tsx(19,431): error TS7026: JSX element implicitly has type 'any' because no interface 'JSX.IntrinsicElements' exists.
src/SparkInspector.tsx(19,436): error TS7026: JSX element implicitly has type 'any' because no interface 'JSX.IntrinsicElements' exists.
src/SparkInspector.tsx(19,488): error TS7026: JSX element implicitly has type 'any' because no interface 'JSX.IntrinsicElements' exists.
src/SparkInspector.tsx(19,493): error TS7026: JSX element implicitly has type 'any' because no interface 'JSX.IntrinsicElements' exists.
src/SparkInspector.tsx(19,500): error TS7026: JSX element implicitly has type 'any' because no interface 'JSX.IntrinsicElements' exists.
src/SparkInspector.tsx(19,508): error TS7026: JSX element implicitly has type 'any' because no interface 'JSX.IntrinsicElements' exists.
src/SparkInspector.tsx(19,516): error TS7026: JSX element implicitly has type 'any' because no interface 'JSX.IntrinsicElements' exists.
src/SparkInspector.tsx(20,30): error TS7026: JSX element implicitly has type 'any' because no interface 'JSX.IntrinsicElements' exists.
src/SparkInspector.tsx(20,118): error TS7026: JSX element implicitly has type 'any' because no interface 'JSX.IntrinsicElements' exists.
src/SparkInspector.tsx(20,137): error TS7026: JSX element implicitly has type 'any' because no interface 'JSX.IntrinsicElements' exists.
src/SparkInspector.tsx(20,163): error TS7026: JSX element implicitly has type 'any' because no interface 'JSX.IntrinsicElements' exists.
src/SparkInspector.tsx(20,212): error TS7026: JSX element implicitly has type 'any' because no interface 'JSX.IntrinsicElements' exists.
src/SparkInspector.tsx(20,222): error TS7026: JSX element implicitly has type 'any' because no interface 'JSX.IntrinsicElements' exists.
src/SparkInspector.tsx(20,229): error TS7026: JSX element implicitly has type 'any' because no interface 'JSX.IntrinsicElements' exists.
src/SparkInspector.tsx(20,236): error TS7026: JSX element implicitly has type 'any' because no interface 'JSX.IntrinsicElements' exists.
src/SparkInspector.tsx(20,240): error TS7026: JSX element implicitly has type 'any' because no interface 'JSX.IntrinsicElements' exists.
src/SparkInspector.tsx(20,255): error TS7026: JSX element implicitly has type 'any' because no interface 'JSX.IntrinsicElements' exists.
src/SparkInspector.tsx(20,260): error TS7026: JSX element implicitly has type 'any' because no interface 'JSX.IntrinsicElements' exists.
src/SparkInspector.tsx(20,267): error TS7026: JSX element implicitly has type 'any' because no interface 'JSX.IntrinsicElements' exists.
src/SparkInspector.tsx(20,272): error TS7026: JSX element implicitly has type 'any' because no interface 'JSX.IntrinsicElements' exists.
src/SparkInspector.tsx(20,294): error TS7026: JSX element implicitly has type 'any' because no interface 'JSX.IntrinsicElements' exists.
src/SparkInspector.tsx(20,299): error TS7026: JSX element implicitly has type 'any' because no interface 'JSX.IntrinsicElements' exists.
src/SparkInspector.tsx(20,312): error TS7026: JSX element implicitly has type 'any' because no interface 'JSX.IntrinsicElements' exists.
src/SparkInspector.tsx(20,317): error TS7026: JSX element implicitly has type 'any' because no interface 'JSX.IntrinsicElements' exists.
src/SparkInspector.tsx(20,325): error TS7026: JSX element implicitly has type 'any' because no interface 'JSX.IntrinsicElements' exists.
src/SparkInspector.tsx(20,330): error TS7026: JSX element implicitly has type 'any' because no interface 'JSX.IntrinsicElements' exists.
src/SparkInspector.tsx(20,335): error TS7026: JSX element implicitly has type 'any' because no interface 'JSX.IntrinsicElements' exists.
src/SparkInspector.tsx(20,343): error TS7026: JSX element implicitly has type 'any' because no interface 'JSX.IntrinsicElements' exists.
src/SparkInspector.tsx(20,367): error TS7026: JSX element implicitly has type 'any' because no interface 'JSX.IntrinsicElements' exists.
src/SparkInspector.tsx(20,387): error TS7026: JSX element implicitly has type 'any' because no interface 'JSX.IntrinsicElements' exists.
src/SparkInspector.tsx(20,420): error TS7026: JSX element implicitly has type 'any' because no interface 'JSX.IntrinsicElements' exists.
src/SparkInspector.tsx(20,425): error TS7026: JSX element implicitly has type 'any' because no interface 'JSX.IntrinsicElements' exists.
src/SparkInspector.tsx(20,445): error TS7026: JSX element implicitly has type 'any' because no interface 'JSX.IntrinsicElements' exists.
src/SparkInspector.tsx(20,450): error TS7026: JSX element implicitly has type 'any' because no interface 'JSX.IntrinsicElements' exists.
src/SparkInspector.tsx(20,480): error TS7026: JSX element implicitly has type 'any' because no interface 'JSX.IntrinsicElements' exists.
src/SparkInspector.tsx(20,485): error TS7026: JSX element implicitly has type 'any' because no interface 'JSX.IntrinsicElements' exists.
src/SparkInspector.tsx(20,501): error TS7026: JSX element implicitly has type 'any' because no interface 'JSX.IntrinsicElements' exists.
src/SparkInspector.tsx(20,506): error TS7026: JSX element implicitly has type 'any' because no interface 'JSX.IntrinsicElements' exists.
src/SparkInspector.tsx(20,531): error TS7026: JSX element implicitly has type 'any' because no interface 'JSX.IntrinsicElements' exists.
src/SparkInspector.tsx(20,536): error TS7026: JSX element implicitly has type 'any' because no interface 'JSX.IntrinsicElements' exists.
src/SparkInspector.tsx(20,543): error TS7026: JSX element implicitly has type 'any' because no interface 'JSX.IntrinsicElements' exists.
src/SparkInspector.tsx(20,551): error TS7026: JSX element implicitly has type 'any' because no interface 'JSX.IntrinsicElements' exists.
src/SparkInspector.tsx(20,559): error TS7026: JSX element implicitly has type 'any' because no interface 'JSX.IntrinsicElements' exists.
src/SparkInspector.tsx(21,31): error TS7026: JSX element implicitly has type 'any' because no interface 'JSX.IntrinsicElements' exists.
src/SparkInspector.tsx(21,157): error TS7026: JSX element implicitly has type 'any' because no interface 'JSX.IntrinsicElements' exists.
src/SparkInspector.tsx(21,176): error TS7026: JSX element implicitly has type 'any' because no interface 'JSX.IntrinsicElements' exists.
src/SparkInspector.tsx(21,390): error TS7026: JSX element implicitly has type 'any' because no interface 'JSX.IntrinsicElements' exists.
src/SparkInspector.tsx(22,40): error TS7026: JSX element implicitly has type 'any' because no interface 'JSX.IntrinsicElements' exists.
src/SparkInspector.tsx(22,120): error TS7026: JSX element implicitly has type 'any' because no interface 'JSX.IntrinsicElements' exists.
src/SparkInspector.tsx(22,125): error TS7026: JSX element implicitly has type 'any' because no interface 'JSX.IntrinsicElements' exists.
src/SparkInspector.tsx(22,157): error TS7026: JSX element implicitly has type 'any' because no interface 'JSX.IntrinsicElements' exists.
src/SparkInspector.tsx(22,161): error TS7026: JSX element implicitly has type 'any' because no interface 'JSX.IntrinsicElements' exists.
src/SparkInspector.tsx(22,197): error TS7026: JSX element implicitly has type 'any' because no interface 'JSX.IntrinsicElements' exists.
src/SparkInspector.tsx(22,201): error TS7026: JSX element implicitly has type 'any' because no interface 'JSX.IntrinsicElements' exists.
src/SparkInspector.tsx(22,279): error TS7026: JSX element implicitly has type 'any' because no interface 'JSX.IntrinsicElements' exists.
src/SparkInspector.tsx(22,309): error TS7026: JSX element implicitly has type 'any' because no interface 'JSX.IntrinsicElements' exists.
src/SparkInspector.tsx(22,316): error TS7026: JSX element implicitly has type 'any' because no interface 'JSX.IntrinsicElements' exists.
src/SparkInspector.tsx(22,321): error TS7026: JSX element implicitly has type 'any' because no interface 'JSX.IntrinsicElements' exists.
src/SparkInspector.tsx(22,506): error TS7026: JSX element implicitly has type 'any' because no interface 'JSX.IntrinsicElements' exists.
src/SparkInspector.tsx(22,510): error TS7026: JSX element implicitly has type 'any' because no interface 'JSX.IntrinsicElements' exists.
src/SparkInspector.tsx(22,517): error TS7026: JSX element implicitly has type 'any' because no interface 'JSX.IntrinsicElements' exists.
src/SparkInspector.tsx(22,524): error TS7026: JSX element implicitly has type 'any' because no interface 'JSX.IntrinsicElements' exists.
src/SparkInspector.tsx(22,528): error TS7026: JSX element implicitly has type 'any' because no interface 'JSX.IntrinsicElements' exists.
src/SparkInspector.tsx(22,539): error TS7026: JSX element implicitly has type 'any' because no interface 'JSX.IntrinsicElements' exists.
src/SparkInspector.tsx(22,544): error TS7026: JSX element implicitly has type 'any' because no interface 'JSX.IntrinsicElements' exists.
src/SparkInspector.tsx(22,551): error TS7026: JSX element implicitly has type 'any' because no interface 'JSX.IntrinsicElements' exists.
src/SparkInspector.tsx(22,556): error TS7026: JSX element implicitly has type 'any' because no interface 'JSX.IntrinsicElements' exists.
src/SparkInspector.tsx(22,576): error TS7026: JSX element implicitly has type 'any' because no interface 'JSX.IntrinsicElements' exists.
src/SparkInspector.tsx(22,581): error TS7026: JSX element implicitly has type 'any' because no interface 'JSX.IntrinsicElements' exists.
src/SparkInspector.tsx(22,592): error TS7026: JSX element implicitly has type 'any' because no interface 'JSX.IntrinsicElements' exists.
src/SparkInspector.tsx(22,597): error TS7026: JSX element implicitly has type 'any' because no interface 'JSX.IntrinsicElements' exists.
src/SparkInspector.tsx(22,602): error TS7026: JSX element implicitly has type 'any' because no interface 'JSX.IntrinsicElements' exists.
src/SparkInspector.tsx(22,610): error TS7026: JSX element implicitly has type 'any' because no interface 'JSX.IntrinsicElements' exists.
src/SparkInspector.tsx(22,640): error TS7026: JSX element implicitly has type 'any' because no interface 'JSX.IntrinsicElements' exists.
src/SparkInspector.tsx(22,677): error TS7026: JSX element implicitly has type 'any' because no interface 'JSX.IntrinsicElements' exists.
src/SparkInspector.tsx(22,695): error TS7026: JSX element implicitly has type 'any' because no interface 'JSX.IntrinsicElements' exists.
src/SparkInspector.tsx(22,700): error TS7026: JSX element implicitly has type 'any' because no interface 'JSX.IntrinsicElements' exists.
src/SparkInspector.tsx(22,722): error TS7026: JSX element implicitly has type 'any' because no interface 'JSX.IntrinsicElements' exists.
src/SparkInspector.tsx(22,727): error TS7026: JSX element implicitly has type 'any' because no interface 'JSX.IntrinsicElements' exists.
src/SparkInspector.tsx(22,798): error TS7026: JSX element implicitly has type 'any' because no interface 'JSX.IntrinsicElements' exists.
src/SparkInspector.tsx(22,803): error TS7026: JSX element implicitly has type 'any' because no interface 'JSX.IntrinsicElements' exists.
src/SparkInspector.tsx(22,818): error TS7026: JSX element implicitly has type 'any' because no interface 'JSX.IntrinsicElements' exists.
src/SparkInspector.tsx(22,823): error TS7026: JSX element implicitly has type 'any' because no interface 'JSX.IntrinsicElements' exists.
src/SparkInspector.tsx(22,830): error TS7026: JSX element implicitly has type 'any' because no interface 'JSX.IntrinsicElements' exists.
src/SparkInspector.tsx(22,838): error TS7026: JSX element implicitly has type 'any' because no interface 'JSX.IntrinsicElements' exists.
src/SparkInspector.tsx(23,36): error TS7026: JSX element implicitly has type 'any' because no interface 'JSX.IntrinsicElements' exists.
src/SparkInspector.tsx(23,64): error TS7026: JSX element implicitly has type 'any' because no interface 'JSX.IntrinsicElements' exists.
src/SparkInspector.tsx(23,69): error TS7026: JSX element implicitly has type 'any' because no interface 'JSX.IntrinsicElements' exists.
src/SparkInspector.tsx(23,292): error TS7026: JSX element implicitly has type 'any' because no interface 'JSX.IntrinsicElements' exists.
src/SparkInspector.tsx(23,296): error TS7026: JSX element implicitly has type 'any' because no interface 'JSX.IntrinsicElements' exists.
src/SparkInspector.tsx(23,393): error TS7026: JSX element implicitly has type 'any' because no interface 'JSX.IntrinsicElements' exists.
src/SparkInspector.tsx(23,399): error TS7026: JSX element implicitly has type 'any' because no interface 'JSX.IntrinsicElements' exists.
src/SparkInspector.tsx(23,428): error TS7026: JSX element implicitly has type 'any' because no interface 'JSX.IntrinsicElements' exists.
src/SparkInspector.tsx(23,433): error TS7026: JSX element implicitly has type 'any' because no interface 'JSX.IntrinsicElements' exists.
src/SparkInspector.tsx(23,550): error TS7026: JSX element implicitly has type 'any' because no interface 'JSX.IntrinsicElements' exists.
src/SparkInspector.tsx(24,3): error TS7026: JSX element implicitly has type 'any' because no interface 'JSX.IntrinsicElements' exists.
src/SparkInspector.tsx(25,2): error TS7026: JSX element implicitly has type 'any' because no interface 'JSX.IntrinsicElements' exists.
src/SparkRuntimeDetails.tsx(1,21): error TS2307: Cannot find module '@fluentui/react-components' or its corresponding type declarations.
src/SparkRuntimeDetails.tsx(6,9): error TS7026: JSX element implicitly has type 'any' because no interface 'JSX.IntrinsicElements' exists.
src/SparkRuntimeDetails.tsx(6,9): error TS2875: This JSX tag requires the module path 'react/jsx-runtime' to exist, but none could be found. Make sure you have types for the appropriate package installed.
src/SparkRuntimeDetails.tsx(6,52): error TS7026: JSX element implicitly has type 'any' because no interface 'JSX.IntrinsicElements' exists.
src/SparkRuntimeDetails.tsx(6,197): error TS7026: JSX element implicitly has type 'any' because no interface 'JSX.IntrinsicElements' exists.
src/SparkRuntimeDetails.tsx(8,3): error TS7026: JSX element implicitly has type 'any' because no interface 'JSX.IntrinsicElements' exists.
src/SparkRuntimeDetails.tsx(8,166): error TS7026: JSX element implicitly has type 'any' because no interface 'JSX.IntrinsicElements' exists.
src/SparkRuntimeDetails.tsx(9,3): error TS7026: JSX element implicitly has type 'any' because no interface 'JSX.IntrinsicElements' exists.
src/SparkRuntimeDetails.tsx(9,261): error TS7026: JSX element implicitly has type 'any' because no interface 'JSX.IntrinsicElements' exists.
src/SparkRuntimeDetails.tsx(10,3): error TS7026: JSX element implicitly has type 'any' because no interface 'JSX.IntrinsicElements' exists.
src/SparkRuntimeDetails.tsx(10,125): error TS7026: JSX element implicitly has type 'any' because no interface 'JSX.IntrinsicElements' exists.
src/SparkRuntimeDetails.tsx(11,15): error TS7026: JSX element implicitly has type 'any' because no interface 'JSX.IntrinsicElements' exists.
src/SparkRuntimeDetails.tsx(11,37): error TS7026: JSX element implicitly has type 'any' because no interface 'JSX.IntrinsicElements' exists.
src/SparkRuntimeDetails.tsx(11,41): error TS7026: JSX element implicitly has type 'any' because no interface 'JSX.IntrinsicElements' exists.
src/SparkRuntimeDetails.tsx(11,48): error TS7026: JSX element implicitly has type 'any' because no interface 'JSX.IntrinsicElements' exists.
src/SparkRuntimeDetails.tsx(11,55): error TS7026: JSX element implicitly has type 'any' because no interface 'JSX.IntrinsicElements' exists.
src/SparkRuntimeDetails.tsx(11,59): error TS7026: JSX element implicitly has type 'any' because no interface 'JSX.IntrinsicElements' exists.
src/SparkRuntimeDetails.tsx(11,79): error TS7026: JSX element implicitly has type 'any' because no interface 'JSX.IntrinsicElements' exists.
src/SparkRuntimeDetails.tsx(11,84): error TS7026: JSX element implicitly has type 'any' because no interface 'JSX.IntrinsicElements' exists.
src/SparkRuntimeDetails.tsx(11,96): error TS7026: JSX element implicitly has type 'any' because no interface 'JSX.IntrinsicElements' exists.
src/SparkRuntimeDetails.tsx(11,101): error TS7026: JSX element implicitly has type 'any' because no interface 'JSX.IntrinsicElements' exists.
src/SparkRuntimeDetails.tsx(11,106): error TS7026: JSX element implicitly has type 'any' because no interface 'JSX.IntrinsicElements' exists.
src/SparkRuntimeDetails.tsx(11,114): error TS7026: JSX element implicitly has type 'any' because no interface 'JSX.IntrinsicElements' exists.
src/SparkRuntimeDetails.tsx(11,149): error TS7026: JSX element implicitly has type 'any' because no interface 'JSX.IntrinsicElements' exists.
src/SparkRuntimeDetails.tsx(11,173): error TS7026: JSX element implicitly has type 'any' because no interface 'JSX.IntrinsicElements' exists.
src/SparkRuntimeDetails.tsx(11,192): error TS7026: JSX element implicitly has type 'any' because no interface 'JSX.IntrinsicElements' exists.
src/SparkRuntimeDetails.tsx(11,197): error TS7026: JSX element implicitly has type 'any' because no interface 'JSX.IntrinsicElements' exists.
src/SparkRuntimeDetails.tsx(11,212): error TS7026: JSX element implicitly has type 'any' because no interface 'JSX.IntrinsicElements' exists.
src/SparkRuntimeDetails.tsx(11,217): error TS7026: JSX element implicitly has type 'any' because no interface 'JSX.IntrinsicElements' exists.
src/SparkRuntimeDetails.tsx(11,224): error TS7026: JSX element implicitly has type 'any' because no interface 'JSX.IntrinsicElements' exists.
src/SparkRuntimeDetails.tsx(11,232): error TS7026: JSX element implicitly has type 'any' because no interface 'JSX.IntrinsicElements' exists.
src/SparkRuntimeDetails.tsx(11,240): error TS7026: JSX element implicitly has type 'any' because no interface 'JSX.IntrinsicElements' exists.
src/SparkRuntimeDetails.tsx(11,269): error TS7026: JSX element implicitly has type 'any' because no interface 'JSX.IntrinsicElements' exists.
src/SparkRuntimeDetails.tsx(11,274): error TS7026: JSX element implicitly has type 'any' because no interface 'JSX.IntrinsicElements' exists.
src/SparkRuntimeDetails.tsx(11,309): error TS7026: JSX element implicitly has type 'any' because no interface 'JSX.IntrinsicElements' exists.
src/SparkRuntimeDetails.tsx(11,330): error TS7026: JSX element implicitly has type 'any' because no interface 'JSX.IntrinsicElements' exists.
src/SparkRuntimeDetails.tsx(11,337): error TS7026: JSX element implicitly has type 'any' because no interface 'JSX.IntrinsicElements' exists.
src/SparkRuntimeDetails.tsx(12,2): error TS7026: JSX element implicitly has type 'any' because no interface 'JSX.IntrinsicElements' exists.
src/foundation/GraphCanvas.tsx(4,42): error TS2307: Cannot find module 'react' or its corresponding type declarations.
src/foundation/GraphCanvas.tsx(5,156): error TS2307: Cannot find module '@xyflow/react' or its corresponding type declarations.
src/foundation/GraphCanvas.tsx(6,21): error TS2307: Cannot find module '@fluentui/react-components' or its corresponding type declarations.
src/foundation/GraphCanvas.tsx(10,54): error TS7026: JSX element implicitly has type 'any' because no interface 'JSX.IntrinsicElements' exists.
src/foundation/GraphCanvas.tsx(10,54): error TS2875: This JSX tag requires the module path 'react/jsx-runtime' to exist, but none could be found. Make sure you have types for the appropriate package installed.
src/foundation/GraphCanvas.tsx(10,251): error TS7026: JSX element implicitly has type 'any' because no interface 'JSX.IntrinsicElements' exists.
src/foundation/GraphCanvas.tsx(10,279): error TS7026: JSX element implicitly has type 'any' because no interface 'JSX.IntrinsicElements' exists.
src/foundation/GraphCanvas.tsx(10,288): error TS7026: JSX element implicitly has type 'any' because no interface 'JSX.IntrinsicElements' exists.
src/foundation/GraphCanvas.tsx(10,316): error TS7026: JSX element implicitly has type 'any' because no interface 'JSX.IntrinsicElements' exists.
src/foundation/GraphCanvas.tsx(10,373): error TS7026: JSX element implicitly has type 'any' because no interface 'JSX.IntrinsicElements' exists.
src/foundation/GraphCanvas.tsx(18,47): error TS7006: Parameter 'current' implicitly has an 'any' type.
src/foundation/GraphCanvas.tsx(19,9): error TS7026: JSX element implicitly has type 'any' because no interface 'JSX.IntrinsicElements' exists.
src/foundation/GraphCanvas.tsx(21,18): error TS7006: Parameter '_' implicitly has an 'any' type.
src/foundation/GraphCanvas.tsx(21,20): error TS7006: Parameter 'n' implicitly has an 'any' type.
src/foundation/GraphCanvas.tsx(21,102): error TS7006: Parameter '_' implicitly has an 'any' type.
src/foundation/GraphCanvas.tsx(21,104): error TS7006: Parameter 'e' implicitly has an 'any' type.
src/foundation/GraphCanvas.tsx(23,21): error TS7006: Parameter '_' implicitly has an 'any' type.
src/foundation/GraphCanvas.tsx(23,23): error TS7006: Parameter 'node' implicitly has an 'any' type.
src/foundation/GraphCanvas.tsx(24,15): error TS7006: Parameter 'c' implicitly has an 'any' type.
src/foundation/GraphCanvas.tsx(25,16): error TS7006: Parameter 'event' implicitly has an 'any' type.
src/foundation/GraphCanvas.tsx(25,22): error TS7006: Parameter 'viewport' implicitly has an 'any' type.
src/foundation/GraphCanvas.tsx(31,25): error TS7026: JSX element implicitly has type 'any' because no interface 'JSX.IntrinsicElements' exists.
src/foundation/GraphCanvas.tsx(31,109): error TS7026: JSX element implicitly has type 'any' because no interface 'JSX.IntrinsicElements' exists.
src/foundation/GraphCanvas.tsx(32,2): error TS7026: JSX element implicitly has type 'any' because no interface 'JSX.IntrinsicElements' exists.
src/foundation/WorkbenchSurface.tsx(2,73): error TS2307: Cannot find module 'react' or its corresponding type declarations.
src/foundation/WorkbenchSurface.tsx(3,94): error TS2307: Cannot find module '@fluentui/react-components' or its corresponding type declarations.
src/foundation/WorkbenchSurface.tsx(4,122): error TS2307: Cannot find module '@fluentui/react-icons' or its corresponding type declarations.
src/foundation/WorkbenchSurface.tsx(33,160): error TS7006: Parameter 'p' implicitly has an 'any' type.
src/foundation/WorkbenchSurface.tsx(36,19): error TS7026: JSX element implicitly has type 'any' because no interface 'JSX.IntrinsicElements' exists.
src/foundation/WorkbenchSurface.tsx(36,19): error TS2875: This JSX tag requires the module path 'react/jsx-runtime' to exist, but none could be found. Make sure you have types for the appropriate package installed.
src/foundation/WorkbenchSurface.tsx(36,78): error TS7026: JSX element implicitly has type 'any' because no interface 'JSX.IntrinsicElements' exists.
src/foundation/WorkbenchSurface.tsx(38,46): error TS7006: Parameter 'r' implicitly has an 'any' type.
src/foundation/WorkbenchSurface.tsx(39,35): error TS7006: Parameter 'p' implicitly has an 'any' type.
src/foundation/WorkbenchSurface.tsx(39,68): error TS7006: Parameter 'x' implicitly has an 'any' type.
src/foundation/WorkbenchSurface.tsx(41,39): error TS7006: Parameter 'p' implicitly has an 'any' type.
src/foundation/WorkbenchSurface.tsx(41,68): error TS7006: Parameter 'v' implicitly has an 'any' type.
src/foundation/WorkbenchSurface.tsx(42,40): error TS7006: Parameter 'v' implicitly has an 'any' type.
src/foundation/WorkbenchSurface.tsx(46,32): error TS7026: JSX element implicitly has type 'any' because no interface 'JSX.IntrinsicElements' exists.
src/foundation/WorkbenchSurface.tsx(46,65): error TS7026: JSX element implicitly has type 'any' because no interface 'JSX.IntrinsicElements' exists.
src/foundation/WorkbenchSurface.tsx(46,178): error TS7026: JSX element implicitly has type 'any' because no interface 'JSX.IntrinsicElements' exists.
src/foundation/WorkbenchSurface.tsx(46,363): error TS7026: JSX element implicitly has type 'any' because no interface 'JSX.IntrinsicElements' exists.
src/foundation/WorkbenchSurface.tsx(53,19): error TS7026: JSX element implicitly has type 'any' because no interface 'JSX.IntrinsicElements' exists.
src/foundation/WorkbenchSurface.tsx(53,133): error TS7026: JSX element implicitly has type 'any' because no interface 'JSX.IntrinsicElements' exists.
src/foundation/WorkbenchSurface.tsx(54,35): error TS7026: JSX element implicitly has type 'any' because no interface 'JSX.IntrinsicElements' exists.
src/foundation/WorkbenchSurface.tsx(54,77): error TS7026: JSX element implicitly has type 'any' because no interface 'JSX.IntrinsicElements' exists.
src/foundation/WorkbenchSurface.tsx(54,255): error TS7026: JSX element implicitly has type 'any' because no interface 'JSX.IntrinsicElements' exists.
src/foundation/WorkbenchSurface.tsx(54,275): error TS7026: JSX element implicitly has type 'any' because no interface 'JSX.IntrinsicElements' exists.
src/foundation/WorkbenchSurface.tsx(55,11): error TS7026: JSX element implicitly has type 'any' because no interface 'JSX.IntrinsicElements' exists.
src/foundation/WorkbenchSurface.tsx(55,56): error TS7026: JSX element implicitly has type 'any' because no interface 'JSX.IntrinsicElements' exists.
src/foundation/WorkbenchSurface.tsx(55,246): error TS7006: Parameter 'p' implicitly has an 'any' type.
src/foundation/WorkbenchSurface.tsx(55,335): error TS7026: JSX element implicitly has type 'any' because no interface 'JSX.IntrinsicElements' exists.
src/foundation/WorkbenchSurface.tsx(55,341): error TS7026: JSX element implicitly has type 'any' because no interface 'JSX.IntrinsicElements' exists.
src/foundation/WorkbenchSurface.tsx(55,457): error TS7026: JSX element implicitly has type 'any' because no interface 'JSX.IntrinsicElements' exists.
src/foundation/WorkbenchSurface.tsx(55,518): error TS7026: JSX element implicitly has type 'any' because no interface 'JSX.IntrinsicElements' exists.
src/foundation/WorkbenchSurface.tsx(55,538): error TS7026: JSX element implicitly has type 'any' because no interface 'JSX.IntrinsicElements' exists.
src/foundation/WorkbenchSurface.tsx(55,551): error TS7026: JSX element implicitly has type 'any' because no interface 'JSX.IntrinsicElements' exists.
src/foundation/WorkbenchSurface.tsx(55,556): error TS7026: JSX element implicitly has type 'any' because no interface 'JSX.IntrinsicElements' exists.
src/foundation/WorkbenchSurface.tsx(55,578): error TS7026: JSX element implicitly has type 'any' because no interface 'JSX.IntrinsicElements' exists.
src/foundation/WorkbenchSurface.tsx(55,584): error TS7026: JSX element implicitly has type 'any' because no interface 'JSX.IntrinsicElements' exists.
src/foundation/WorkbenchSurface.tsx(55,596): error TS7026: JSX element implicitly has type 'any' because no interface 'JSX.IntrinsicElements' exists.
src/foundation/WorkbenchSurface.tsx(57,52): error TS2322: Type '{ key: string; assets: Asset[]; services: ResourceServices; disabled: boolean; }' is not assignable to type '{ assets: Asset[]; services: ResourceServices; disabled: boolean; }'.
  Property 'key' does not exist on type '{ assets: Asset[]; services: ResourceServices; disabled: boolean; }'.
src/foundation/WorkbenchSurface.tsx(58,10): error TS7026: JSX element implicitly has type 'any' because no interface 'JSX.IntrinsicElements' exists.
src/foundation/WorkbenchSurface.tsx(58,43): error TS7026: JSX element implicitly has type 'any' because no interface 'JSX.IntrinsicElements' exists.
src/foundation/WorkbenchSurface.tsx(58,173): error TS7026: JSX element implicitly has type 'any' because no interface 'JSX.IntrinsicElements' exists.
src/foundation/WorkbenchSurface.tsx(58,253): error TS7026: JSX element implicitly has type 'any' because no interface 'JSX.IntrinsicElements' exists.
src/foundation/WorkbenchSurface.tsx(58,275): error TS7026: JSX element implicitly has type 'any' because no interface 'JSX.IntrinsicElements' exists.
src/foundation/WorkbenchSurface.tsx(58,292): error TS7026: JSX element implicitly has type 'any' because no interface 'JSX.IntrinsicElements' exists.
src/foundation/WorkbenchSurface.tsx(58,492): error TS7026: JSX element implicitly has type 'any' because no interface 'JSX.IntrinsicElements' exists.
src/foundation/WorkbenchSurface.tsx(58,530): error TS7026: JSX element implicitly has type 'any' because no interface 'JSX.IntrinsicElements' exists.
src/foundation/WorkbenchSurface.tsx(58,603): error TS7026: JSX element implicitly has type 'any' because no interface 'JSX.IntrinsicElements' exists.
src/foundation/WorkbenchSurface.tsx(58,608): error TS7026: JSX element implicitly has type 'any' because no interface 'JSX.IntrinsicElements' exists.
src/foundation/WorkbenchSurface.tsx(60,9): error TS7026: JSX element implicitly has type 'any' because no interface 'JSX.IntrinsicElements' exists.
src/foundation/WorkbenchSurface.tsx(61,3): error TS7026: JSX element implicitly has type 'any' because no interface 'JSX.IntrinsicElements' exists.
src/foundation/WorkbenchSurface.tsx(61,39): error TS7026: JSX element implicitly has type 'any' because no interface 'JSX.IntrinsicElements' exists.
src/foundation/WorkbenchSurface.tsx(61,44): error TS7026: JSX element implicitly has type 'any' because no interface 'JSX.IntrinsicElements' exists.
src/foundation/WorkbenchSurface.tsx(61,70): error TS7026: JSX element implicitly has type 'any' because no interface 'JSX.IntrinsicElements' exists.
src/foundation/WorkbenchSurface.tsx(61,126): error TS7026: JSX element implicitly has type 'any' because no interface 'JSX.IntrinsicElements' exists.
src/foundation/WorkbenchSurface.tsx(61,212): error TS7006: Parameter '_' implicitly has an 'any' type.
src/foundation/WorkbenchSurface.tsx(61,214): error TS7006: Parameter 'd' implicitly has an 'any' type.
src/foundation/WorkbenchSurface.tsx(61,281): error TS7026: JSX element implicitly has type 'any' because no interface 'JSX.IntrinsicElements' exists.
src/foundation/WorkbenchSurface.tsx(61,319): error TS7026: JSX element implicitly has type 'any' because no interface 'JSX.IntrinsicElements' exists.
src/foundation/WorkbenchSurface.tsx(61,328): error TS7026: JSX element implicitly has type 'any' because no interface 'JSX.IntrinsicElements' exists.
src/foundation/WorkbenchSurface.tsx(61,366): error TS7026: JSX element implicitly has type 'any' because no interface 'JSX.IntrinsicElements' exists.
src/foundation/WorkbenchSurface.tsx(61,375): error TS7026: JSX element implicitly has type 'any' because no interface 'JSX.IntrinsicElements' exists.
src/foundation/WorkbenchSurface.tsx(61,421): error TS7026: JSX element implicitly has type 'any' because no interface 'JSX.IntrinsicElements' exists.
src/foundation/WorkbenchSurface.tsx(61,430): error TS7026: JSX element implicitly has type 'any' because no interface 'JSX.IntrinsicElements' exists.
src/foundation/WorkbenchSurface.tsx(61,457): error TS7026: JSX element implicitly has type 'any' because no interface 'JSX.IntrinsicElements' exists.
src/foundation/WorkbenchSurface.tsx(61,556): error TS7006: Parameter '_' implicitly has an 'any' type.
src/foundation/WorkbenchSurface.tsx(61,558): error TS7006: Parameter 'd' implicitly has an 'any' type.
src/foundation/WorkbenchSurface.tsx(61,627): error TS7026: JSX element implicitly has type 'any' because no interface 'JSX.IntrinsicElements' exists.
src/foundation/WorkbenchSurface.tsx(61,662): error TS7026: JSX element implicitly has type 'any' because no interface 'JSX.IntrinsicElements' exists.
src/foundation/WorkbenchSurface.tsx(61,671): error TS7026: JSX element implicitly has type 'any' because no interface 'JSX.IntrinsicElements' exists.
src/foundation/WorkbenchSurface.tsx(61,708): error TS7026: JSX element implicitly has type 'any' because no interface 'JSX.IntrinsicElements' exists.
src/foundation/WorkbenchSurface.tsx(61,717): error TS7026: JSX element implicitly has type 'any' because no interface 'JSX.IntrinsicElements' exists.
src/foundation/WorkbenchSurface.tsx(61,742): error TS7026: JSX element implicitly has type 'any' because no interface 'JSX.IntrinsicElements' exists.
src/foundation/WorkbenchSurface.tsx(61,1716): error TS7026: JSX element implicitly has type 'any' because no interface 'JSX.IntrinsicElements' exists.
src/foundation/WorkbenchSurface.tsx(63,3): error TS7026: JSX element implicitly has type 'any' because no interface 'JSX.IntrinsicElements' exists.
src/foundation/WorkbenchSurface.tsx(63,104): error TS7026: JSX element implicitly has type 'any' because no interface 'JSX.IntrinsicElements' exists.
src/foundation/WorkbenchSurface.tsx(63,210): error TS7026: JSX element implicitly has type 'any' because no interface 'JSX.IntrinsicElements' exists.
src/foundation/WorkbenchSurface.tsx(63,217): error TS7026: JSX element implicitly has type 'any' because no interface 'JSX.IntrinsicElements' exists.
src/foundation/WorkbenchSurface.tsx(63,301): error TS7026: JSX element implicitly has type 'any' because no interface 'JSX.IntrinsicElements' exists.
src/foundation/WorkbenchSurface.tsx(63,308): error TS7026: JSX element implicitly has type 'any' because no interface 'JSX.IntrinsicElements' exists.
src/foundation/WorkbenchSurface.tsx(64,3): error TS7026: JSX element implicitly has type 'any' because no interface 'JSX.IntrinsicElements' exists.
src/foundation/WorkbenchSurface.tsx(64,55): error TS7026: JSX element implicitly has type 'any' because no interface 'JSX.IntrinsicElements' exists.
src/foundation/WorkbenchSurface.tsx(64,125): error TS7026: JSX element implicitly has type 'any' because no interface 'JSX.IntrinsicElements' exists.
src/foundation/WorkbenchSurface.tsx(64,138): error TS7026: JSX element implicitly has type 'any' because no interface 'JSX.IntrinsicElements' exists.
src/foundation/WorkbenchSurface.tsx(64,143): error TS7026: JSX element implicitly has type 'any' because no interface 'JSX.IntrinsicElements' exists.
src/foundation/WorkbenchSurface.tsx(64,173): error TS7026: JSX element implicitly has type 'any' because no interface 'JSX.IntrinsicElements' exists.
src/foundation/WorkbenchSurface.tsx(65,25): error TS7006: Parameter 'r' implicitly has an 'any' type.
src/foundation/WorkbenchSurface.tsx(65,28): error TS7026: JSX element implicitly has type 'any' because no interface 'JSX.IntrinsicElements' exists.
src/foundation/WorkbenchSurface.tsx(65,182): error TS7026: JSX element implicitly has type 'any' because no interface 'JSX.IntrinsicElements' exists.
src/foundation/WorkbenchSurface.tsx(65,188): error TS7026: JSX element implicitly has type 'any' because no interface 'JSX.IntrinsicElements' exists.
src/foundation/WorkbenchSurface.tsx(65,205): error TS7026: JSX element implicitly has type 'any' because no interface 'JSX.IntrinsicElements' exists.
src/foundation/WorkbenchSurface.tsx(65,214): error TS7026: JSX element implicitly has type 'any' because no interface 'JSX.IntrinsicElements' exists.
src/foundation/WorkbenchSurface.tsx(65,222): error TS7053: Element implicitly has an 'any' type because expression of type 'any' can't be used to index type 'Record<"workflow" | "lineage" | "notebook" | "catalog" | "evidence" | "data-model" | "dbt-project" | "model-design" | "chart-board" | "pipeline" | "figure" | "exercise", string>'.
src/foundation/WorkbenchSurface.tsx(65,268): error TS7026: JSX element implicitly has type 'any' because no interface 'JSX.IntrinsicElements' exists.
src/foundation/WorkbenchSurface.tsx(65,276): error TS7026: JSX element implicitly has type 'any' because no interface 'JSX.IntrinsicElements' exists.
src/foundation/WorkbenchSurface.tsx(65,292): error TS7026: JSX element implicitly has type 'any' because no interface 'JSX.IntrinsicElements' exists.
src/foundation/WorkbenchSurface.tsx(66,4): error TS7026: JSX element implicitly has type 'any' because no interface 'JSX.IntrinsicElements' exists.
src/foundation/WorkbenchSurface.tsx(66,18): error TS7026: JSX element implicitly has type 'any' because no interface 'JSX.IntrinsicElements' exists.
src/foundation/WorkbenchSurface.tsx(66,41): error TS7026: JSX element implicitly has type 'any' because no interface 'JSX.IntrinsicElements' exists.
src/foundation/WorkbenchSurface.tsx(66,476): error TS7026: JSX element implicitly has type 'any' because no interface 'JSX.IntrinsicElements' exists.
src/foundation/WorkbenchSurface.tsx(67,4): error TS7026: JSX element implicitly has type 'any' because no interface 'JSX.IntrinsicElements' exists.
src/foundation/WorkbenchSurface.tsx(67,13): error TS7026: JSX element implicitly has type 'any' because no interface 'JSX.IntrinsicElements' exists.
src/foundation/WorkbenchSurface.tsx(67,44): error TS7026: JSX element implicitly has type 'any' because no interface 'JSX.IntrinsicElements' exists.
src/foundation/WorkbenchSurface.tsx(67,202): error TS7026: JSX element implicitly has type 'any' because no interface 'JSX.IntrinsicElements' exists.
src/foundation/WorkbenchSurface.tsx(68,4): error TS7026: JSX element implicitly has type 'any' because no interface 'JSX.IntrinsicElements' exists.
src/foundation/WorkbenchSurface.tsx(68,13): error TS7026: JSX element implicitly has type 'any' because no interface 'JSX.IntrinsicElements' exists.
src/foundation/WorkbenchSurface.tsx(68,37): error TS7026: JSX element implicitly has type 'any' because no interface 'JSX.IntrinsicElements' exists.
src/foundation/WorkbenchSurface.tsx(68,118): error TS7006: Parameter 'r' implicitly has an 'any' type.
src/foundation/WorkbenchSurface.tsx(68,331): error TS7006: Parameter 'r' implicitly has an 'any' type.
src/foundation/WorkbenchSurface.tsx(68,474): error TS7026: JSX element implicitly has type 'any' because no interface 'JSX.IntrinsicElements' exists.
src/foundation/WorkbenchSurface.tsx(69,4): error TS7026: JSX element implicitly has type 'any' because no interface 'JSX.IntrinsicElements' exists.
src/foundation/WorkbenchSurface.tsx(69,306): error TS7026: JSX element implicitly has type 'any' because no interface 'JSX.IntrinsicElements' exists.
src/foundation/WorkbenchSurface.tsx(69,384): error TS7006: Parameter 'event' implicitly has an 'any' type.
src/foundation/WorkbenchSurface.tsx(69,602): error TS7006: Parameter 'text' implicitly has an 'any' type.
src/foundation/WorkbenchSurface.tsx(69,792): error TS7006: Parameter 'e' implicitly has an 'any' type.
src/foundation/WorkbenchSurface.tsx(69,819): error TS7026: JSX element implicitly has type 'any' because no interface 'JSX.IntrinsicElements' exists.
src/foundation/WorkbenchSurface.tsx(69,893): error TS7026: JSX element implicitly has type 'any' because no interface 'JSX.IntrinsicElements' exists.
src/foundation/WorkbenchSurface.tsx(69,901): error TS7026: JSX element implicitly has type 'any' because no interface 'JSX.IntrinsicElements' exists.
src/foundation/WorkbenchSurface.tsx(70,3): error TS7026: JSX element implicitly has type 'any' because no interface 'JSX.IntrinsicElements' exists.
src/foundation/WorkbenchSurface.tsx(70,12): error TS7026: JSX element implicitly has type 'any' because no interface 'JSX.IntrinsicElements' exists.
src/foundation/WorkbenchSurface.tsx(71,18): error TS7006: Parameter 'pane' implicitly has an 'any' type.
src/foundation/WorkbenchSurface.tsx(71,23): error TS7006: Parameter 'index' implicitly has an 'any' type.
src/foundation/WorkbenchSurface.tsx(71,60): error TS7006: Parameter 'v' implicitly has an 'any' type.
src/foundation/WorkbenchSurface.tsx(71,179): error TS7026: JSX element implicitly has type 'any' because no interface 'JSX.IntrinsicElements' exists.
src/foundation/WorkbenchSurface.tsx(71,449): error TS7006: Parameter 'e' implicitly has an 'any' type.
src/foundation/WorkbenchSurface.tsx(71,716): error TS7006: Parameter 'e' implicitly has an 'any' type.
src/foundation/WorkbenchSurface.tsx(71,862): error TS7006: Parameter 'e' implicitly has an 'any' type.
src/foundation/WorkbenchSurface.tsx(71,1190): error TS7006: Parameter 'v' implicitly has an 'any' type.
src/foundation/WorkbenchSurface.tsx(71,1192): error TS7006: Parameter 'p' implicitly has an 'any' type.
src/foundation/WorkbenchSurface.tsx(71,1230): error TS7006: Parameter 'v' implicitly has an 'any' type.
src/foundation/WorkbenchSurface.tsx(71,1232): error TS7006: Parameter 'p' implicitly has an 'any' type.
src/foundation/WorkbenchSurface.tsx(71,1467): error TS7006: Parameter 'e' implicitly has an 'any' type.
src/foundation/WorkbenchSurface.tsx(71,1530): error TS7006: Parameter 'e' implicitly has an 'any' type.
src/foundation/WorkbenchSurface.tsx(71,1598): error TS7006: Parameter 'e' implicitly has an 'any' type.
src/foundation/WorkbenchSurface.tsx(71,1646): error TS7026: JSX element implicitly has type 'any' because no interface 'JSX.IntrinsicElements' exists.
src/foundation/WorkbenchSurface.tsx(72,5): error TS7026: JSX element implicitly has type 'any' because no interface 'JSX.IntrinsicElements' exists.
src/foundation/WorkbenchSurface.tsx(72,101): error TS7006: Parameter 'id' implicitly has an 'any' type.
src/foundation/WorkbenchSurface.tsx(72,131): error TS7006: Parameter 'v' implicitly has an 'any' type.
src/foundation/WorkbenchSurface.tsx(72,185): error TS7026: JSX element implicitly has type 'any' because no interface 'JSX.IntrinsicElements' exists.
src/foundation/WorkbenchSurface.tsx(72,199): error TS7026: JSX element implicitly has type 'any' because no interface 'JSX.IntrinsicElements' exists.
src/foundation/WorkbenchSurface.tsx(72,475): error TS2339: Property 'title' does not exist on type '{}'.
src/foundation/WorkbenchSurface.tsx(72,481): error TS7026: JSX element implicitly has type 'any' because no interface 'JSX.IntrinsicElements' exists.
src/foundation/WorkbenchSurface.tsx(72,581): error TS2339: Property 'title' does not exist on type '{}'.
src/foundation/WorkbenchSurface.tsx(72,665): error TS7026: JSX element implicitly has type 'any' because no interface 'JSX.IntrinsicElements' exists.
src/foundation/WorkbenchSurface.tsx(72,804): error TS7026: JSX element implicitly has type 'any' because no interface 'JSX.IntrinsicElements' exists.
src/foundation/WorkbenchSurface.tsx(73,5): error TS7026: JSX element implicitly has type 'any' because no interface 'JSX.IntrinsicElements' exists.
src/foundation/WorkbenchSurface.tsx(73,468): error TS7006: Parameter '_' implicitly has an 'any' type.
src/foundation/WorkbenchSurface.tsx(73,470): error TS7006: Parameter 'd' implicitly has an 'any' type.
src/foundation/WorkbenchSurface.tsx(73,527): error TS7026: JSX element implicitly has type 'any' because no interface 'JSX.IntrinsicElements' exists.
src/foundation/WorkbenchSurface.tsx(73,558): error TS7026: JSX element implicitly has type 'any' because no interface 'JSX.IntrinsicElements' exists.
src/foundation/WorkbenchSurface.tsx(73,587): error TS7006: Parameter 'p' implicitly has an 'any' type.
src/foundation/WorkbenchSurface.tsx(73,610): error TS7006: Parameter 'p' implicitly has an 'any' type.
src/foundation/WorkbenchSurface.tsx(73,613): error TS7026: JSX element implicitly has type 'any' because no interface 'JSX.IntrinsicElements' exists.
src/foundation/WorkbenchSurface.tsx(73,676): error TS7026: JSX element implicitly has type 'any' because no interface 'JSX.IntrinsicElements' exists.
src/foundation/WorkbenchSurface.tsx(73,795): error TS7006: Parameter '_' implicitly has an 'any' type.
src/foundation/WorkbenchSurface.tsx(73,797): error TS7006: Parameter 'd' implicitly has an 'any' type.
src/foundation/WorkbenchSurface.tsx(73,891): error TS7026: JSX element implicitly has type 'any' because no interface 'JSX.IntrinsicElements' exists.
src/foundation/WorkbenchSurface.tsx(73,917): error TS7026: JSX element implicitly has type 'any' because no interface 'JSX.IntrinsicElements' exists.
src/foundation/WorkbenchSurface.tsx(73,926): error TS7026: JSX element implicitly has type 'any' because no interface 'JSX.IntrinsicElements' exists.
src/foundation/WorkbenchSurface.tsx(73,949): error TS7026: JSX element implicitly has type 'any' because no interface 'JSX.IntrinsicElements' exists.
src/foundation/WorkbenchSurface.tsx(73,958): error TS7026: JSX element implicitly has type 'any' because no interface 'JSX.IntrinsicElements' exists.
src/foundation/WorkbenchSurface.tsx(73,980): error TS7026: JSX element implicitly has type 'any' because no interface 'JSX.IntrinsicElements' exists.
src/foundation/WorkbenchSurface.tsx(73,1002): error TS7026: JSX element implicitly has type 'any' because no interface 'JSX.IntrinsicElements' exists.
src/foundation/WorkbenchSurface.tsx(74,23): error TS7026: JSX element implicitly has type 'any' because no interface 'JSX.IntrinsicElements' exists.
src/foundation/WorkbenchSurface.tsx(74,88): error TS7053: Element implicitly has an 'any' type because expression of type 'any' can't be used to index type 'Record<"workflow" | "lineage" | "notebook" | "catalog" | "evidence" | "data-model" | "dbt-project" | "model-design" | "chart-board" | "pipeline" | "figure" | "exercise", string>'.
src/foundation/WorkbenchSurface.tsx(74,184): error TS7006: Parameter '_' implicitly has an 'any' type.
src/foundation/WorkbenchSurface.tsx(74,186): error TS7006: Parameter 'd' implicitly has an 'any' type.
src/foundation/WorkbenchSurface.tsx(74,350): error TS7026: JSX element implicitly has type 'any' because no interface 'JSX.IntrinsicElements' exists.
src/foundation/WorkbenchSurface.tsx(74,405): error TS7026: JSX element implicitly has type 'any' because no interface 'JSX.IntrinsicElements' exists.
src/foundation/WorkbenchSurface.tsx(74,413): error TS7026: JSX element implicitly has type 'any' because no interface 'JSX.IntrinsicElements' exists.
src/foundation/WorkbenchSurface.tsx(74,523): error TS7006: Parameter 'e' implicitly has an 'any' type.
src/foundation/WorkbenchSurface.tsx(74,861): error TS7026: JSX element implicitly has type 'any' because no interface 'JSX.IntrinsicElements' exists.
src/foundation/WorkbenchSurface.tsx(74,867): error TS7026: JSX element implicitly has type 'any' because no interface 'JSX.IntrinsicElements' exists.
src/foundation/WorkbenchSurface.tsx(74,1014): error TS7026: JSX element implicitly has type 'any' because no interface 'JSX.IntrinsicElements' exists.
src/foundation/WorkbenchSurface.tsx(74,1024): error TS7026: JSX element implicitly has type 'any' because no interface 'JSX.IntrinsicElements' exists.
src/foundation/WorkbenchSurface.tsx(74,1138): error TS7026: JSX element implicitly has type 'any' because no interface 'JSX.IntrinsicElements' exists.
src/foundation/WorkbenchSurface.tsx(75,4): error TS7026: JSX element implicitly has type 'any' because no interface 'JSX.IntrinsicElements' exists.
src/foundation/WorkbenchSurface.tsx(76,3): error TS7026: JSX element implicitly has type 'any' because no interface 'JSX.IntrinsicElements' exists.
src/foundation/WorkbenchSurface.tsx(76,27): error TS7026: JSX element implicitly has type 'any' because no interface 'JSX.IntrinsicElements' exists.
src/foundation/WorkbenchSurface.tsx(76,95): error TS7026: JSX element implicitly has type 'any' because no interface 'JSX.IntrinsicElements' exists.
src/foundation/WorkbenchSurface.tsx(76,106): error TS7026: JSX element implicitly has type 'any' because no interface 'JSX.IntrinsicElements' exists.
src/foundation/WorkbenchSurface.tsx(76,111): error TS7026: JSX element implicitly has type 'any' because no interface 'JSX.IntrinsicElements' exists.
src/foundation/WorkbenchSurface.tsx(76,165): error TS7026: JSX element implicitly has type 'any' because no interface 'JSX.IntrinsicElements' exists.
src/foundation/WorkbenchSurface.tsx(76,201): error TS7006: Parameter 'v' implicitly has an 'any' type.
src/foundation/WorkbenchSurface.tsx(76,228): error TS7006: Parameter 'p' implicitly has an 'any' type.
src/foundation/WorkbenchSurface.tsx(76,320): error TS7026: JSX element implicitly has type 'any' because no interface 'JSX.IntrinsicElements' exists.
src/foundation/WorkbenchSurface.tsx(76,324): error TS7026: JSX element implicitly has type 'any' because no interface 'JSX.IntrinsicElements' exists.
src/foundation/WorkbenchSurface.tsx(76,336): error TS7026: JSX element implicitly has type 'any' because no interface 'JSX.IntrinsicElements' exists.
src/foundation/WorkbenchSurface.tsx(76,341): error TS7026: JSX element implicitly has type 'any' because no interface 'JSX.IntrinsicElements' exists.
src/foundation/WorkbenchSurface.tsx(76,354): error TS7026: JSX element implicitly has type 'any' because no interface 'JSX.IntrinsicElements' exists.
src/foundation/WorkbenchSurface.tsx(76,359): error TS7026: JSX element implicitly has type 'any' because no interface 'JSX.IntrinsicElements' exists.
src/foundation/WorkbenchSurface.tsx(76,371): error TS7026: JSX element implicitly has type 'any' because no interface 'JSX.IntrinsicElements' exists.
src/foundation/WorkbenchSurface.tsx(76,376): error TS7026: JSX element implicitly has type 'any' because no interface 'JSX.IntrinsicElements' exists.
src/foundation/WorkbenchSurface.tsx(76,380): error TS7026: JSX element implicitly has type 'any' because no interface 'JSX.IntrinsicElements' exists.
src/foundation/WorkbenchSurface.tsx(76,392): error TS7026: JSX element implicitly has type 'any' because no interface 'JSX.IntrinsicElements' exists.
src/foundation/WorkbenchSurface.tsx(76,399): error TS7026: JSX element implicitly has type 'any' because no interface 'JSX.IntrinsicElements' exists.
src/foundation/WorkbenchSurface.tsx(76,404): error TS7026: JSX element implicitly has type 'any' because no interface 'JSX.IntrinsicElements' exists.
src/foundation/WorkbenchSurface.tsx(76,416): error TS7026: JSX element implicitly has type 'any' because no interface 'JSX.IntrinsicElements' exists.
src/foundation/WorkbenchSurface.tsx(76,421): error TS7026: JSX element implicitly has type 'any' because no interface 'JSX.IntrinsicElements' exists.
src/foundation/WorkbenchSurface.tsx(76,437): error TS7026: JSX element implicitly has type 'any' because no interface 'JSX.IntrinsicElements' exists.
src/foundation/WorkbenchSurface.tsx(76,442): error TS7026: JSX element implicitly has type 'any' because no interface 'JSX.IntrinsicElements' exists.
src/foundation/WorkbenchSurface.tsx(76,456): error TS7026: JSX element implicitly has type 'any' because no interface 'JSX.IntrinsicElements' exists.
src/foundation/WorkbenchSurface.tsx(76,461): error TS7026: JSX element implicitly has type 'any' because no interface 'JSX.IntrinsicElements' exists.
src/foundation/WorkbenchSurface.tsx(76,485): error TS7006: Parameter 'v' implicitly has an 'any' type.
src/foundation/WorkbenchSurface.tsx(76,517): error TS7026: JSX element implicitly has type 'any' because no interface 'JSX.IntrinsicElements' exists.
src/foundation/WorkbenchSurface.tsx(76,522): error TS7026: JSX element implicitly has type 'any' because no interface 'JSX.IntrinsicElements' exists.
src/foundation/WorkbenchSurface.tsx(76,535): error TS7026: JSX element implicitly has type 'any' because no interface 'JSX.IntrinsicElements' exists.
src/foundation/WorkbenchSurface.tsx(76,540): error TS7026: JSX element implicitly has type 'any' because no interface 'JSX.IntrinsicElements' exists.
src/foundation/WorkbenchSurface.tsx(76,716): error TS7026: JSX element implicitly has type 'any' because no interface 'JSX.IntrinsicElements' exists.
src/foundation/WorkbenchSurface.tsx(76,721): error TS7026: JSX element implicitly has type 'any' because no interface 'JSX.IntrinsicElements' exists.
src/foundation/WorkbenchSurface.tsx(76,762): error TS7006: Parameter 'm' implicitly has an 'any' type.
src/foundation/WorkbenchSurface.tsx(76,792): error TS7006: Parameter 'm' implicitly has an 'any' type.
src/foundation/WorkbenchSurface.tsx(76,795): error TS7026: JSX element implicitly has type 'any' because no interface 'JSX.IntrinsicElements' exists.
src/foundation/WorkbenchSurface.tsx(76,856): error TS7026: JSX element implicitly has type 'any' because no interface 'JSX.IntrinsicElements' exists.
src/foundation/WorkbenchSurface.tsx(76,862): error TS7026: JSX element implicitly has type 'any' because no interface 'JSX.IntrinsicElements' exists.
src/foundation/WorkbenchSurface.tsx(76,871): error TS7026: JSX element implicitly has type 'any' because no interface 'JSX.IntrinsicElements' exists.
src/foundation/WorkbenchSurface.tsx(78,2): error TS7026: JSX element implicitly has type 'any' because no interface 'JSX.IntrinsicElements' exists.
src/foundation/WorkbenchSurface.tsx(86,34): error TS7006: Parameter 'n' implicitly has an 'any' type.
src/foundation/WorkbenchSurface.tsx(87,30): error TS7006: Parameter 'e' implicitly has an 'any' type.
src/foundation/WorkbenchSurface.tsx(88,143): error TS7006: Parameter '_' implicitly has an 'any' type.
src/foundation/WorkbenchSurface.tsx(88,145): error TS7006: Parameter 'd' implicitly has an 'any' type.
src/foundation/WorkbenchSurface.tsx(88,174): error TS7026: JSX element implicitly has type 'any' because no interface 'JSX.IntrinsicElements' exists.
src/foundation/WorkbenchSurface.tsx(88,205): error TS7026: JSX element implicitly has type 'any' because no interface 'JSX.IntrinsicElements' exists.
src/foundation/WorkbenchSurface.tsx(88,255): error TS7026: JSX element implicitly has type 'any' because no interface 'JSX.IntrinsicElements' exists.
src/foundation/WorkbenchSurface.tsx(88,309): error TS7026: JSX element implicitly has type 'any' because no interface 'JSX.IntrinsicElements' exists.
src/foundation/WorkbenchSurface.tsx(88,334): error TS7026: JSX element implicitly has type 'any' because no interface 'JSX.IntrinsicElements' exists.
src/foundation/WorkbenchSurface.tsx(88,401): error TS7026: JSX element implicitly has type 'any' because no interface 'JSX.IntrinsicElements' exists.
src/foundation/WorkbenchSurface.tsx(88,421): error TS7026: JSX element implicitly has type 'any' because no interface 'JSX.IntrinsicElements' exists.
src/foundation/WorkbenchSurface.tsx(88,481): error TS7026: JSX element implicitly has type 'any' because no interface 'JSX.IntrinsicElements' exists.
src/foundation/WorkbenchSurface.tsx(90,23): error TS7026: JSX element implicitly has type 'any' because no interface 'JSX.IntrinsicElements' exists.
src/foundation/WorkbenchSurface.tsx(90,70): error TS7026: JSX element implicitly has type 'any' because no interface 'JSX.IntrinsicElements' exists.
src/foundation/WorkbenchSurface.tsx(94,92): error TS7006: Parameter '_' implicitly has an 'any' type.
src/foundation/WorkbenchSurface.tsx(94,94): error TS7006: Parameter 'd' implicitly has an 'any' type.
src/foundation/WorkbenchSurface.tsx(94,201): error TS7006: Parameter '_' implicitly has an 'any' type.
src/foundation/WorkbenchSurface.tsx(94,203): error TS7006: Parameter 'd' implicitly has an 'any' type.
src/foundation/WorkbenchSurface.tsx(94,293): error TS7026: JSX element implicitly has type 'any' because no interface 'JSX.IntrinsicElements' exists.
src/foundation/WorkbenchSurface.tsx(94,367): error TS7026: JSX element implicitly has type 'any' because no interface 'JSX.IntrinsicElements' exists.
src/foundation/WorkbenchSurface.tsx(94,387): error TS7026: JSX element implicitly has type 'any' because no interface 'JSX.IntrinsicElements' exists.
src/foundation/WorkbenchSurface.tsx(94,461): error TS7026: JSX element implicitly has type 'any' because no interface 'JSX.IntrinsicElements' exists.
src/foundation/WorkbenchSurface.tsx(94,568): error TS7006: Parameter '_' implicitly has an 'any' type.
src/foundation/WorkbenchSurface.tsx(94,570): error TS7006: Parameter 'd' implicitly has an 'any' type.
src/foundation/WorkbenchSurface.tsx(94,619): error TS7026: JSX element implicitly has type 'any' because no interface 'JSX.IntrinsicElements' exists.
src/foundation/WorkbenchSurface.tsx(94,654): error TS7026: JSX element implicitly has type 'any' because no interface 'JSX.IntrinsicElements' exists.
src/foundation/WorkbenchSurface.tsx(94,712): error TS7026: JSX element implicitly has type 'any' because no interface 'JSX.IntrinsicElements' exists.
src/foundation/WorkbenchSurface.tsx(94,753): error TS7026: JSX element implicitly has type 'any' because no interface 'JSX.IntrinsicElements' exists.
src/foundation/WorkbenchSurface.tsx(94,781): error TS7026: JSX element implicitly has type 'any' because no interface 'JSX.IntrinsicElements' exists.
src/foundation/WorkbenchSurface.tsx(94,887): error TS7026: JSX element implicitly has type 'any' because no interface 'JSX.IntrinsicElements' exists.
src/foundation/WorkbenchSurface.tsx(99,95): error TS7006: Parameter '_' implicitly has an 'any' type.
src/foundation/WorkbenchSurface.tsx(99,97): error TS7006: Parameter 'd' implicitly has an 'any' type.
src/foundation/WorkbenchSurface.tsx(99,186): error TS7026: JSX element implicitly has type 'any' because no interface 'JSX.IntrinsicElements' exists.
src/foundation/WorkbenchSurface.tsx(99,317): error TS7026: JSX element implicitly has type 'any' because no interface 'JSX.IntrinsicElements' exists.
src/foundation/WorkbenchSurface.tsx(103,93): error TS7006: Parameter '_' implicitly has an 'any' type.
src/foundation/WorkbenchSurface.tsx(103,95): error TS7006: Parameter 'd' implicitly has an 'any' type.
src/foundation/WorkbenchSurface.tsx(103,264): error TS7006: Parameter '_' implicitly has an 'any' type.
src/foundation/WorkbenchSurface.tsx(103,266): error TS7006: Parameter 'd' implicitly has an 'any' type.
src/foundation/WorkbenchSurface.tsx(103,367): error TS7006: Parameter '_' implicitly has an 'any' type.
src/foundation/WorkbenchSurface.tsx(103,369): error TS7006: Parameter 'd' implicitly has an 'any' type.
src/foundation/WorkbenchSurface.tsx(103,417): error TS7026: JSX element implicitly has type 'any' because no interface 'JSX.IntrinsicElements' exists.
src/foundation/WorkbenchSurface.tsx(103,444): error TS7026: JSX element implicitly has type 'any' because no interface 'JSX.IntrinsicElements' exists.
src/foundation/WorkbenchSurface.tsx(103,453): error TS7026: JSX element implicitly has type 'any' because no interface 'JSX.IntrinsicElements' exists.
src/foundation/WorkbenchSurface.tsx(103,478): error TS7026: JSX element implicitly has type 'any' because no interface 'JSX.IntrinsicElements' exists.
src/foundation/WorkbenchSurface.tsx(103,487): error TS7026: JSX element implicitly has type 'any' because no interface 'JSX.IntrinsicElements' exists.
src/foundation/WorkbenchSurface.tsx(103,522): error TS7026: JSX element implicitly has type 'any' because no interface 'JSX.IntrinsicElements' exists.
src/foundation/WorkbenchSurface.tsx(103,611): error TS7006: Parameter '_' implicitly has an 'any' type.
src/foundation/WorkbenchSurface.tsx(103,613): error TS7006: Parameter 'd' implicitly has an 'any' type.
src/foundation/WorkbenchSurface.tsx(103,685): error TS7026: JSX element implicitly has type 'any' because no interface 'JSX.IntrinsicElements' exists.
src/foundation/WorkbenchSurface.tsx(103,744): error TS7026: JSX element implicitly has type 'any' because no interface 'JSX.IntrinsicElements' exists.
src/foundation/WorkbenchSurface.tsx(103,764): error TS7026: JSX element implicitly has type 'any' because no interface 'JSX.IntrinsicElements' exists.
src/foundation/WorkbenchSurface.tsx(103,820): error TS7026: JSX element implicitly has type 'any' because no interface 'JSX.IntrinsicElements' exists.
src/foundation/WorkbenchSurface.tsx(103,836): error TS7026: JSX element implicitly has type 'any' because no interface 'JSX.IntrinsicElements' exists.
src/foundation/WorkbenchSurface.tsx(103,850): error TS7026: JSX element implicitly has type 'any' because no interface 'JSX.IntrinsicElements' exists.
src/foundation/WorkbenchSurface.tsx(103,891): error TS7026: JSX element implicitly has type 'any' because no interface 'JSX.IntrinsicElements' exists.
src/foundation/WorkbenchSurface.tsx(103,923): error TS7026: JSX element implicitly has type 'any' because no interface 'JSX.IntrinsicElements' exists.
src/foundation/WorkbenchSurface.tsx(103,969): error TS7026: JSX element implicitly has type 'any' because no interface 'JSX.IntrinsicElements' exists.
src/foundation/WorkbenchSurface.tsx(103,981): error TS7026: JSX element implicitly has type 'any' because no interface 'JSX.IntrinsicElements' exists.
src/foundation/WorkbenchSurface.tsx(103,1073): error TS7006: Parameter '_' implicitly has an 'any' type.
src/foundation/WorkbenchSurface.tsx(103,1075): error TS7006: Parameter 'd' implicitly has an 'any' type.
src/foundation/WorkbenchSurface.tsx(103,1235): error TS7006: Parameter '_' implicitly has an 'any' type.
src/foundation/WorkbenchSurface.tsx(103,1237): error TS7006: Parameter 'd' implicitly has an 'any' type.
src/foundation/WorkbenchSurface.tsx(103,1338): error TS7026: JSX element implicitly has type 'any' because no interface 'JSX.IntrinsicElements' exists.
src/foundation/WorkbenchSurface.tsx(103,1365): error TS7026: JSX element implicitly has type 'any' because no interface 'JSX.IntrinsicElements' exists.
src/foundation/WorkbenchSurface.tsx(103,1374): error TS7026: JSX element implicitly has type 'any' because no interface 'JSX.IntrinsicElements' exists.
src/foundation/WorkbenchSurface.tsx(103,1405): error TS7026: JSX element implicitly has type 'any' because no interface 'JSX.IntrinsicElements' exists.
src/foundation/WorkbenchSurface.tsx(103,1414): error TS7026: JSX element implicitly has type 'any' because no interface 'JSX.IntrinsicElements' exists.
src/foundation/WorkbenchSurface.tsx(103,1445): error TS7026: JSX element implicitly has type 'any' because no interface 'JSX.IntrinsicElements' exists.
src/foundation/WorkbenchSurface.tsx(103,1578): error TS7026: JSX element implicitly has type 'any' because no interface 'JSX.IntrinsicElements' exists.
src/foundation/WorkbenchSurface.tsx(103,1729): error TS7026: JSX element implicitly has type 'any' because no interface 'JSX.IntrinsicElements' exists.
src/foundation/WorkbenchSurface.tsx(107,179): error TS7006: Parameter '_' implicitly has an 'any' type.
src/foundation/WorkbenchSurface.tsx(107,181): error TS7006: Parameter 'd' implicitly has an 'any' type.
src/foundation/WorkbenchSurface.tsx(107,323): error TS7026: JSX element implicitly has type 'any' because no interface 'JSX.IntrinsicElements' exists.
src/foundation/WorkbenchSurface.tsx(107,360): error TS7026: JSX element implicitly has type 'any' because no interface 'JSX.IntrinsicElements' exists.
src/foundation/WorkbenchSurface.tsx(107,369): error TS7026: JSX element implicitly has type 'any' because no interface 'JSX.IntrinsicElements' exists.
src/foundation/WorkbenchSurface.tsx(107,412): error TS7026: JSX element implicitly has type 'any' because no interface 'JSX.IntrinsicElements' exists.
src/foundation/WorkbenchSurface.tsx(108,193): error TS7006: Parameter '_' implicitly has an 'any' type.
src/foundation/WorkbenchSurface.tsx(108,195): error TS7006: Parameter 'd' implicitly has an 'any' type.
src/foundation/WorkbenchSurface.tsx(111,95): error TS7006: Parameter '_' implicitly has an 'any' type.
src/foundation/WorkbenchSurface.tsx(111,97): error TS7006: Parameter 'd' implicitly has an 'any' type.
src/foundation/WorkbenchSurface.tsx(111,223): error TS7026: JSX element implicitly has type 'any' because no interface 'JSX.IntrinsicElements' exists.
src/foundation/WorkbenchSurface.tsx(111,252): error TS7026: JSX element implicitly has type 'any' because no interface 'JSX.IntrinsicElements' exists.
src/foundation/WorkbenchSurface.tsx(111,414): error TS7006: Parameter '_' implicitly has an 'any' type.
src/foundation/WorkbenchSurface.tsx(111,416): error TS7006: Parameter 'd' implicitly has an 'any' type.
src/foundation/WorkbenchSurface.tsx(111,539): error TS7026: JSX element implicitly has type 'any' because no interface 'JSX.IntrinsicElements' exists.
src/foundation/WorkbenchSurface.tsx(111,577): error TS7026: JSX element implicitly has type 'any' because no interface 'JSX.IntrinsicElements' exists.
src/foundation/WorkbenchSurface.tsx(111,607): error TS7026: JSX element implicitly has type 'any' because no interface 'JSX.IntrinsicElements' exists.
src/foundation/WorkbenchSurface.tsx(111,725): error TS7026: JSX element implicitly has type 'any' because no interface 'JSX.IntrinsicElements' exists.
src/foundation/WorkbenchSurface.tsx(113,9): error TS7026: JSX element implicitly has type 'any' because no interface 'JSX.IntrinsicElements' exists.
src/foundation/WorkbenchSurface.tsx(113,50): error TS7026: JSX element implicitly has type 'any' because no interface 'JSX.IntrinsicElements' exists.
src/foundation/WorkbenchSurface.tsx(113,652): error TS7006: Parameter '_' implicitly has an 'any' type.
src/foundation/WorkbenchSurface.tsx(113,654): error TS7006: Parameter 'd' implicitly has an 'any' type.
src/foundation/WorkbenchSurface.tsx(113,676): error TS7026: JSX element implicitly has type 'any' because no interface 'JSX.IntrinsicElements' exists.
src/foundation/WorkbenchSurface.tsx(113,704): error TS7026: JSX element implicitly has type 'any' because no interface 'JSX.IntrinsicElements' exists.
src/foundation/WorkbenchSurface.tsx(113,730): error TS7006: Parameter 'n' implicitly has an 'any' type.
src/foundation/WorkbenchSurface.tsx(113,733): error TS7026: JSX element implicitly has type 'any' because no interface 'JSX.IntrinsicElements' exists.
src/foundation/WorkbenchSurface.tsx(113,774): error TS7026: JSX element implicitly has type 'any' because no interface 'JSX.IntrinsicElements' exists.
src/foundation/WorkbenchSurface.tsx(113,870): error TS7006: Parameter '_' implicitly has an 'any' type.
src/foundation/WorkbenchSurface.tsx(113,872): error TS7006: Parameter 'd' implicitly has an 'any' type.
src/foundation/WorkbenchSurface.tsx(113,892): error TS7026: JSX element implicitly has type 'any' because no interface 'JSX.IntrinsicElements' exists.
src/foundation/WorkbenchSurface.tsx(113,920): error TS7026: JSX element implicitly has type 'any' because no interface 'JSX.IntrinsicElements' exists.
src/foundation/WorkbenchSurface.tsx(113,946): error TS7006: Parameter 'n' implicitly has an 'any' type.
src/foundation/WorkbenchSurface.tsx(113,949): error TS7026: JSX element implicitly has type 'any' because no interface 'JSX.IntrinsicElements' exists.
src/foundation/WorkbenchSurface.tsx(113,990): error TS7026: JSX element implicitly has type 'any' because no interface 'JSX.IntrinsicElements' exists.
src/foundation/WorkbenchSurface.tsx(113,1059): error TS7006: Parameter 'n' implicitly has an 'any' type.
src/foundation/WorkbenchSurface.tsx(113,1094): error TS7006: Parameter 'n' implicitly has an 'any' type.
src/foundation/WorkbenchSurface.tsx(113,1192): error TS7026: JSX element implicitly has type 'any' because no interface 'JSX.IntrinsicElements' exists.
src/foundation/WorkbenchSurface.tsx(115,3): error TS7026: JSX element implicitly has type 'any' because no interface 'JSX.IntrinsicElements' exists.
src/foundation/WorkbenchSurface.tsx(115,50): error TS7026: JSX element implicitly has type 'any' because no interface 'JSX.IntrinsicElements' exists.
src/foundation/WorkbenchSurface.tsx(115,87): error TS7026: JSX element implicitly has type 'any' because no interface 'JSX.IntrinsicElements' exists.
src/foundation/WorkbenchSurface.tsx(115,97): error TS7026: JSX element implicitly has type 'any' because no interface 'JSX.IntrinsicElements' exists.
src/foundation/WorkbenchSurface.tsx(115,214): error TS7006: Parameter '_' implicitly has an 'any' type.
src/foundation/WorkbenchSurface.tsx(115,216): error TS7006: Parameter 'd' implicitly has an 'any' type.
src/foundation/WorkbenchSurface.tsx(115,349): error TS7006: Parameter '_' implicitly has an 'any' type.
src/foundation/WorkbenchSurface.tsx(115,351): error TS7006: Parameter 'd' implicitly has an 'any' type.
src/foundation/WorkbenchSurface.tsx(115,413): error TS7026: JSX element implicitly has type 'any' because no interface 'JSX.IntrinsicElements' exists.
src/foundation/WorkbenchSurface.tsx(115,443): error TS7026: JSX element implicitly has type 'any' because no interface 'JSX.IntrinsicElements' exists.
src/foundation/WorkbenchSurface.tsx(115,469): error TS7006: Parameter 'n' implicitly has an 'any' type.
src/foundation/WorkbenchSurface.tsx(115,472): error TS7026: JSX element implicitly has type 'any' because no interface 'JSX.IntrinsicElements' exists.
src/foundation/WorkbenchSurface.tsx(115,513): error TS7026: JSX element implicitly has type 'any' because no interface 'JSX.IntrinsicElements' exists.
src/foundation/WorkbenchSurface.tsx(115,581): error TS7026: JSX element implicitly has type 'any' because no interface 'JSX.IntrinsicElements' exists.
src/foundation/WorkbenchSurface.tsx(115,592): error TS7026: JSX element implicitly has type 'any' because no interface 'JSX.IntrinsicElements' exists.
src/foundation/WorkbenchSurface.tsx(116,2): error TS7026: JSX element implicitly has type 'any' because no interface 'JSX.IntrinsicElements' exists.
src/foundation/useWorkbench.ts(1,43): error TS2307: Cannot find module 'react' or its corresponding type declarations.
src/foundation/useWorkbench.ts(12,58): error TS7006: Parameter 'n' implicitly has an 'any' type.
src/main.tsx(1,19): error TS2307: Cannot find module 'react' or its corresponding type declarations.
src/main.tsx(2,26): error TS2307: Cannot find module 'react-dom/client' or its corresponding type declarations.
src/main.tsx(3,44): error TS2307: Cannot find module '@fluentui/react-components' or its corresponding type declarations.
src/main.tsx(9,37): error TS7026: JSX element implicitly has type 'any' because no interface 'JSX.IntrinsicElements' exists.
src/main.tsx(9,37): error TS2875: This JSX tag requires the module path 'react/jsx-runtime' to exist, but none could be found. Make sure you have types for the appropriate package installed.
src/main.tsx(9,67): error TS7026: JSX element implicitly has type 'any' because no interface 'JSX.IntrinsicElements' exists.
src/main.tsx(9,101): error TS7026: JSX element implicitly has type 'any' because no interface 'JSX.IntrinsicElements' exists.
src/main.tsx(9,106): error TS7026: JSX element implicitly has type 'any' because no interface 'JSX.IntrinsicElements' exists.
src/main.tsx(9,129): error TS7026: JSX element implicitly has type 'any' because no interface 'JSX.IntrinsicElements' exists.
src/main.tsx(9,133): error TS7026: JSX element implicitly has type 'any' because no interface 'JSX.IntrinsicElements' exists.
src/main.tsx(9,203): error TS7026: JSX element implicitly has type 'any' because no interface 'JSX.IntrinsicElements' exists.
src/main.tsx(9,207): error TS7026: JSX element implicitly has type 'any' because no interface 'JSX.IntrinsicElements' exists.
src/main.tsx(9,253): error TS7026: JSX element implicitly has type 'any' because no interface 'JSX.IntrinsicElements' exists.
src/main.tsx(9,262): error TS7026: JSX element implicitly has type 'any' because no interface 'JSX.IntrinsicElements' exists.
src/main.tsx(9,275): error TS2339: Property 'props' does not exist on type 'ErrorBoundary'.
src/notebook.ts(62,147): error TS7006: Parameter 'i' implicitly has an 'any' type.
src/notebook.ts(103,65): error TS7006: Parameter 'i' implicitly has an 'any' type.
src/notebook.ts(143,202): error TS7006: Parameter 'i' implicitly has an 'any' type.
src/notebook.ts(156,99): error TS7006: Parameter 'i' implicitly has an 'any' type.
src/notebook.ts(156,211): error TS7006: Parameter 'i' implicitly has an 'any' type.
src/notebook.ts(159,38): error TS7006: Parameter 'i' implicitly has an 'any' type.
src/notebook.ts(162,211): error TS7006: Parameter 'i' implicitly has an 'any' type.
src/notebook.ts(166,279): error TS7006: Parameter 'item' implicitly has an 'any' type.
src/notebook.ts(166,354): error TS7006: Parameter 'item' implicitly has an 'any' type.
src/notebook.ts(193,208): error TS7006: Parameter 'i' implicitly has an 'any' type.
src/notebook.ts(201,107): error TS7006: Parameter 'i' implicitly has an 'any' type.
src/notebook.ts(205,250): error TS7006: Parameter 'i' implicitly has an 'any' type.
src/notebook.ts(209,191): error TS7006: Parameter 'i' implicitly has an 'any' type.
src/notebook.ts(209,206): error TS7006: Parameter 'id' implicitly has an 'any' type.
src/plugins.tsx(3,49): error TS2307: Cannot find module 'react' or its corresponding type declarations.
src/plugins.tsx(5,28): error TS2307: Cannot find module '@fluentui/react-components' or its corresponding type declarations.
src/plugins.tsx(15,36): error TS2875: This JSX tag requires the module path 'react/jsx-runtime' to exist, but none could be found. Make sure you have types for the appropriate package installed.
src/plugins.tsx(43,9): error TS7026: JSX element implicitly has type 'any' because no interface 'JSX.IntrinsicElements' exists.
src/plugins.tsx(43,39): error TS7026: JSX element implicitly has type 'any' because no interface 'JSX.IntrinsicElements' exists.
src/plugins.tsx(43,109): error TS7026: JSX element implicitly has type 'any' because no interface 'JSX.IntrinsicElements' exists.
src/plugins.tsx(43,115): error TS7026: JSX element implicitly has type 'any' because no interface 'JSX.IntrinsicElements' exists.
src/plugins.tsx(43,128): error TS7026: JSX element implicitly has type 'any' because no interface 'JSX.IntrinsicElements' exists.
src/plugins.tsx(43,133): error TS7026: JSX element implicitly has type 'any' because no interface 'JSX.IntrinsicElements' exists.
src/plugins.tsx(43,168): error TS7026: JSX element implicitly has type 'any' because no interface 'JSX.IntrinsicElements' exists.
src/plugins.tsx(43,172): error TS7026: JSX element implicitly has type 'any' because no interface 'JSX.IntrinsicElements' exists.
src/plugins.tsx(43,201): error TS7026: JSX element implicitly has type 'any' because no interface 'JSX.IntrinsicElements' exists.
src/plugins.tsx(43,206): error TS7026: JSX element implicitly has type 'any' because no interface 'JSX.IntrinsicElements' exists.
src/plugins.tsx(43,228): error TS7026: JSX element implicitly has type 'any' because no interface 'JSX.IntrinsicElements' exists.
src/plugins.tsx(43,235): error TS7026: JSX element implicitly has type 'any' because no interface 'JSX.IntrinsicElements' exists.
src/plugins.tsx(43,255): error TS7026: JSX element implicitly has type 'any' because no interface 'JSX.IntrinsicElements' exists.
src/plugins.tsx(43,259): error TS7026: JSX element implicitly has type 'any' because no interface 'JSX.IntrinsicElements' exists.
src/plugins.tsx(43,265): error TS7026: JSX element implicitly has type 'any' because no interface 'JSX.IntrinsicElements' exists.
src/plugins.tsx(43,270): error TS7026: JSX element implicitly has type 'any' because no interface 'JSX.IntrinsicElements' exists.
src/plugins.tsx(43,289): error TS7026: JSX element implicitly has type 'any' because no interface 'JSX.IntrinsicElements' exists.
src/plugins.tsx(43,296): error TS7026: JSX element implicitly has type 'any' because no interface 'JSX.IntrinsicElements' exists.
src/plugins.tsx(43,355): error TS7026: JSX element implicitly has type 'any' because no interface 'JSX.IntrinsicElements' exists.
src/plugins.tsx(43,359): error TS7026: JSX element implicitly has type 'any' because no interface 'JSX.IntrinsicElements' exists.
src/plugins.tsx(43,365): error TS7026: JSX element implicitly has type 'any' because no interface 'JSX.IntrinsicElements' exists.
src/plugins.tsx(43,370): error TS7026: JSX element implicitly has type 'any' because no interface 'JSX.IntrinsicElements' exists.
src/plugins.tsx(43,381): error TS7026: JSX element implicitly has type 'any' because no interface 'JSX.IntrinsicElements' exists.
src/plugins.tsx(43,388): error TS7026: JSX element implicitly has type 'any' because no interface 'JSX.IntrinsicElements' exists.
src/plugins.tsx(43,405): error TS7026: JSX element implicitly has type 'any' because no interface 'JSX.IntrinsicElements' exists.
src/plugins.tsx(43,409): error TS7026: JSX element implicitly has type 'any' because no interface 'JSX.IntrinsicElements' exists.
src/plugins.tsx(43,415): error TS7026: JSX element implicitly has type 'any' because no interface 'JSX.IntrinsicElements' exists.
src/plugins.tsx(43,436): error TS7026: JSX element implicitly has type 'any' because no interface 'JSX.IntrinsicElements' exists.
src/plugins.tsx(43,472): error TS7026: JSX element implicitly has type 'any' because no interface 'JSX.IntrinsicElements' exists.
src/plugins.tsx(43,477): error TS7026: JSX element implicitly has type 'any' because no interface 'JSX.IntrinsicElements' exists.
src/plugins.tsx(43,512): error TS7026: JSX element implicitly has type 'any' because no interface 'JSX.IntrinsicElements' exists.
src/plugins.tsx(43,517): error TS7026: JSX element implicitly has type 'any' because no interface 'JSX.IntrinsicElements' exists.
src/plugins.tsx(43,620): error TS7026: JSX element implicitly has type 'any' because no interface 'JSX.IntrinsicElements' exists.
src/plugins.tsx(43,624): error TS7026: JSX element implicitly has type 'any' because no interface 'JSX.IntrinsicElements' exists.
src/plugins.tsx(43,713): error TS7026: JSX element implicitly has type 'any' because no interface 'JSX.IntrinsicElements' exists.
src/plugins.tsx(43,719): error TS7026: JSX element implicitly has type 'any' because no interface 'JSX.IntrinsicElements' exists.
src/plugins.tsx(43,768): error TS7026: JSX element implicitly has type 'any' because no interface 'JSX.IntrinsicElements' exists.
src/plugins.tsx(43,851): error TS7026: JSX element implicitly has type 'any' because no interface 'JSX.IntrinsicElements' exists.
src/plugins.tsx(43,886): error TS7026: JSX element implicitly has type 'any' because no interface 'JSX.IntrinsicElements' exists.
src/plugins.tsx(43,893): error TS7026: JSX element implicitly has type 'any' because no interface 'JSX.IntrinsicElements' exists.
src/plugins.tsx(43,898): error TS7026: JSX element implicitly has type 'any' because no interface 'JSX.IntrinsicElements' exists.
src/plugins.tsx(43,910): error TS7026: JSX element implicitly has type 'any' because no interface 'JSX.IntrinsicElements' exists.
src/plugins.tsx(43,914): error TS7026: JSX element implicitly has type 'any' because no interface 'JSX.IntrinsicElements' exists.
src/plugins.tsx(43,925): error TS7026: JSX element implicitly has type 'any' because no interface 'JSX.IntrinsicElements' exists.
src/plugins.tsx(43,929): error TS7026: JSX element implicitly has type 'any' because no interface 'JSX.IntrinsicElements' exists.
src/plugins.tsx(43,1003): error TS7026: JSX element implicitly has type 'any' because no interface 'JSX.IntrinsicElements' exists.
src/plugins.tsx(43,1010): error TS7026: JSX element implicitly has type 'any' because no interface 'JSX.IntrinsicElements' exists.
src/plugins.tsx(43,1016): error TS7026: JSX element implicitly has type 'any' because no interface 'JSX.IntrinsicElements' exists.
src/plugins.tsx(43,1027): error TS7026: JSX element implicitly has type 'any' because no interface 'JSX.IntrinsicElements' exists.
src/plugins.tsx(43,1033): error TS7026: JSX element implicitly has type 'any' because no interface 'JSX.IntrinsicElements' exists.
src/plugins.tsx(43,1052): error TS7026: JSX element implicitly has type 'any' because no interface 'JSX.IntrinsicElements' exists.
src/plugins.tsx(43,1057): error TS7026: JSX element implicitly has type 'any' because no interface 'JSX.IntrinsicElements' exists.
src/plugins.tsx(43,1263): error TS7026: JSX element implicitly has type 'any' because no interface 'JSX.IntrinsicElements' exists.
src/plugins.tsx(43,1267): error TS7026: JSX element implicitly has type 'any' because no interface 'JSX.IntrinsicElements' exists.
src/plugins.tsx(47,9): error TS7026: JSX element implicitly has type 'any' because no interface 'JSX.IntrinsicElements' exists.
src/plugins.tsx(47,39): error TS7026: JSX element implicitly has type 'any' because no interface 'JSX.IntrinsicElements' exists.
src/plugins.tsx(47,70): error TS7026: JSX element implicitly has type 'any' because no interface 'JSX.IntrinsicElements' exists.
src/plugins.tsx(47,75): error TS7026: JSX element implicitly has type 'any' because no interface 'JSX.IntrinsicElements' exists.
src/plugins.tsx(47,127): error TS7026: JSX element implicitly has type 'any' because no interface 'JSX.IntrinsicElements' exists.
src/plugins.tsx(47,133): error TS7026: JSX element implicitly has type 'any' because no interface 'JSX.IntrinsicElements' exists.
src/plugins.tsx(47,169): error TS7026: JSX element implicitly has type 'any' because no interface 'JSX.IntrinsicElements' exists.
src/plugins.tsx(47,174): error TS7026: JSX element implicitly has type 'any' because no interface 'JSX.IntrinsicElements' exists.
src/plugins.tsx(47,286): error TS7026: JSX element implicitly has type 'any' because no interface 'JSX.IntrinsicElements' exists.
src/plugins.tsx(47,292): error TS7026: JSX element implicitly has type 'any' because no interface 'JSX.IntrinsicElements' exists.
src/plugins.tsx(47,417): error TS7026: JSX element implicitly has type 'any' because no interface 'JSX.IntrinsicElements' exists.
src/plugins.tsx(47,421): error TS7026: JSX element implicitly has type 'any' because no interface 'JSX.IntrinsicElements' exists.
src/plugins.tsx(47,523): error TS7026: JSX element implicitly has type 'any' because no interface 'JSX.IntrinsicElements' exists.
src/plugins.tsx(47,566): error TS7026: JSX element implicitly has type 'any' because no interface 'JSX.IntrinsicElements' exists.
src/plugins.tsx(47,686): error TS7026: JSX element implicitly has type 'any' because no interface 'JSX.IntrinsicElements' exists.
src/plugins.tsx(47,712): error TS7026: JSX element implicitly has type 'any' because no interface 'JSX.IntrinsicElements' exists.
src/plugins.tsx(47,747): error TS7026: JSX element implicitly has type 'any' because no interface 'JSX.IntrinsicElements' exists.
src/plugins.tsx(47,893): error TS7026: JSX element implicitly has type 'any' because no interface 'JSX.IntrinsicElements' exists.
src/plugins.tsx(47,899): error TS7026: JSX element implicitly has type 'any' because no interface 'JSX.IntrinsicElements' exists.
src/plugins.tsx(47,912): error TS7026: JSX element implicitly has type 'any' because no interface 'JSX.IntrinsicElements' exists.
src/plugins.tsx(47,917): error TS7026: JSX element implicitly has type 'any' because no interface 'JSX.IntrinsicElements' exists.
src/plugins.tsx(47,930): error TS7026: JSX element implicitly has type 'any' because no interface 'JSX.IntrinsicElements' exists.
src/plugins.tsx(47,934): error TS7026: JSX element implicitly has type 'any' because no interface 'JSX.IntrinsicElements' exists.
src/plugins.tsx(47,983): error TS7026: JSX element implicitly has type 'any' because no interface 'JSX.IntrinsicElements' exists.
src/plugins.tsx(47,991): error TS7026: JSX element implicitly has type 'any' because no interface 'JSX.IntrinsicElements' exists.
src/plugins.tsx(47,1031): error TS7026: JSX element implicitly has type 'any' because no interface 'JSX.IntrinsicElements' exists.
src/plugins.tsx(47,1038): error TS7026: JSX element implicitly has type 'any' because no interface 'JSX.IntrinsicElements' exists.
src/plugins.tsx(47,1047): error TS7026: JSX element implicitly has type 'any' because no interface 'JSX.IntrinsicElements' exists.
src/plugins.tsx(47,1056): error TS7026: JSX element implicitly has type 'any' because no interface 'JSX.IntrinsicElements' exists.
src/plugins.tsx(47,1062): error TS7026: JSX element implicitly has type 'any' because no interface 'JSX.IntrinsicElements' exists.
src/plugins.tsx(47,1085): error TS7026: JSX element implicitly has type 'any' because no interface 'JSX.IntrinsicElements' exists.
src/plugins.tsx(47,1090): error TS7026: JSX element implicitly has type 'any' because no interface 'JSX.IntrinsicElements' exists.
src/plugins.tsx(47,1153): error TS7026: JSX element implicitly has type 'any' because no interface 'JSX.IntrinsicElements' exists.
src/plugins.tsx(47,1169): error TS7026: JSX element implicitly has type 'any' because no interface 'JSX.IntrinsicElements' exists.
src/plugins.tsx(47,1178): error TS7026: JSX element implicitly has type 'any' because no interface 'JSX.IntrinsicElements' exists.
src/plugins.tsx(47,1182): error TS7026: JSX element implicitly has type 'any' because no interface 'JSX.IntrinsicElements' exists.
src/plugins.tsx(47,1238): error TS7026: JSX element implicitly has type 'any' because no interface 'JSX.IntrinsicElements' exists.
src/plugins.tsx(47,1245): error TS7026: JSX element implicitly has type 'any' because no interface 'JSX.IntrinsicElements' exists.
src/plugins.tsx(47,1296): error TS7026: JSX element implicitly has type 'any' because no interface 'JSX.IntrinsicElements' exists.
src/plugins.tsx(47,1303): error TS7026: JSX element implicitly has type 'any' because no interface 'JSX.IntrinsicElements' exists.
src/plugins.tsx(47,1311): error TS7026: JSX element implicitly has type 'any' because no interface 'JSX.IntrinsicElements' exists.
src/plugins.tsx(47,1317): error TS7026: JSX element implicitly has type 'any' because no interface 'JSX.IntrinsicElements' exists.
src/plugins.tsx(47,1547): error TS7026: JSX element implicitly has type 'any' because no interface 'JSX.IntrinsicElements' exists.
src/plugins.tsx(47,1551): error TS7026: JSX element implicitly has type 'any' because no interface 'JSX.IntrinsicElements' exists.
src/plugins.tsx(52,9): error TS7026: JSX element implicitly has type 'any' because no interface 'JSX.IntrinsicElements' exists.
src/plugins.tsx(52,43): error TS7026: JSX element implicitly has type 'any' because no interface 'JSX.IntrinsicElements' exists.
src/plugins.tsx(52,72): error TS7026: JSX element implicitly has type 'any' because no interface 'JSX.IntrinsicElements' exists.
src/plugins.tsx(52,77): error TS7026: JSX element implicitly has type 'any' because no interface 'JSX.IntrinsicElements' exists.
src/plugins.tsx(52,286): error TS7026: JSX element implicitly has type 'any' because no interface 'JSX.IntrinsicElements' exists.
src/plugins.tsx(52,306): error TS7026: JSX element implicitly has type 'any' because no interface 'JSX.IntrinsicElements' exists.
src/plugins.tsx(52,329): error TS7026: JSX element implicitly has type 'any' because no interface 'JSX.IntrinsicElements' exists.
src/plugins.tsx(52,390): error TS7026: JSX element implicitly has type 'any' because no interface 'JSX.IntrinsicElements' exists.
src/plugins.tsx(52,415): error TS7026: JSX element implicitly has type 'any' because no interface 'JSX.IntrinsicElements' exists.
src/plugins.tsx(52,476): error TS7026: JSX element implicitly has type 'any' because no interface 'JSX.IntrinsicElements' exists.
src/plugins.tsx(52,528): error TS7026: JSX element implicitly has type 'any' because no interface 'JSX.IntrinsicElements' exists.
src/plugins.tsx(52,533): error TS7026: JSX element implicitly has type 'any' because no interface 'JSX.IntrinsicElements' exists.
src/plugins.tsx(116,9): error TS7026: JSX element implicitly has type 'any' because no interface 'JSX.IntrinsicElements' exists.
src/plugins.tsx(117,3): error TS7026: JSX element implicitly has type 'any' because no interface 'JSX.IntrinsicElements' exists.
src/plugins.tsx(117,34): error TS7026: JSX element implicitly has type 'any' because no interface 'JSX.IntrinsicElements' exists.
src/plugins.tsx(117,39): error TS7026: JSX element implicitly has type 'any' because no interface 'JSX.IntrinsicElements' exists.
src/plugins.tsx(117,103): error TS7026: JSX element implicitly has type 'any' because no interface 'JSX.IntrinsicElements' exists.
src/plugins.tsx(117,109): error TS7026: JSX element implicitly has type 'any' because no interface 'JSX.IntrinsicElements' exists.
src/plugins.tsx(117,138): error TS7026: JSX element implicitly has type 'any' because no interface 'JSX.IntrinsicElements' exists.
src/plugins.tsx(117,143): error TS7026: JSX element implicitly has type 'any' because no interface 'JSX.IntrinsicElements' exists.
src/plugins.tsx(117,303): error TS7026: JSX element implicitly has type 'any' because no interface 'JSX.IntrinsicElements' exists.
src/plugins.tsx(118,3): error TS7026: JSX element implicitly has type 'any' because no interface 'JSX.IntrinsicElements' exists.
src/plugins.tsx(118,223): error TS7026: JSX element implicitly has type 'any' because no interface 'JSX.IntrinsicElements' exists.
src/plugins.tsx(119,41): error TS7026: JSX element implicitly has type 'any' because no interface 'JSX.IntrinsicElements' exists.
src/plugins.tsx(119,181): error TS7026: JSX element implicitly has type 'any' because no interface 'JSX.IntrinsicElements' exists.
src/plugins.tsx(120,31): error TS7026: JSX element implicitly has type 'any' because no interface 'JSX.IntrinsicElements' exists.
src/plugins.tsx(120,75): error TS7026: JSX element implicitly has type 'any' because no interface 'JSX.IntrinsicElements' exists.
src/plugins.tsx(121,17): error TS7026: JSX element implicitly has type 'any' because no interface 'JSX.IntrinsicElements' exists.
src/plugins.tsx(121,58): error TS7026: JSX element implicitly has type 'any' because no interface 'JSX.IntrinsicElements' exists.
src/plugins.tsx(122,3): error TS7026: JSX element implicitly has type 'any' because no interface 'JSX.IntrinsicElements' exists.
src/plugins.tsx(122,242): error TS7026: JSX element implicitly has type 'any' because no interface 'JSX.IntrinsicElements' exists.
src/plugins.tsx(122,255): error TS7026: JSX element implicitly has type 'any' because no interface 'JSX.IntrinsicElements' exists.
src/plugins.tsx(122,281): error TS7026: JSX element implicitly has type 'any' because no interface 'JSX.IntrinsicElements' exists.
src/plugins.tsx(122,315): error TS7026: JSX element implicitly has type 'any' because no interface 'JSX.IntrinsicElements' exists.
src/plugins.tsx(122,332): error TS7026: JSX element implicitly has type 'any' because no interface 'JSX.IntrinsicElements' exists.
src/plugins.tsx(122,370): error TS7026: JSX element implicitly has type 'any' because no interface 'JSX.IntrinsicElements' exists.
src/plugins.tsx(122,378): error TS7026: JSX element implicitly has type 'any' because no interface 'JSX.IntrinsicElements' exists.
src/plugins.tsx(123,3): error TS7026: JSX element implicitly has type 'any' because no interface 'JSX.IntrinsicElements' exists.
src/plugins.tsx(123,16): error TS7026: JSX element implicitly has type 'any' because no interface 'JSX.IntrinsicElements' exists.
src/plugins.tsx(124,3): error TS7026: JSX element implicitly has type 'any' because no interface 'JSX.IntrinsicElements' exists.
src/plugins.tsx(124,73): error TS7026: JSX element implicitly has type 'any' because no interface 'JSX.IntrinsicElements' exists.
src/plugins.tsx(124,119): error TS7026: JSX element implicitly has type 'any' because no interface 'JSX.IntrinsicElements' exists.
src/plugins.tsx(124,197): error TS7026: JSX element implicitly has type 'any' because no interface 'JSX.IntrinsicElements' exists.
src/plugins.tsx(124,223): error TS7026: JSX element implicitly has type 'any' because no interface 'JSX.IntrinsicElements' exists.
src/plugins.tsx(124,258): error TS7026: JSX element implicitly has type 'any' because no interface 'JSX.IntrinsicElements' exists.
src/plugins.tsx(124,307): error TS7026: JSX element implicitly has type 'any' because no interface 'JSX.IntrinsicElements' exists.
src/plugins.tsx(124,313): error TS7026: JSX element implicitly has type 'any' because no interface 'JSX.IntrinsicElements' exists.
src/plugins.tsx(124,329): error TS7026: JSX element implicitly has type 'any' because no interface 'JSX.IntrinsicElements' exists.
src/plugins.tsx(124,334): error TS7026: JSX element implicitly has type 'any' because no interface 'JSX.IntrinsicElements' exists.
src/plugins.tsx(124,387): error TS7026: JSX element implicitly has type 'any' because no interface 'JSX.IntrinsicElements' exists.
src/plugins.tsx(124,395): error TS7026: JSX element implicitly has type 'any' because no interface 'JSX.IntrinsicElements' exists.
src/plugins.tsx(124,404): error TS7026: JSX element implicitly has type 'any' because no interface 'JSX.IntrinsicElements' exists.
src/plugins.tsx(124,412): error TS7026: JSX element implicitly has type 'any' because no interface 'JSX.IntrinsicElements' exists.
src/plugins.tsx(125,3): error TS7026: JSX element implicitly has type 'any' because no interface 'JSX.IntrinsicElements' exists.
src/plugins.tsx(125,17): error TS7026: JSX element implicitly has type 'any' because no interface 'JSX.IntrinsicElements' exists.
src/plugins.tsx(126,3): error TS7026: JSX element implicitly has type 'any' because no interface 'JSX.IntrinsicElements' exists.
src/plugins.tsx(126,167): error TS7026: JSX element implicitly has type 'any' because no interface 'JSX.IntrinsicElements' exists.
src/plugins.tsx(127,3): error TS7026: JSX element implicitly has type 'any' because no interface 'JSX.IntrinsicElements' exists.
src/plugins.tsx(127,65): error TS7006: Parameter 'event' implicitly has an 'any' type.
src/plugins.tsx(128,14): error TS7026: JSX element implicitly has type 'any' because no interface 'JSX.IntrinsicElements' exists.
src/plugins.tsx(128,35): error TS7026: JSX element implicitly has type 'any' because no interface 'JSX.IntrinsicElements' exists.
src/plugins.tsx(128,40): error TS7026: JSX element implicitly has type 'any' because no interface 'JSX.IntrinsicElements' exists.
src/plugins.tsx(128,69): error TS7026: JSX element implicitly has type 'any' because no interface 'JSX.IntrinsicElements' exists.
src/plugins.tsx(128,74): error TS7026: JSX element implicitly has type 'any' because no interface 'JSX.IntrinsicElements' exists.
src/plugins.tsx(128,89): error TS7026: JSX element implicitly has type 'any' because no interface 'JSX.IntrinsicElements' exists.
src/plugins.tsx(128,96): error TS7026: JSX element implicitly has type 'any' because no interface 'JSX.IntrinsicElements' exists.
src/plugins.tsx(128,122): error TS7026: JSX element implicitly has type 'any' because no interface 'JSX.IntrinsicElements' exists.
src/plugins.tsx(128,126): error TS7026: JSX element implicitly has type 'any' because no interface 'JSX.IntrinsicElements' exists.
src/plugins.tsx(128,132): error TS7026: JSX element implicitly has type 'any' because no interface 'JSX.IntrinsicElements' exists.
src/plugins.tsx(128,137): error TS7026: JSX element implicitly has type 'any' because no interface 'JSX.IntrinsicElements' exists.
src/plugins.tsx(128,149): error TS7026: JSX element implicitly has type 'any' because no interface 'JSX.IntrinsicElements' exists.
src/plugins.tsx(128,156): error TS7026: JSX element implicitly has type 'any' because no interface 'JSX.IntrinsicElements' exists.
src/plugins.tsx(128,174): error TS7026: JSX element implicitly has type 'any' because no interface 'JSX.IntrinsicElements' exists.
src/plugins.tsx(128,178): error TS7026: JSX element implicitly has type 'any' because no interface 'JSX.IntrinsicElements' exists.
src/plugins.tsx(128,184): error TS7026: JSX element implicitly has type 'any' because no interface 'JSX.IntrinsicElements' exists.
src/plugins.tsx(128,189): error TS7026: JSX element implicitly has type 'any' because no interface 'JSX.IntrinsicElements' exists.
src/plugins.tsx(128,215): error TS7026: JSX element implicitly has type 'any' because no interface 'JSX.IntrinsicElements' exists.
src/plugins.tsx(128,222): error TS7026: JSX element implicitly has type 'any' because no interface 'JSX.IntrinsicElements' exists.
src/plugins.tsx(128,262): error TS7026: JSX element implicitly has type 'any' because no interface 'JSX.IntrinsicElements' exists.
src/plugins.tsx(128,266): error TS7026: JSX element implicitly has type 'any' because no interface 'JSX.IntrinsicElements' exists.
src/plugins.tsx(128,272): error TS7026: JSX element implicitly has type 'any' because no interface 'JSX.IntrinsicElements' exists.
src/plugins.tsx(128,278): error TS7026: JSX element implicitly has type 'any' because no interface 'JSX.IntrinsicElements' exists.
src/plugins.tsx(128,321): error TS7006: Parameter 'task' implicitly has an 'any' type.
src/plugins.tsx(128,379): error TS7026: JSX element implicitly has type 'any' because no interface 'JSX.IntrinsicElements' exists.
src/plugins.tsx(128,385): error TS7026: JSX element implicitly has type 'any' because no interface 'JSX.IntrinsicElements' exists.
src/plugins.tsx(128,400): error TS7026: JSX element implicitly has type 'any' because no interface 'JSX.IntrinsicElements' exists.
src/plugins.tsx(128,405): error TS7026: JSX element implicitly has type 'any' because no interface 'JSX.IntrinsicElements' exists.
src/plugins.tsx(128,470): error TS7026: JSX element implicitly has type 'any' because no interface 'JSX.IntrinsicElements' exists.
src/plugins.tsx(128,493): error TS7026: JSX element implicitly has type 'any' because no interface 'JSX.IntrinsicElements' exists.
src/plugins.tsx(128,496): error TS7026: JSX element implicitly has type 'any' because no interface 'JSX.IntrinsicElements' exists.
src/plugins.tsx(128,577): error TS7026: JSX element implicitly has type 'any' because no interface 'JSX.IntrinsicElements' exists.
src/plugins.tsx(128,581): error TS7026: JSX element implicitly has type 'any' because no interface 'JSX.IntrinsicElements' exists.
src/plugins.tsx(128,586): error TS7026: JSX element implicitly has type 'any' because no interface 'JSX.IntrinsicElements' exists.
src/plugins.tsx(128,622): error TS7026: JSX element implicitly has type 'any' because no interface 'JSX.IntrinsicElements' exists.
src/plugins.tsx(129,2): error TS7026: JSX element implicitly has type 'any' because no interface 'JSX.IntrinsicElements' exists.
src/plugins.tsx(141,30): error TS7026: JSX element implicitly has type 'any' because no interface 'JSX.IntrinsicElements' exists.
src/plugins.tsx(141,165): error TS7026: JSX element implicitly has type 'any' because no interface 'JSX.IntrinsicElements' exists.
src/plugins.tsx(143,40): error TS7006: Parameter 't' implicitly has an 'any' type.
src/plugins.tsx(144,9): error TS7026: JSX element implicitly has type 'any' because no interface 'JSX.IntrinsicElements' exists.
src/plugins.tsx(144,18): error TS7026: JSX element implicitly has type 'any' because no interface 'JSX.IntrinsicElements' exists.
src/plugins.tsx(144,47): error TS7026: JSX element implicitly has type 'any' because no interface 'JSX.IntrinsicElements' exists.
src/plugins.tsx(144,52): error TS7026: JSX element implicitly has type 'any' because no interface 'JSX.IntrinsicElements' exists.
src/plugins.tsx(144,160): error TS7026: JSX element implicitly has type 'any' because no interface 'JSX.IntrinsicElements' exists.
src/plugins.tsx(144,164): error TS7026: JSX element implicitly has type 'any' because no interface 'JSX.IntrinsicElements' exists.
src/plugins.tsx(144,193): error TS7026: JSX element implicitly has type 'any' because no interface 'JSX.IntrinsicElements' exists.
src/plugins.tsx(144,198): error TS7026: JSX element implicitly has type 'any' because no interface 'JSX.IntrinsicElements' exists.
src/plugins.tsx(144,219): error TS7026: JSX element implicitly has type 'any' because no interface 'JSX.IntrinsicElements' exists.
src/plugins.tsx(144,226): error TS7026: JSX element implicitly has type 'any' because no interface 'JSX.IntrinsicElements' exists.
src/plugins.tsx(144,260): error TS7026: JSX element implicitly has type 'any' because no interface 'JSX.IntrinsicElements' exists.
src/plugins.tsx(144,264): error TS7026: JSX element implicitly has type 'any' because no interface 'JSX.IntrinsicElements' exists.
src/plugins.tsx(144,270): error TS7026: JSX element implicitly has type 'any' because no interface 'JSX.IntrinsicElements' exists.
src/plugins.tsx(144,275): error TS7026: JSX element implicitly has type 'any' because no interface 'JSX.IntrinsicElements' exists.
src/plugins.tsx(144,296): error TS7026: JSX element implicitly has type 'any' because no interface 'JSX.IntrinsicElements' exists.
src/plugins.tsx(144,303): error TS7026: JSX element implicitly has type 'any' because no interface 'JSX.IntrinsicElements' exists.
src/plugins.tsx(144,333): error TS7026: JSX element implicitly has type 'any' because no interface 'JSX.IntrinsicElements' exists.
src/plugins.tsx(144,337): error TS7026: JSX element implicitly has type 'any' because no interface 'JSX.IntrinsicElements' exists.
src/plugins.tsx(144,343): error TS7026: JSX element implicitly has type 'any' because no interface 'JSX.IntrinsicElements' exists.
src/plugins.tsx(144,348): error TS7026: JSX element implicitly has type 'any' because no interface 'JSX.IntrinsicElements' exists.
src/plugins.tsx(144,375): error TS7026: JSX element implicitly has type 'any' because no interface 'JSX.IntrinsicElements' exists.
src/plugins.tsx(144,382): error TS7026: JSX element implicitly has type 'any' because no interface 'JSX.IntrinsicElements' exists.
src/plugins.tsx(144,402): error TS7026: JSX element implicitly has type 'any' because no interface 'JSX.IntrinsicElements' exists.
src/plugins.tsx(144,406): error TS7026: JSX element implicitly has type 'any' because no interface 'JSX.IntrinsicElements' exists.
src/plugins.tsx(144,412): error TS7026: JSX element implicitly has type 'any' because no interface 'JSX.IntrinsicElements' exists.
src/plugins.tsx(144,438): error TS7026: JSX element implicitly has type 'any' because no interface 'JSX.IntrinsicElements' exists.
src/plugins.tsx(144,617): error TS7026: JSX element implicitly has type 'any' because no interface 'JSX.IntrinsicElements' exists.
src/plugins.tsx(144,656): error TS7026: JSX element implicitly has type 'any' because no interface 'JSX.IntrinsicElements' exists.
src/plugins.tsx(144,694): error TS7026: JSX element implicitly has type 'any' because no interface 'JSX.IntrinsicElements' exists.
src/plugins.tsx(144,701): error TS7026: JSX element implicitly has type 'any' because no interface 'JSX.IntrinsicElements' exists.
src/plugins.tsx(144,764): error TS7006: Parameter 'table' implicitly has an 'any' type.
src/plugins.tsx(144,771): error TS7026: JSX element implicitly has type 'any' because no interface 'JSX.IntrinsicElements' exists.
src/plugins.tsx(144,793): error TS7026: JSX element implicitly has type 'any' because no interface 'JSX.IntrinsicElements' exists.
src/plugins.tsx(144,808): error TS7026: JSX element implicitly has type 'any' because no interface 'JSX.IntrinsicElements' exists.
src/plugins.tsx(144,812): error TS7026: JSX element implicitly has type 'any' because no interface 'JSX.IntrinsicElements' exists.
src/plugins.tsx(144,941): error TS7026: JSX element implicitly has type 'any' because no interface 'JSX.IntrinsicElements' exists.
src/plugins.tsx(144,948): error TS7026: JSX element implicitly has type 'any' because no interface 'JSX.IntrinsicElements' exists.
src/plugins.tsx(144,1031): error TS7026: JSX element implicitly has type 'any' because no interface 'JSX.IntrinsicElements' exists.
src/plugins.tsx(144,1038): error TS7026: JSX element implicitly has type 'any' because no interface 'JSX.IntrinsicElements' exists.
src/plugins.tsx(144,1126): error TS7006: Parameter 'col' implicitly has an 'any' type.
src/plugins.tsx(144,1193): error TS7026: JSX element implicitly has type 'any' because no interface 'JSX.IntrinsicElements' exists.
src/plugins.tsx(144,1200): error TS7026: JSX element implicitly has type 'any' because no interface 'JSX.IntrinsicElements' exists.
src/plugins.tsx(144,1208): error TS7026: JSX element implicitly has type 'any' because no interface 'JSX.IntrinsicElements' exists.
src/plugins.tsx(144,1214): error TS7026: JSX element implicitly has type 'any' because no interface 'JSX.IntrinsicElements' exists.
src/plugins.tsx(147,9): error TS7026: JSX element implicitly has type 'any' because no interface 'JSX.IntrinsicElements' exists.
src/plugins.tsx(147,39): error TS7026: JSX element implicitly has type 'any' because no interface 'JSX.IntrinsicElements' exists.
src/plugins.tsx(147,96): error TS7026: JSX element implicitly has type 'any' because no interface 'JSX.IntrinsicElements' exists.
src/plugins.tsx(147,102): error TS7026: JSX element implicitly has type 'any' because no interface 'JSX.IntrinsicElements' exists.
src/plugins.tsx(147,133): error TS7026: JSX element implicitly has type 'any' because no interface 'JSX.IntrinsicElements' exists.
src/plugins.tsx(147,138): error TS7026: JSX element implicitly has type 'any' because no interface 'JSX.IntrinsicElements' exists.
src/plugins.tsx(147,336): error TS7026: JSX element implicitly has type 'any' because no interface 'JSX.IntrinsicElements' exists.
src/plugins.tsx(147,340): error TS7026: JSX element implicitly has type 'any' because no interface 'JSX.IntrinsicElements' exists.
src/plugins.tsx(147,391): error TS7026: JSX element implicitly has type 'any' because no interface 'JSX.IntrinsicElements' exists.
src/plugins.tsx(147,467): error TS7026: JSX element implicitly has type 'any' because no interface 'JSX.IntrinsicElements' exists.
src/plugins.tsx(147,566): error TS7026: JSX element implicitly has type 'any' because no interface 'JSX.IntrinsicElements' exists.
src/plugins.tsx(147,581): error TS7026: JSX element implicitly has type 'any' because no interface 'JSX.IntrinsicElements' exists.
src/plugins.tsx(147,588): error TS7026: JSX element implicitly has type 'any' because no interface 'JSX.IntrinsicElements' exists.
src/plugins.tsx(147,594): error TS7026: JSX element implicitly has type 'any' because no interface 'JSX.IntrinsicElements' exists.
src/plugins.tsx(147,606): error TS7026: JSX element implicitly has type 'any' because no interface 'JSX.IntrinsicElements' exists.
src/plugins.tsx(147,611): error TS7026: JSX element implicitly has type 'any' because no interface 'JSX.IntrinsicElements' exists.
src/plugins.tsx(147,649): error TS7026: JSX element implicitly has type 'any' because no interface 'JSX.IntrinsicElements' exists.
src/plugins.tsx(147,665): error TS7026: JSX element implicitly has type 'any' because no interface 'JSX.IntrinsicElements' exists.
src/plugins.tsx(147,997): error TS7026: JSX element implicitly has type 'any' because no interface 'JSX.IntrinsicElements' exists.
src/plugins.tsx(147,1006): error TS7026: JSX element implicitly has type 'any' because no interface 'JSX.IntrinsicElements' exists.
src/plugins.tsx(147,1045): error TS7026: JSX element implicitly has type 'any' because no interface 'JSX.IntrinsicElements' exists.
src/plugins.tsx(147,1049): error TS7026: JSX element implicitly has type 'any' because no interface 'JSX.IntrinsicElements' exists.
src/plugins.tsx(147,1117): error TS7026: JSX element implicitly has type 'any' because no interface 'JSX.IntrinsicElements' exists.
src/plugins.tsx(147,1125): error TS7026: JSX element implicitly has type 'any' because no interface 'JSX.IntrinsicElements' exists.
src/plugins.tsx(147,1136): error TS7026: JSX element implicitly has type 'any' because no interface 'JSX.IntrinsicElements' exists.
src/plugins.tsx(147,1180): error TS7026: JSX element implicitly has type 'any' because no interface 'JSX.IntrinsicElements' exists.
src/plugins.tsx(151,9): error TS7026: JSX element implicitly has type 'any' because no interface 'JSX.IntrinsicElements' exists.
src/plugins.tsx(151,39): error TS7026: JSX element implicitly has type 'any' because no interface 'JSX.IntrinsicElements' exists.
src/plugins.tsx(151,106): error TS7026: JSX element implicitly has type 'any' because no interface 'JSX.IntrinsicElements' exists.
src/plugins.tsx(151,112): error TS7026: JSX element implicitly has type 'any' because no interface 'JSX.IntrinsicElements' exists.
src/plugins.tsx(151,132): error TS7026: JSX element implicitly has type 'any' because no interface 'JSX.IntrinsicElements' exists.
src/plugins.tsx(151,137): error TS7026: JSX element implicitly has type 'any' because no interface 'JSX.IntrinsicElements' exists.
src/plugins.tsx(151,270): error TS7026: JSX element implicitly has type 'any' because no interface 'JSX.IntrinsicElements' exists.
src/plugins.tsx(151,335): error TS7026: JSX element implicitly has type 'any' because no interface 'JSX.IntrinsicElements' exists.
src/plugins.tsx(151,447): error TS7026: JSX element implicitly has type 'any' because no interface 'JSX.IntrinsicElements' exists.
src/plugins.tsx(151,452): error TS7026: JSX element implicitly has type 'any' because no interface 'JSX.IntrinsicElements' exists.
src/plugins.tsx(151,557): error TS7026: JSX element implicitly has type 'any' because no interface 'JSX.IntrinsicElements' exists.
src/plugins.tsx(151,572): error TS7026: JSX element implicitly has type 'any' because no interface 'JSX.IntrinsicElements' exists.
src/plugins.tsx(151,603): error TS7026: JSX element implicitly has type 'any' because no interface 'JSX.IntrinsicElements' exists.
src/plugins.tsx(151,610): error TS7026: JSX element implicitly has type 'any' because no interface 'JSX.IntrinsicElements' exists.
src/plugins.tsx(151,675): error TS7026: JSX element implicitly has type 'any' because no interface 'JSX.IntrinsicElements' exists.
src/plugins.tsx(151,679): error TS7026: JSX element implicitly has type 'any' because no interface 'JSX.IntrinsicElements' exists.
src/plugins.tsx(151,687): error TS7026: JSX element implicitly has type 'any' because no interface 'JSX.IntrinsicElements' exists.
src/plugins.tsx(151,732): error TS7026: JSX element implicitly has type 'any' because no interface 'JSX.IntrinsicElements' exists.
src/plugins.tsx(151,761): error TS7026: JSX element implicitly has type 'any' because no interface 'JSX.IntrinsicElements' exists.
src/plugins.tsx(151,804): error TS7026: JSX element implicitly has type 'any' because no interface 'JSX.IntrinsicElements' exists.
src/plugins.tsx(151,809): error TS7026: JSX element implicitly has type 'any' because no interface 'JSX.IntrinsicElements' exists.
src/plugins.tsx(151,866): error TS7026: JSX element implicitly has type 'any' because no interface 'JSX.IntrinsicElements' exists.
src/plugins.tsx(151,945): error TS7026: JSX element implicitly has type 'any' because no interface 'JSX.IntrinsicElements' exists.
src/plugins.tsx(151,952): error TS7026: JSX element implicitly has type 'any' because no interface 'JSX.IntrinsicElements' exists.
src/plugins.tsx(151,980): error TS7026: JSX element implicitly has type 'any' because no interface 'JSX.IntrinsicElements' exists.
src/plugins.tsx(151,985): error TS7026: JSX element implicitly has type 'any' because no interface 'JSX.IntrinsicElements' exists.
src/plugins.tsx(151,1183): error TS7026: JSX element implicitly has type 'any' because no interface 'JSX.IntrinsicElements' exists.
src/plugins.tsx(151,1187): error TS7026: JSX element implicitly has type 'any' because no interface 'JSX.IntrinsicElements' exists.
src/plugins.tsx(191,9): error TS7026: JSX element implicitly has type 'any' because no interface 'JSX.IntrinsicElements' exists.
src/plugins.tsx(192,3): error TS7026: JSX element implicitly has type 'any' because no interface 'JSX.IntrinsicElements' exists.
src/plugins.tsx(192,34): error TS7026: JSX element implicitly has type 'any' because no interface 'JSX.IntrinsicElements' exists.
src/plugins.tsx(192,39): error TS7026: JSX element implicitly has type 'any' because no interface 'JSX.IntrinsicElements' exists.
src/plugins.tsx(192,100): error TS7026: JSX element implicitly has type 'any' because no interface 'JSX.IntrinsicElements' exists.
src/plugins.tsx(192,106): error TS7026: JSX element implicitly has type 'any' because no interface 'JSX.IntrinsicElements' exists.
src/plugins.tsx(192,134): error TS7026: JSX element implicitly has type 'any' because no interface 'JSX.IntrinsicElements' exists.
src/plugins.tsx(192,139): error TS7026: JSX element implicitly has type 'any' because no interface 'JSX.IntrinsicElements' exists.
src/plugins.tsx(192,318): error TS7026: JSX element implicitly has type 'any' because no interface 'JSX.IntrinsicElements' exists.
src/plugins.tsx(193,3): error TS7026: JSX element implicitly has type 'any' because no interface 'JSX.IntrinsicElements' exists.
src/plugins.tsx(193,194): error TS7026: JSX element implicitly has type 'any' because no interface 'JSX.IntrinsicElements' exists.
src/plugins.tsx(193,234): error TS7026: JSX element implicitly has type 'any' because no interface 'JSX.IntrinsicElements' exists.
src/plugins.tsx(193,269): error TS7026: JSX element implicitly has type 'any' because no interface 'JSX.IntrinsicElements' exists.
src/plugins.tsx(194,41): error TS7026: JSX element implicitly has type 'any' because no interface 'JSX.IntrinsicElements' exists.
src/plugins.tsx(194,83): error TS7026: JSX element implicitly has type 'any' because no interface 'JSX.IntrinsicElements' exists.
src/plugins.tsx(195,31): error TS7026: JSX element implicitly has type 'any' because no interface 'JSX.IntrinsicElements' exists.
src/plugins.tsx(195,75): error TS7026: JSX element implicitly has type 'any' because no interface 'JSX.IntrinsicElements' exists.
src/plugins.tsx(196,10): error TS7026: JSX element implicitly has type 'any' because no interface 'JSX.IntrinsicElements' exists.
src/plugins.tsx(196,97): error TS7026: JSX element implicitly has type 'any' because no interface 'JSX.IntrinsicElements' exists.
src/plugins.tsx(196,109): error TS7026: JSX element implicitly has type 'any' because no interface 'JSX.IntrinsicElements' exists.
src/plugins.tsx(196,170): error TS7026: JSX element implicitly has type 'any' because no interface 'JSX.IntrinsicElements' exists.
src/plugins.tsx(197,11): error TS7026: JSX element implicitly has type 'any' because no interface 'JSX.IntrinsicElements' exists.
src/plugins.tsx(197,46): error TS7026: JSX element implicitly has type 'any' because no interface 'JSX.IntrinsicElements' exists.
src/plugins.tsx(198,14): error TS7026: JSX element implicitly has type 'any' because no interface 'JSX.IntrinsicElements' exists.
src/plugins.tsx(198,262): error TS7026: JSX element implicitly has type 'any' because no interface 'JSX.IntrinsicElements' exists.
src/plugins.tsx(198,296): error TS7026: JSX element implicitly has type 'any' because no interface 'JSX.IntrinsicElements' exists.
src/plugins.tsx(198,321): error TS7026: JSX element implicitly has type 'any' because no interface 'JSX.IntrinsicElements' exists.
src/plugins.tsx(198,355): error TS7026: JSX element implicitly has type 'any' because no interface 'JSX.IntrinsicElements' exists.
src/plugins.tsx(198,363): error TS7026: JSX element implicitly has type 'any' because no interface 'JSX.IntrinsicElements' exists.
src/plugins.tsx(198,399): error TS7026: JSX element implicitly has type 'any' because no interface 'JSX.IntrinsicElements' exists.
src/plugins.tsx(198,406): error TS7026: JSX element implicitly has type 'any' because no interface 'JSX.IntrinsicElements' exists.
src/plugins.tsx(199,66): error TS7026: JSX element implicitly has type 'any' because no interface 'JSX.IntrinsicElements' exists.
src/plugins.tsx(199,128): error TS7026: JSX element implicitly has type 'any' because no interface 'JSX.IntrinsicElements' exists.
src/plugins.tsx(200,10): error TS7026: JSX element implicitly has type 'any' because no interface 'JSX.IntrinsicElements' exists.
src/plugins.tsx(200,51): error TS7026: JSX element implicitly has type 'any' because no interface 'JSX.IntrinsicElements' exists.
src/plugins.tsx(200,72): error TS7026: JSX element implicitly has type 'any' because no interface 'JSX.IntrinsicElements' exists.
src/plugins.tsx(200,77): error TS7026: JSX element implicitly has type 'any' because no interface 'JSX.IntrinsicElements' exists.
src/plugins.tsx(200,293): error TS7026: JSX element implicitly has type 'any' because no interface 'JSX.IntrinsicElements' exists.
src/plugins.tsx(200,299): error TS7026: JSX element implicitly has type 'any' because no interface 'JSX.IntrinsicElements' exists.
src/plugins.tsx(200,328): error TS7026: JSX element implicitly has type 'any' because no interface 'JSX.IntrinsicElements' exists.
src/plugins.tsx(200,333): error TS7026: JSX element implicitly has type 'any' because no interface 'JSX.IntrinsicElements' exists.
src/plugins.tsx(200,345): error TS7026: JSX element implicitly has type 'any' because no interface 'JSX.IntrinsicElements' exists.
src/plugins.tsx(200,352): error TS7026: JSX element implicitly has type 'any' because no interface 'JSX.IntrinsicElements' exists.
src/plugins.tsx(200,380): error TS7026: JSX element implicitly has type 'any' because no interface 'JSX.IntrinsicElements' exists.
src/plugins.tsx(200,384): error TS7026: JSX element implicitly has type 'any' because no interface 'JSX.IntrinsicElements' exists.
src/plugins.tsx(200,390): error TS7026: JSX element implicitly has type 'any' because no interface 'JSX.IntrinsicElements' exists.
src/plugins.tsx(200,395): error TS7026: JSX element implicitly has type 'any' because no interface 'JSX.IntrinsicElements' exists.
src/plugins.tsx(200,406): error TS7026: JSX element implicitly has type 'any' because no interface 'JSX.IntrinsicElements' exists.
src/plugins.tsx(200,413): error TS7026: JSX element implicitly has type 'any' because no interface 'JSX.IntrinsicElements' exists.
src/plugins.tsx(200,440): error TS7026: JSX element implicitly has type 'any' because no interface 'JSX.IntrinsicElements' exists.
src/plugins.tsx(200,444): error TS7026: JSX element implicitly has type 'any' because no interface 'JSX.IntrinsicElements' exists.
src/plugins.tsx(200,450): error TS7026: JSX element implicitly has type 'any' because no interface 'JSX.IntrinsicElements' exists.
src/plugins.tsx(200,455): error TS7026: JSX element implicitly has type 'any' because no interface 'JSX.IntrinsicElements' exists.
src/plugins.tsx(200,473): error TS7026: JSX element implicitly has type 'any' because no interface 'JSX.IntrinsicElements' exists.
src/plugins.tsx(200,480): error TS7026: JSX element implicitly has type 'any' because no interface 'JSX.IntrinsicElements' exists.
src/plugins.tsx(200,535): error TS7026: JSX element implicitly has type 'any' because no interface 'JSX.IntrinsicElements' exists.
src/plugins.tsx(200,539): error TS7026: JSX element implicitly has type 'any' because no interface 'JSX.IntrinsicElements' exists.
src/plugins.tsx(200,545): error TS7026: JSX element implicitly has type 'any' because no interface 'JSX.IntrinsicElements' exists.
src/plugins.tsx(200,550): error TS7026: JSX element implicitly has type 'any' because no interface 'JSX.IntrinsicElements' exists.
src/plugins.tsx(200,569): error TS7026: JSX element implicitly has type 'any' because no interface 'JSX.IntrinsicElements' exists.
src/plugins.tsx(200,576): error TS7026: JSX element implicitly has type 'any' because no interface 'JSX.IntrinsicElements' exists.
src/plugins.tsx(200,632): error TS7026: JSX element implicitly has type 'any' because no interface 'JSX.IntrinsicElements' exists.
src/plugins.tsx(200,636): error TS7026: JSX element implicitly has type 'any' because no interface 'JSX.IntrinsicElements' exists.
src/plugins.tsx(200,642): error TS7026: JSX element implicitly has type 'any' because no interface 'JSX.IntrinsicElements' exists.
src/plugins.tsx(200,647): error TS7026: JSX element implicitly has type 'any' because no interface 'JSX.IntrinsicElements' exists.
src/plugins.tsx(200,671): error TS7026: JSX element implicitly has type 'any' because no interface 'JSX.IntrinsicElements' exists.
src/plugins.tsx(200,678): error TS7026: JSX element implicitly has type 'any' because no interface 'JSX.IntrinsicElements' exists.
src/plugins.tsx(200,763): error TS7026: JSX element implicitly has type 'any' because no interface 'JSX.IntrinsicElements' exists.
src/plugins.tsx(200,767): error TS7026: JSX element implicitly has type 'any' because no interface 'JSX.IntrinsicElements' exists.
src/plugins.tsx(200,773): error TS7026: JSX element implicitly has type 'any' because no interface 'JSX.IntrinsicElements' exists.
src/plugins.tsx(200,778): error TS7026: JSX element implicitly has type 'any' because no interface 'JSX.IntrinsicElements' exists.
src/plugins.tsx(200,790): error TS7026: JSX element implicitly has type 'any' because no interface 'JSX.IntrinsicElements' exists.
src/plugins.tsx(200,797): error TS7026: JSX element implicitly has type 'any' because no interface 'JSX.IntrinsicElements' exists.
src/plugins.tsx(200,832): error TS7026: JSX element implicitly has type 'any' because no interface 'JSX.IntrinsicElements' exists.
src/plugins.tsx(200,836): error TS7026: JSX element implicitly has type 'any' because no interface 'JSX.IntrinsicElements' exists.
src/plugins.tsx(200,842): error TS7026: JSX element implicitly has type 'any' because no interface 'JSX.IntrinsicElements' exists.
src/plugins.tsx(200,848): error TS7026: JSX element implicitly has type 'any' because no interface 'JSX.IntrinsicElements' exists.
src/plugins.tsx(200,954): error TS7026: JSX element implicitly has type 'any' because no interface 'JSX.IntrinsicElements' exists.
src/plugins.tsx(200,970): error TS7026: JSX element implicitly has type 'any' because no interface 'JSX.IntrinsicElements' exists.
src/plugins.tsx(200,1011): error TS7026: JSX element implicitly has type 'any' because no interface 'JSX.IntrinsicElements' exists.
src/plugins.tsx(200,1016): error TS7026: JSX element implicitly has type 'any' because no interface 'JSX.IntrinsicElements' exists.
src/plugins.tsx(200,1047): error TS7026: JSX element implicitly has type 'any' because no interface 'JSX.IntrinsicElements' exists.
src/plugins.tsx(200,1052): error TS7026: JSX element implicitly has type 'any' because no interface 'JSX.IntrinsicElements' exists.
src/plugins.tsx(200,1061): error TS7026: JSX element implicitly has type 'any' because no interface 'JSX.IntrinsicElements' exists.
src/plugins.tsx(200,1065): error TS7026: JSX element implicitly has type 'any' because no interface 'JSX.IntrinsicElements' exists.
src/plugins.tsx(200,1112): error TS7026: JSX element implicitly has type 'any' because no interface 'JSX.IntrinsicElements' exists.
src/plugins.tsx(200,1119): error TS7026: JSX element implicitly has type 'any' because no interface 'JSX.IntrinsicElements' exists.
src/plugins.tsx(200,1172): error TS7026: JSX element implicitly has type 'any' because no interface 'JSX.IntrinsicElements' exists.
src/plugins.tsx(200,1179): error TS7026: JSX element implicitly has type 'any' because no interface 'JSX.IntrinsicElements' exists.
src/plugins.tsx(200,1185): error TS7026: JSX element implicitly has type 'any' because no interface 'JSX.IntrinsicElements' exists.
src/plugins.tsx(200,1190): error TS7026: JSX element implicitly has type 'any' because no interface 'JSX.IntrinsicElements' exists.
src/plugins.tsx(200,1198): error TS7026: JSX element implicitly has type 'any' because no interface 'JSX.IntrinsicElements' exists.
src/plugins.tsx(200,1202): error TS7026: JSX element implicitly has type 'any' because no interface 'JSX.IntrinsicElements' exists.
src/plugins.tsx(200,1240): error TS7026: JSX element implicitly has type 'any' because no interface 'JSX.IntrinsicElements' exists.
src/plugins.tsx(200,1247): error TS7026: JSX element implicitly has type 'any' because no interface 'JSX.IntrinsicElements' exists.
src/plugins.tsx(200,1299): error TS7026: JSX element implicitly has type 'any' because no interface 'JSX.IntrinsicElements' exists.
src/plugins.tsx(200,1306): error TS7026: JSX element implicitly has type 'any' because no interface 'JSX.IntrinsicElements' exists.
src/plugins.tsx(200,1312): error TS7026: JSX element implicitly has type 'any' because no interface 'JSX.IntrinsicElements' exists.
src/plugins.tsx(200,1317): error TS7026: JSX element implicitly has type 'any' because no interface 'JSX.IntrinsicElements' exists.
src/plugins.tsx(200,1327): error TS7026: JSX element implicitly has type 'any' because no interface 'JSX.IntrinsicElements' exists.
src/plugins.tsx(200,1331): error TS7026: JSX element implicitly has type 'any' because no interface 'JSX.IntrinsicElements' exists.
src/plugins.tsx(200,1429): error TS7026: JSX element implicitly has type 'any' because no interface 'JSX.IntrinsicElements' exists.
src/plugins.tsx(200,1436): error TS7026: JSX element implicitly has type 'any' because no interface 'JSX.IntrinsicElements' exists.
src/plugins.tsx(200,1504): error TS7026: JSX element implicitly has type 'any' because no interface 'JSX.IntrinsicElements' exists.
src/plugins.tsx(200,1511): error TS7026: JSX element implicitly has type 'any' because no interface 'JSX.IntrinsicElements' exists.
src/plugins.tsx(200,1517): error TS7026: JSX element implicitly has type 'any' because no interface 'JSX.IntrinsicElements' exists.
src/plugins.tsx(200,1522): error TS7026: JSX element implicitly has type 'any' because no interface 'JSX.IntrinsicElements' exists.
src/plugins.tsx(200,1529): error TS7026: JSX element implicitly has type 'any' because no interface 'JSX.IntrinsicElements' exists.
src/plugins.tsx(200,1533): error TS7026: JSX element implicitly has type 'any' because no interface 'JSX.IntrinsicElements' exists.
src/plugins.tsx(200,1604): error TS7026: JSX element implicitly has type 'any' because no interface 'JSX.IntrinsicElements' exists.
src/plugins.tsx(200,1611): error TS7026: JSX element implicitly has type 'any' because no interface 'JSX.IntrinsicElements' exists.
src/plugins.tsx(200,1737): error TS7026: JSX element implicitly has type 'any' because no interface 'JSX.IntrinsicElements' exists.
src/plugins.tsx(200,1744): error TS7026: JSX element implicitly has type 'any' because no interface 'JSX.IntrinsicElements' exists.
src/plugins.tsx(200,1750): error TS7026: JSX element implicitly has type 'any' because no interface 'JSX.IntrinsicElements' exists.
src/plugins.tsx(200,1756): error TS7026: JSX element implicitly has type 'any' because no interface 'JSX.IntrinsicElements' exists.
src/plugins.tsx(200,2005): error TS7026: JSX element implicitly has type 'any' because no interface 'JSX.IntrinsicElements' exists.
src/plugins.tsx(200,2013): error TS7026: JSX element implicitly has type 'any' because no interface 'JSX.IntrinsicElements' exists.
src/plugins.tsx(200,2028): error TS7026: JSX element implicitly has type 'any' because no interface 'JSX.IntrinsicElements' exists.
src/plugins.tsx(200,2144): error TS7026: JSX element implicitly has type 'any' because no interface 'JSX.IntrinsicElements' exists.
src/plugins.tsx(200,2153): error TS7026: JSX element implicitly has type 'any' because no interface 'JSX.IntrinsicElements' exists.
src/plugins.tsx(200,2175): error TS7026: JSX element implicitly has type 'any' because no interface 'JSX.IntrinsicElements' exists.
src/plugins.tsx(200,2185): error TS7026: JSX element implicitly has type 'any' because no interface 'JSX.IntrinsicElements' exists.
src/plugins.tsx(200,2234): error TS7026: JSX element implicitly has type 'any' because no interface 'JSX.IntrinsicElements' exists.
src/plugins.tsx(200,2240): error TS7026: JSX element implicitly has type 'any' because no interface 'JSX.IntrinsicElements' exists.
src/plugins.tsx(200,2250): error TS7026: JSX element implicitly has type 'any' because no interface 'JSX.IntrinsicElements' exists.
src/plugins.tsx(200,2259): error TS7026: JSX element implicitly has type 'any' because no interface 'JSX.IntrinsicElements' exists.
src/plugins.tsx(200,2285): error TS7026: JSX element implicitly has type 'any' because no interface 'JSX.IntrinsicElements' exists.
src/plugins.tsx(200,2295): error TS7026: JSX element implicitly has type 'any' because no interface 'JSX.IntrinsicElements' exists.
src/plugins.tsx(200,2345): error TS7026: JSX element implicitly has type 'any' because no interface 'JSX.IntrinsicElements' exists.
src/plugins.tsx(200,2351): error TS7026: JSX element implicitly has type 'any' because no interface 'JSX.IntrinsicElements' exists.
src/plugins.tsx(200,2361): error TS7026: JSX element implicitly has type 'any' because no interface 'JSX.IntrinsicElements' exists.
src/plugins.tsx(200,2370): error TS7026: JSX element implicitly has type 'any' because no interface 'JSX.IntrinsicElements' exists.
src/plugins.tsx(200,2389): error TS7026: JSX element implicitly has type 'any' because no interface 'JSX.IntrinsicElements' exists.
src/plugins.tsx(200,2399): error TS7026: JSX element implicitly has type 'any' because no interface 'JSX.IntrinsicElements' exists.
src/plugins.tsx(200,2438): error TS7026: JSX element implicitly has type 'any' because no interface 'JSX.IntrinsicElements' exists.
src/plugins.tsx(200,2444): error TS7026: JSX element implicitly has type 'any' because no interface 'JSX.IntrinsicElements' exists.
src/plugins.tsx(200,2469): error TS7026: JSX element implicitly has type 'any' because no interface 'JSX.IntrinsicElements' exists.
src/plugins.tsx(200,2472): error TS7026: JSX element implicitly has type 'any' because no interface 'JSX.IntrinsicElements' exists.
src/plugins.tsx(200,2557): error TS7026: JSX element implicitly has type 'any' because no interface 'JSX.IntrinsicElements' exists.
src/plugins.tsx(200,2561): error TS7026: JSX element implicitly has type 'any' because no interface 'JSX.IntrinsicElements' exists.
src/plugins.tsx(200,2566): error TS7026: JSX element implicitly has type 'any' because no interface 'JSX.IntrinsicElements' exists.
src/plugins.tsx(201,2): error TS7026: JSX element implicitly has type 'any' because no interface 'JSX.IntrinsicElements' exists.
src/studio/NotebookDesktop.tsx(1,24): error TS2307: Cannot find module 'react' or its corresponding type declarations.
src/studio/NotebookDesktop.tsx(28,10): error TS7026: JSX element implicitly has type 'any' because no interface 'JSX.IntrinsicElements' exists.
src/studio/NotebookDesktop.tsx(28,10): error TS2875: This JSX tag requires the module path 'react/jsx-runtime' to exist, but none could be found. Make sure you have types for the appropriate package installed.
src/studio/NotebookDesktop.tsx(28,178): error TS7026: JSX element implicitly has type 'any' because no interface 'JSX.IntrinsicElements' exists.
src/studio/NotebookDesktop.tsx(28,201): error TS7026: JSX element implicitly has type 'any' because no interface 'JSX.IntrinsicElements' exists.
src/studio/NotebookDesktop.tsx(53,51): error TS2339: Property 'props' does not exist on type 'Divider'.
src/studio/NotebookDesktop.tsx(53,113): error TS2339: Property 'props' does not exist on type 'Divider'.
src/studio/NotebookDesktop.tsx(62,27): error TS2339: Property 'props' does not exist on type 'Divider'.
src/studio/NotebookDesktop.tsx(63,28): error TS2339: Property 'props' does not exist on type 'Divider'.
src/studio/NotebookDesktop.tsx(64,10): error TS2339: Property 'props' does not exist on type 'Divider'.
src/studio/NotebookDesktop.tsx(64,39): error TS2339: Property 'props' does not exist on type 'Divider'.
src/studio/NotebookDesktop.tsx(64,64): error TS2339: Property 'props' does not exist on type 'Divider'.
src/studio/NotebookDesktop.tsx(66,60): error TS2339: Property 'props' does not exist on type 'Divider'.
src/studio/NotebookDesktop.tsx(69,28): error TS2339: Property 'props' does not exist on type 'Divider'.
src/studio/NotebookDesktop.tsx(70,22): error TS2339: Property 'props' does not exist on type 'Divider'.
src/studio/NotebookDesktop.tsx(71,44): error TS2339: Property 'props' does not exist on type 'Divider'.
src/studio/NotebookDesktop.tsx(72,48): error TS2339: Property 'props' does not exist on type 'Divider'.
src/studio/NotebookDesktop.tsx(73,34): error TS2339: Property 'props' does not exist on type 'Divider'.
src/studio/NotebookDesktop.tsx(74,34): error TS2339: Property 'props' does not exist on type 'Divider'.
src/studio/NotebookDesktop.tsx(77,10): error TS2339: Property 'props' does not exist on type 'Divider'.
src/studio/NotebookDesktop.tsx(77,39): error TS2339: Property 'props' does not exist on type 'Divider'.
src/studio/NotebookDesktop.tsx(77,64): error TS2339: Property 'props' does not exist on type 'Divider'.
src/studio/NotebookDesktop.tsx(81,12): error TS7026: JSX element implicitly has type 'any' because no interface 'JSX.IntrinsicElements' exists.
src/studio/NotebookDesktop.tsx(81,22): error TS7006: Parameter 'node' implicitly has an 'any' type.
src/studio/NotebookDesktop.tsx(81,98): error TS2339: Property 'props' does not exist on type 'Divider'.
src/studio/NotebookDesktop.tsx(82,30): error TS2339: Property 'props' does not exist on type 'Divider'.
src/studio/NotebookDesktop.tsx(83,27): error TS2339: Property 'props' does not exist on type 'Divider'.
src/studio/NotebookDesktop.tsx(83,58): error TS2339: Property 'props' does not exist on type 'Divider'.
src/studio/NotebookDesktop.tsx(83,100): error TS2339: Property 'props' does not exist on type 'Divider'.
src/studio/NotebookDesktop.tsx(84,37): error TS2339: Property 'props' does not exist on type 'Divider'.
src/studio/NotebookDesktop.tsx(84,109): error TS7026: JSX element implicitly has type 'any' because no interface 'JSX.IntrinsicElements' exists.
src/studio/NotebookDesktop.tsx(84,116): error TS7026: JSX element implicitly has type 'any' because no interface 'JSX.IntrinsicElements' exists.
src/studio/NotebookDesktop.tsx(126,39): error TS2339: Property 'props' does not exist on type 'NotebookDesktop'.
src/studio/NotebookDesktop.tsx(126,90): error TS2339: Property 'props' does not exist on type 'NotebookDesktop'.
src/studio/NotebookDesktop.tsx(129,12): error TS2339: Property 'setState' does not exist on type 'NotebookDesktop'.
src/studio/NotebookDesktop.tsx(139,38): error TS2339: Property 'props' does not exist on type 'NotebookDesktop'.
src/studio/NotebookDesktop.tsx(139,62): error TS2339: Property 'props' does not exist on type 'NotebookDesktop'.
src/studio/NotebookDesktop.tsx(141,59): error TS2339: Property 'setState' does not exist on type 'NotebookDesktop'.
src/studio/NotebookDesktop.tsx(143,48): error TS2339: Property 'setState' does not exist on type 'NotebookDesktop'.
src/studio/NotebookDesktop.tsx(146,10): error TS2339: Property 'setState' does not exist on type 'NotebookDesktop'.
src/studio/NotebookDesktop.tsx(146,19): error TS7006: Parameter 'state' implicitly has an 'any' type.
src/studio/NotebookDesktop.tsx(148,47): error TS2339: Property 'setState' does not exist on type 'NotebookDesktop'.
src/studio/NotebookDesktop.tsx(152,14): error TS2339: Property 'props' does not exist on type 'NotebookDesktop'.
src/studio/NotebookDesktop.tsx(157,48): error TS2339: Property 'setState' does not exist on type 'NotebookDesktop'.
src/studio/NotebookDesktop.tsx(158,39): error TS2339: Property 'setState' does not exist on type 'NotebookDesktop'.
src/studio/NotebookDesktop.tsx(163,10): error TS2339: Property 'setState' does not exist on type 'NotebookDesktop'.
src/studio/NotebookDesktop.tsx(165,38): error TS2339: Property 'setState' does not exist on type 'NotebookDesktop'.
src/studio/NotebookDesktop.tsx(167,10): error TS2339: Property 'props' does not exist on type 'NotebookDesktop'.
src/studio/NotebookDesktop.tsx(167,35): error TS2339: Property 'setState' does not exist on type 'NotebookDesktop'.
src/studio/NotebookDesktop.tsx(174,126): error TS2339: Property 'props' does not exist on type 'NotebookDesktop'.
src/studio/NotebookDesktop.tsx(174,148): error TS2339: Property 'props' does not exist on type 'NotebookDesktop'.
src/studio/NotebookDesktop.tsx(175,127): error TS2339: Property 'props' does not exist on type 'NotebookDesktop'.
src/studio/NotebookDesktop.tsx(176,126): error TS2339: Property 'props' does not exist on type 'NotebookDesktop'.
src/studio/NotebookDesktop.tsx(177,161): error TS2339: Property 'setState' does not exist on type 'NotebookDesktop'.
src/studio/NotebookDesktop.tsx(180,28): error TS2339: Property 'props' does not exist on type 'NotebookDesktop'.
src/studio/NotebookDesktop.tsx(181,13): error TS2339: Property 'props' does not exist on type 'NotebookDesktop'.
src/studio/NotebookDesktop.tsx(181,30): error TS7006: Parameter 'a' implicitly has an 'any' type.
src/studio/NotebookDesktop.tsx(182,14): error TS2339: Property 'props' does not exist on type 'NotebookDesktop'.
src/studio/NotebookDesktop.tsx(182,47): error TS7006: Parameter 'n' implicitly has an 'any' type.
src/studio/NotebookDesktop.tsx(182,166): error TS2339: Property 'props' does not exist on type 'NotebookDesktop'.
src/studio/NotebookDesktop.tsx(182,194): error TS2339: Property 'props' does not exist on type 'NotebookDesktop'.
src/studio/NotebookDesktop.tsx(185,10): error TS2339: Property 'setState' does not exist on type 'NotebookDesktop'.
src/studio/NotebookDesktop.tsx(189,27): error TS2339: Property 'props' does not exist on type 'NotebookDesktop'.
src/studio/NotebookDesktop.tsx(190,34): error TS7026: JSX element implicitly has type 'any' because no interface 'JSX.IntrinsicElements' exists.
src/studio/NotebookDesktop.tsx(190,90): error TS7026: JSX element implicitly has type 'any' because no interface 'JSX.IntrinsicElements' exists.
src/studio/NotebookDesktop.tsx(190,120): error TS7026: JSX element implicitly has type 'any' because no interface 'JSX.IntrinsicElements' exists.
src/studio/NotebookDesktop.tsx(190,125): error TS7026: JSX element implicitly has type 'any' because no interface 'JSX.IntrinsicElements' exists.
src/studio/NotebookDesktop.tsx(190,219): error TS7026: JSX element implicitly has type 'any' because no interface 'JSX.IntrinsicElements' exists.
src/studio/NotebookDesktop.tsx(190,223): error TS7026: JSX element implicitly has type 'any' because no interface 'JSX.IntrinsicElements' exists.
src/studio/NotebookDesktop.tsx(190,315): error TS2339: Property 'setState' does not exist on type 'NotebookDesktop'.
src/studio/NotebookDesktop.tsx(190,391): error TS7026: JSX element implicitly has type 'any' because no interface 'JSX.IntrinsicElements' exists.
src/studio/NotebookDesktop.tsx(190,400): error TS7026: JSX element implicitly has type 'any' because no interface 'JSX.IntrinsicElements' exists.
src/studio/NotebookDesktop.tsx(191,12): error TS7026: JSX element implicitly has type 'any' because no interface 'JSX.IntrinsicElements' exists.
src/studio/NotebookDesktop.tsx(191,59): error TS7006: Parameter 'context' implicitly has an 'any' type.
src/studio/NotebookDesktop.tsx(191,70): error TS7026: JSX element implicitly has type 'any' because no interface 'JSX.IntrinsicElements' exists.
src/studio/NotebookDesktop.tsx(191,98): error TS7026: JSX element implicitly has type 'any' because no interface 'JSX.IntrinsicElements' exists.
src/studio/NotebookDesktop.tsx(191,136): error TS7026: JSX element implicitly has type 'any' because no interface 'JSX.IntrinsicElements' exists.
src/studio/NotebookDesktop.tsx(191,141): error TS7026: JSX element implicitly has type 'any' because no interface 'JSX.IntrinsicElements' exists.
src/studio/NotebookDesktop.tsx(191,148): error TS7026: JSX element implicitly has type 'any' because no interface 'JSX.IntrinsicElements' exists.
src/studio/NotebookDesktop.tsx(191,155): error TS7026: JSX element implicitly has type 'any' because no interface 'JSX.IntrinsicElements' exists.
src/studio/NotebookDesktop.tsx(191,159): error TS7026: JSX element implicitly has type 'any' because no interface 'JSX.IntrinsicElements' exists.
src/studio/NotebookDesktop.tsx(191,169): error TS7026: JSX element implicitly has type 'any' because no interface 'JSX.IntrinsicElements' exists.
src/studio/NotebookDesktop.tsx(191,174): error TS7026: JSX element implicitly has type 'any' because no interface 'JSX.IntrinsicElements' exists.
src/studio/NotebookDesktop.tsx(191,182): error TS7026: JSX element implicitly has type 'any' because no interface 'JSX.IntrinsicElements' exists.
src/studio/NotebookDesktop.tsx(191,187): error TS7026: JSX element implicitly has type 'any' because no interface 'JSX.IntrinsicElements' exists.
src/studio/NotebookDesktop.tsx(191,192): error TS7026: JSX element implicitly has type 'any' because no interface 'JSX.IntrinsicElements' exists.
src/studio/NotebookDesktop.tsx(191,200): error TS7026: JSX element implicitly has type 'any' because no interface 'JSX.IntrinsicElements' exists.
src/studio/NotebookDesktop.tsx(191,264): error TS7026: JSX element implicitly has type 'any' because no interface 'JSX.IntrinsicElements' exists.
src/studio/NotebookDesktop.tsx(191,281): error TS7026: JSX element implicitly has type 'any' because no interface 'JSX.IntrinsicElements' exists.
src/studio/NotebookDesktop.tsx(191,285): error TS7026: JSX element implicitly has type 'any' because no interface 'JSX.IntrinsicElements' exists.
src/studio/NotebookDesktop.tsx(191,299): error TS7026: JSX element implicitly has type 'any' because no interface 'JSX.IntrinsicElements' exists.
src/studio/NotebookDesktop.tsx(191,306): error TS7026: JSX element implicitly has type 'any' because no interface 'JSX.IntrinsicElements' exists.
src/studio/NotebookDesktop.tsx(191,311): error TS7026: JSX element implicitly has type 'any' because no interface 'JSX.IntrinsicElements' exists.
src/studio/NotebookDesktop.tsx(191,321): error TS7026: JSX element implicitly has type 'any' because no interface 'JSX.IntrinsicElements' exists.
src/studio/NotebookDesktop.tsx(191,326): error TS7026: JSX element implicitly has type 'any' because no interface 'JSX.IntrinsicElements' exists.
src/studio/NotebookDesktop.tsx(191,333): error TS7026: JSX element implicitly has type 'any' because no interface 'JSX.IntrinsicElements' exists.
src/studio/NotebookDesktop.tsx(191,341): error TS7026: JSX element implicitly has type 'any' because no interface 'JSX.IntrinsicElements' exists.
src/studio/NotebookDesktop.tsx(191,384): error TS7026: JSX element implicitly has type 'any' because no interface 'JSX.IntrinsicElements' exists.
src/studio/NotebookDesktop.tsx(191,393): error TS7026: JSX element implicitly has type 'any' because no interface 'JSX.IntrinsicElements' exists.
src/studio/NotebookDesktop.tsx(191,421): error TS7026: JSX element implicitly has type 'any' because no interface 'JSX.IntrinsicElements' exists.
src/studio/NotebookDesktop.tsx(191,431): error TS7026: JSX element implicitly has type 'any' because no interface 'JSX.IntrinsicElements' exists.
src/studio/NotebookDesktop.tsx(191,494): error TS7026: JSX element implicitly has type 'any' because no interface 'JSX.IntrinsicElements' exists.
src/studio/NotebookDesktop.tsx(191,500): error TS7026: JSX element implicitly has type 'any' because no interface 'JSX.IntrinsicElements' exists.
src/studio/NotebookDesktop.tsx(191,511): error TS7026: JSX element implicitly has type 'any' because no interface 'JSX.IntrinsicElements' exists.
src/studio/NotebookDesktop.tsx(191,523): error TS7026: JSX element implicitly has type 'any' because no interface 'JSX.IntrinsicElements' exists.
src/studio/NotebookDesktop.tsx(194,60): error TS2339: Property 'props' does not exist on type 'NotebookDesktop'.
src/studio/NotebookDesktop.tsx(198,12): error TS7026: JSX element implicitly has type 'any' because no interface 'JSX.IntrinsicElements' exists.
src/studio/NotebookDesktop.tsx(199,7): error TS7026: JSX element implicitly has type 'any' because no interface 'JSX.IntrinsicElements' exists.
src/studio/NotebookDesktop.tsx(199,39): error TS7026: JSX element implicitly has type 'any' because no interface 'JSX.IntrinsicElements' exists.
src/studio/NotebookDesktop.tsx(199,55): error TS7026: JSX element implicitly has type 'any' because no interface 'JSX.IntrinsicElements' exists.
src/studio/NotebookDesktop.tsx(199,64): error TS7026: JSX element implicitly has type 'any' because no interface 'JSX.IntrinsicElements' exists.
src/studio/NotebookDesktop.tsx(199,69): error TS7026: JSX element implicitly has type 'any' because no interface 'JSX.IntrinsicElements' exists.
src/studio/NotebookDesktop.tsx(199,320): error TS7026: JSX element implicitly has type 'any' because no interface 'JSX.IntrinsicElements' exists.
src/studio/NotebookDesktop.tsx(199,329): error TS7026: JSX element implicitly has type 'any' because no interface 'JSX.IntrinsicElements' exists.
src/studio/NotebookDesktop.tsx(199,455): error TS2339: Property 'setState' does not exist on type 'NotebookDesktop'.
src/studio/NotebookDesktop.tsx(199,512): error TS7026: JSX element implicitly has type 'any' because no interface 'JSX.IntrinsicElements' exists.
src/studio/NotebookDesktop.tsx(199,521): error TS7026: JSX element implicitly has type 'any' because no interface 'JSX.IntrinsicElements' exists.
src/studio/NotebookDesktop.tsx(199,527): error TS7026: JSX element implicitly has type 'any' because no interface 'JSX.IntrinsicElements' exists.
src/studio/NotebookDesktop.tsx(200,7): error TS7026: JSX element implicitly has type 'any' because no interface 'JSX.IntrinsicElements' exists.
src/studio/NotebookDesktop.tsx(200,123): error TS7026: JSX element implicitly has type 'any' because no interface 'JSX.IntrinsicElements' exists.
src/studio/NotebookDesktop.tsx(200,219): error TS2339: Property 'setState' does not exist on type 'NotebookDesktop'.
src/studio/NotebookDesktop.tsx(200,353): error TS7026: JSX element implicitly has type 'any' because no interface 'JSX.IntrinsicElements' exists.
src/studio/NotebookDesktop.tsx(200,364): error TS7026: JSX element implicitly has type 'any' because no interface 'JSX.IntrinsicElements' exists.
src/studio/NotebookDesktop.tsx(201,7): error TS7026: JSX element implicitly has type 'any' because no interface 'JSX.IntrinsicElements' exists.
src/studio/NotebookDesktop.tsx(201,67): error TS7026: JSX element implicitly has type 'any' because no interface 'JSX.IntrinsicElements' exists.
src/studio/NotebookDesktop.tsx(201,181): error TS7006: Parameter 'e' implicitly has an 'any' type.
src/studio/NotebookDesktop.tsx(201,191): error TS2339: Property 'setState' does not exist on type 'NotebookDesktop'.
src/studio/NotebookDesktop.tsx(201,234): error TS7026: JSX element implicitly has type 'any' because no interface 'JSX.IntrinsicElements' exists.
src/studio/NotebookDesktop.tsx(201,324): error TS2339: Property 'setState' does not exist on type 'NotebookDesktop'.
src/studio/NotebookDesktop.tsx(201,378): error TS7026: JSX element implicitly has type 'any' because no interface 'JSX.IntrinsicElements' exists.
src/studio/NotebookDesktop.tsx(201,388): error TS7026: JSX element implicitly has type 'any' because no interface 'JSX.IntrinsicElements' exists.
src/studio/NotebookDesktop.tsx(202,7): error TS7026: JSX element implicitly has type 'any' because no interface 'JSX.IntrinsicElements' exists.
src/studio/NotebookDesktop.tsx(203,51): error TS7026: JSX element implicitly has type 'any' because no interface 'JSX.IntrinsicElements' exists.
src/studio/NotebookDesktop.tsx(203,76): error TS7026: JSX element implicitly has type 'any' because no interface 'JSX.IntrinsicElements' exists.
src/studio/NotebookDesktop.tsx(203,127): error TS7026: JSX element implicitly has type 'any' because no interface 'JSX.IntrinsicElements' exists.
src/studio/NotebookDesktop.tsx(203,149): error TS7026: JSX element implicitly has type 'any' because no interface 'JSX.IntrinsicElements' exists.
src/studio/NotebookDesktop.tsx(203,153): error TS7026: JSX element implicitly has type 'any' because no interface 'JSX.IntrinsicElements' exists.
src/studio/NotebookDesktop.tsx(203,180): error TS7026: JSX element implicitly has type 'any' because no interface 'JSX.IntrinsicElements' exists.
src/studio/NotebookDesktop.tsx(203,212): error TS7026: JSX element implicitly has type 'any' because no interface 'JSX.IntrinsicElements' exists.
src/studio/NotebookDesktop.tsx(203,221): error TS7026: JSX element implicitly has type 'any' because no interface 'JSX.IntrinsicElements' exists.
src/studio/NotebookDesktop.tsx(203,288): error TS7026: JSX element implicitly has type 'any' because no interface 'JSX.IntrinsicElements' exists.
src/studio/NotebookDesktop.tsx(203,336): error TS7026: JSX element implicitly has type 'any' because no interface 'JSX.IntrinsicElements' exists.
src/studio/NotebookDesktop.tsx(203,343): error TS7026: JSX element implicitly has type 'any' because no interface 'JSX.IntrinsicElements' exists.
src/studio/NotebookDesktop.tsx(203,380): error TS7026: JSX element implicitly has type 'any' because no interface 'JSX.IntrinsicElements' exists.
src/studio/NotebookDesktop.tsx(203,586): error TS7026: JSX element implicitly has type 'any' because no interface 'JSX.IntrinsicElements' exists.
src/studio/NotebookDesktop.tsx(203,683): error TS7026: JSX element implicitly has type 'any' because no interface 'JSX.IntrinsicElements' exists.
src/studio/NotebookDesktop.tsx(203,690): error TS7026: JSX element implicitly has type 'any' because no interface 'JSX.IntrinsicElements' exists.
src/studio/NotebookDesktop.tsx(203,731): error TS7026: JSX element implicitly has type 'any' because no interface 'JSX.IntrinsicElements' exists.
src/studio/NotebookDesktop.tsx(203,739): error TS7026: JSX element implicitly has type 'any' because no interface 'JSX.IntrinsicElements' exists.
src/studio/NotebookDesktop.tsx(203,750): error TS7026: JSX element implicitly has type 'any' because no interface 'JSX.IntrinsicElements' exists.
src/studio/NotebookDesktop.tsx(203,781): error TS7026: JSX element implicitly has type 'any' because no interface 'JSX.IntrinsicElements' exists.
src/studio/NotebookDesktop.tsx(203,917): error TS7026: JSX element implicitly has type 'any' because no interface 'JSX.IntrinsicElements' exists.
src/studio/NotebookDesktop.tsx(203,922): error TS7026: JSX element implicitly has type 'any' because no interface 'JSX.IntrinsicElements' exists.
src/studio/NotebookDesktop.tsx(203,931): error TS7026: JSX element implicitly has type 'any' because no interface 'JSX.IntrinsicElements' exists.
src/studio/NotebookDesktop.tsx(203,956): error TS7026: JSX element implicitly has type 'any' because no interface 'JSX.IntrinsicElements' exists.
src/studio/NotebookDesktop.tsx(203,1007): error TS7026: JSX element implicitly has type 'any' because no interface 'JSX.IntrinsicElements' exists.
src/studio/NotebookDesktop.tsx(203,1019): error TS7026: JSX element implicitly has type 'any' because no interface 'JSX.IntrinsicElements' exists.
src/studio/NotebookDesktop.tsx(203,1023): error TS7026: JSX element implicitly has type 'any' because no interface 'JSX.IntrinsicElements' exists.
src/studio/NotebookDesktop.tsx(203,1101): error TS7006: Parameter 'n' implicitly has an 'any' type.
src/studio/NotebookDesktop.tsx(203,1157): error TS7006: Parameter 'n' implicitly has an 'any' type.
src/studio/NotebookDesktop.tsx(203,1162): error TS7026: JSX element implicitly has type 'any' because no interface 'JSX.IntrinsicElements' exists.
src/studio/NotebookDesktop.tsx(203,1289): error TS2339: Property 'props' does not exist on type 'NotebookDesktop'.
src/studio/NotebookDesktop.tsx(203,1352): error TS7026: JSX element implicitly has type 'any' because no interface 'JSX.IntrinsicElements' exists.
src/studio/NotebookDesktop.tsx(203,1367): error TS7026: JSX element implicitly has type 'any' because no interface 'JSX.IntrinsicElements' exists.
src/studio/NotebookDesktop.tsx(203,1374): error TS7026: JSX element implicitly has type 'any' because no interface 'JSX.IntrinsicElements' exists.
src/studio/NotebookDesktop.tsx(203,1385): error TS7026: JSX element implicitly has type 'any' because no interface 'JSX.IntrinsicElements' exists.
src/studio/NotebookDesktop.tsx(203,1432): error TS7026: JSX element implicitly has type 'any' because no interface 'JSX.IntrinsicElements' exists.
src/studio/NotebookDesktop.tsx(203,1454): error TS7026: JSX element implicitly has type 'any' because no interface 'JSX.IntrinsicElements' exists.
src/studio/NotebookDesktop.tsx(203,1461): error TS7026: JSX element implicitly has type 'any' because no interface 'JSX.IntrinsicElements' exists.
src/studio/NotebookDesktop.tsx(203,1482): error TS7026: JSX element implicitly has type 'any' because no interface 'JSX.IntrinsicElements' exists.
src/studio/NotebookDesktop.tsx(203,1490): error TS7026: JSX element implicitly has type 'any' because no interface 'JSX.IntrinsicElements' exists.
src/studio/NotebookDesktop.tsx(203,1525): error TS7026: JSX element implicitly has type 'any' because no interface 'JSX.IntrinsicElements' exists.
src/studio/NotebookDesktop.tsx(203,1593): error TS2339: Property 'props' does not exist on type 'NotebookDesktop'.
src/studio/NotebookDesktop.tsx(203,1681): error TS7026: JSX element implicitly has type 'any' because no interface 'JSX.IntrinsicElements' exists.
src/studio/NotebookDesktop.tsx(203,1726): error TS7026: JSX element implicitly has type 'any' because no interface 'JSX.IntrinsicElements' exists.
src/studio/NotebookDesktop.tsx(203,1734): error TS7026: JSX element implicitly has type 'any' because no interface 'JSX.IntrinsicElements' exists.
src/studio/NotebookDesktop.tsx(203,1753): error TS7026: JSX element implicitly has type 'any' because no interface 'JSX.IntrinsicElements' exists.
src/studio/NotebookDesktop.tsx(203,1760): error TS7026: JSX element implicitly has type 'any' because no interface 'JSX.IntrinsicElements' exists.
src/studio/NotebookDesktop.tsx(203,1789): error TS7026: JSX element implicitly has type 'any' because no interface 'JSX.IntrinsicElements' exists.
src/studio/NotebookDesktop.tsx(203,1797): error TS7026: JSX element implicitly has type 'any' because no interface 'JSX.IntrinsicElements' exists.
src/studio/NotebookDesktop.tsx(203,1826): error TS7026: JSX element implicitly has type 'any' because no interface 'JSX.IntrinsicElements' exists.
src/studio/NotebookDesktop.tsx(203,1875): error TS7026: JSX element implicitly has type 'any' because no interface 'JSX.IntrinsicElements' exists.
src/studio/NotebookDesktop.tsx(203,1880): error TS7026: JSX element implicitly has type 'any' because no interface 'JSX.IntrinsicElements' exists.
src/studio/NotebookDesktop.tsx(204,7): error TS7026: JSX element implicitly has type 'any' because no interface 'JSX.IntrinsicElements' exists.
src/studio/NotebookDesktop.tsx(204,13): error TS7026: JSX element implicitly has type 'any' because no interface 'JSX.IntrinsicElements' exists.
src/studio/NotebookDesktop.tsx(204,76): error TS7026: JSX element implicitly has type 'any' because no interface 'JSX.IntrinsicElements' exists.
src/studio/NotebookDesktop.tsx(204,115): error TS7026: JSX element implicitly has type 'any' because no interface 'JSX.IntrinsicElements' exists.
src/studio/NotebookDesktop.tsx(204,143): error TS7026: JSX element implicitly has type 'any' because no interface 'JSX.IntrinsicElements' exists.
src/studio/NotebookDesktop.tsx(204,150): error TS7026: JSX element implicitly has type 'any' because no interface 'JSX.IntrinsicElements' exists.
src/studio/NotebookDesktop.tsx(205,5): error TS7026: JSX element implicitly has type 'any' because no interface 'JSX.IntrinsicElements' exists.
src/studio/NotebookDesktop.tsx(208,24): error TS2339: Property 'props' does not exist on type 'NotebookDesktop'.
src/studio/NotebookDesktop.tsx(208,42): error TS7006: Parameter 'a' implicitly has an 'any' type.
src/studio/NotebookDesktop.tsx(209,12): error TS7026: JSX element implicitly has type 'any' because no interface 'JSX.IntrinsicElements' exists.
src/studio/NotebookDesktop.tsx(209,75): error TS7026: JSX element implicitly has type 'any' because no interface 'JSX.IntrinsicElements' exists.
src/studio/NotebookDesktop.tsx(209,107): error TS7026: JSX element implicitly has type 'any' because no interface 'JSX.IntrinsicElements' exists.
src/studio/NotebookDesktop.tsx(209,122): error TS7026: JSX element implicitly has type 'any' because no interface 'JSX.IntrinsicElements' exists.
src/studio/NotebookDesktop.tsx(209,131): error TS7026: JSX element implicitly has type 'any' because no interface 'JSX.IntrinsicElements' exists.
src/studio/NotebookDesktop.tsx(209,273): error TS7026: JSX element implicitly has type 'any' because no interface 'JSX.IntrinsicElements' exists.
src/studio/NotebookDesktop.tsx(209,282): error TS7026: JSX element implicitly has type 'any' because no interface 'JSX.IntrinsicElements' exists.
src/studio/NotebookDesktop.tsx(209,288): error TS7026: JSX element implicitly has type 'any' because no interface 'JSX.IntrinsicElements' exists.
src/studio/NotebookDesktop.tsx(209,359): error TS7026: JSX element implicitly has type 'any' because no interface 'JSX.IntrinsicElements' exists.
src/studio/NotebookDesktop.tsx(209,452): error TS2339: Property 'setState' does not exist on type 'NotebookDesktop'.
src/studio/NotebookDesktop.tsx(209,494): error TS7026: JSX element implicitly has type 'any' because no interface 'JSX.IntrinsicElements' exists.
src/studio/NotebookDesktop.tsx(209,503): error TS7026: JSX element implicitly has type 'any' because no interface 'JSX.IntrinsicElements' exists.
src/studio/NotebookDesktop.tsx(209,596): error TS2339: Property 'setState' does not exist on type 'NotebookDesktop'.
src/studio/NotebookDesktop.tsx(209,640): error TS7026: JSX element implicitly has type 'any' because no interface 'JSX.IntrinsicElements' exists.
src/studio/NotebookDesktop.tsx(209,649): error TS7026: JSX element implicitly has type 'any' because no interface 'JSX.IntrinsicElements' exists.
src/studio/NotebookDesktop.tsx(210,7): error TS7026: JSX element implicitly has type 'any' because no interface 'JSX.IntrinsicElements' exists.
src/studio/NotebookDesktop.tsx(210,85): error TS7026: JSX element implicitly has type 'any' because no interface 'JSX.IntrinsicElements' exists.
src/studio/NotebookDesktop.tsx(210,113): error TS7026: JSX element implicitly has type 'any' because no interface 'JSX.IntrinsicElements' exists.
src/studio/NotebookDesktop.tsx(210,132): error TS7026: JSX element implicitly has type 'any' because no interface 'JSX.IntrinsicElements' exists.
src/studio/NotebookDesktop.tsx(210,137): error TS7026: JSX element implicitly has type 'any' because no interface 'JSX.IntrinsicElements' exists.
src/studio/NotebookDesktop.tsx(210,180): error TS7026: JSX element implicitly has type 'any' because no interface 'JSX.IntrinsicElements' exists.
src/studio/NotebookDesktop.tsx(210,205): error TS2339: Property 'props' does not exist on type 'NotebookDesktop'.
src/studio/NotebookDesktop.tsx(210,250): error TS7026: JSX element implicitly has type 'any' because no interface 'JSX.IntrinsicElements' exists.
src/studio/NotebookDesktop.tsx(210,332): error TS7026: JSX element implicitly has type 'any' because no interface 'JSX.IntrinsicElements' exists.
src/studio/NotebookDesktop.tsx(210,346): error TS7026: JSX element implicitly has type 'any' because no interface 'JSX.IntrinsicElements' exists.
src/studio/NotebookDesktop.tsx(210,354): error TS7026: JSX element implicitly has type 'any' because no interface 'JSX.IntrinsicElements' exists.
src/studio/NotebookDesktop.tsx(210,369): error TS7026: JSX element implicitly has type 'any' because no interface 'JSX.IntrinsicElements' exists.
src/studio/NotebookDesktop.tsx(210,376): error TS7026: JSX element implicitly has type 'any' because no interface 'JSX.IntrinsicElements' exists.
src/studio/NotebookDesktop.tsx(210,387): error TS7026: JSX element implicitly has type 'any' because no interface 'JSX.IntrinsicElements' exists.
src/studio/NotebookDesktop.tsx(210,404): error TS7026: JSX element implicitly has type 'any' because no interface 'JSX.IntrinsicElements' exists.
src/studio/NotebookDesktop.tsx(210,438): error TS7026: JSX element implicitly has type 'any' because no interface 'JSX.IntrinsicElements' exists.
src/studio/NotebookDesktop.tsx(210,501): error TS7026: JSX element implicitly has type 'any' because no interface 'JSX.IntrinsicElements' exists.
src/studio/NotebookDesktop.tsx(210,507): error TS7026: JSX element implicitly has type 'any' because no interface 'JSX.IntrinsicElements' exists.
src/studio/NotebookDesktop.tsx(210,523): error TS7026: JSX element implicitly has type 'any' because no interface 'JSX.IntrinsicElements' exists.
src/studio/NotebookDesktop.tsx(210,528): error TS7026: JSX element implicitly has type 'any' because no interface 'JSX.IntrinsicElements' exists.
src/studio/NotebookDesktop.tsx(210,644): error TS7026: JSX element implicitly has type 'any' because no interface 'JSX.IntrinsicElements' exists.
src/studio/NotebookDesktop.tsx(210,651): error TS7026: JSX element implicitly has type 'any' because no interface 'JSX.IntrinsicElements' exists.
src/studio/NotebookDesktop.tsx(210,655): error TS7026: JSX element implicitly has type 'any' because no interface 'JSX.IntrinsicElements' exists.
src/studio/NotebookDesktop.tsx(210,664): error TS7026: JSX element implicitly has type 'any' because no interface 'JSX.IntrinsicElements' exists.
src/studio/NotebookDesktop.tsx(210,669): error TS7026: JSX element implicitly has type 'any' because no interface 'JSX.IntrinsicElements' exists.
src/studio/NotebookDesktop.tsx(210,686): error TS7026: JSX element implicitly has type 'any' because no interface 'JSX.IntrinsicElements' exists.
src/studio/NotebookDesktop.tsx(210,691): error TS7026: JSX element implicitly has type 'any' because no interface 'JSX.IntrinsicElements' exists.
src/studio/NotebookDesktop.tsx(210,699): error TS7026: JSX element implicitly has type 'any' because no interface 'JSX.IntrinsicElements' exists.
src/studio/NotebookDesktop.tsx(210,704): error TS7026: JSX element implicitly has type 'any' because no interface 'JSX.IntrinsicElements' exists.
src/studio/NotebookDesktop.tsx(210,742): error TS7026: JSX element implicitly has type 'any' because no interface 'JSX.IntrinsicElements' exists.
src/studio/NotebookDesktop.tsx(210,747): error TS7026: JSX element implicitly has type 'any' because no interface 'JSX.IntrinsicElements' exists.
src/studio/NotebookDesktop.tsx(210,759): error TS7026: JSX element implicitly has type 'any' because no interface 'JSX.IntrinsicElements' exists.
src/studio/NotebookDesktop.tsx(210,764): error TS7026: JSX element implicitly has type 'any' because no interface 'JSX.IntrinsicElements' exists.
src/studio/NotebookDesktop.tsx(210,802): error TS7026: JSX element implicitly has type 'any' because no interface 'JSX.IntrinsicElements' exists.
src/studio/NotebookDesktop.tsx(210,825): error TS7026: JSX element implicitly has type 'any' because no interface 'JSX.IntrinsicElements' exists.
src/studio/NotebookDesktop.tsx(210,856): error TS7026: JSX element implicitly has type 'any' because no interface 'JSX.IntrinsicElements' exists.
src/studio/NotebookDesktop.tsx(210,873): error TS7026: JSX element implicitly has type 'any' because no interface 'JSX.IntrinsicElements' exists.
src/studio/NotebookDesktop.tsx(210,878): error TS7026: JSX element implicitly has type 'any' because no interface 'JSX.IntrinsicElements' exists.
src/studio/NotebookDesktop.tsx(210,908): error TS7026: JSX element implicitly has type 'any' because no interface 'JSX.IntrinsicElements' exists.
src/studio/NotebookDesktop.tsx(210,913): error TS7026: JSX element implicitly has type 'any' because no interface 'JSX.IntrinsicElements' exists.
src/studio/NotebookDesktop.tsx(210,931): error TS7026: JSX element implicitly has type 'any' because no interface 'JSX.IntrinsicElements' exists.
src/studio/NotebookDesktop.tsx(210,936): error TS7026: JSX element implicitly has type 'any' because no interface 'JSX.IntrinsicElements' exists.
src/studio/NotebookDesktop.tsx(210,983): error TS7026: JSX element implicitly has type 'any' because no interface 'JSX.IntrinsicElements' exists.
src/studio/NotebookDesktop.tsx(210,988): error TS7026: JSX element implicitly has type 'any' because no interface 'JSX.IntrinsicElements' exists.
src/studio/NotebookDesktop.tsx(210,1000): error TS7026: JSX element implicitly has type 'any' because no interface 'JSX.IntrinsicElements' exists.
src/studio/NotebookDesktop.tsx(210,1005): error TS7026: JSX element implicitly has type 'any' because no interface 'JSX.IntrinsicElements' exists.
src/studio/NotebookDesktop.tsx(210,1053): error TS7026: JSX element implicitly has type 'any' because no interface 'JSX.IntrinsicElements' exists.
src/studio/NotebookDesktop.tsx(210,1058): error TS7026: JSX element implicitly has type 'any' because no interface 'JSX.IntrinsicElements' exists.
src/studio/NotebookDesktop.tsx(210,1065): error TS7026: JSX element implicitly has type 'any' because no interface 'JSX.IntrinsicElements' exists.
src/studio/NotebookDesktop.tsx(210,1070): error TS7026: JSX element implicitly has type 'any' because no interface 'JSX.IntrinsicElements' exists.
src/studio/NotebookDesktop.tsx(210,1134): error TS2339: Property 'props' does not exist on type 'NotebookDesktop'.
src/studio/NotebookDesktop.tsx(210,1166): error TS2339: Property 'props' does not exist on type 'NotebookDesktop'.
src/studio/NotebookDesktop.tsx(210,1235): error TS7026: JSX element implicitly has type 'any' because no interface 'JSX.IntrinsicElements' exists.
src/studio/NotebookDesktop.tsx(210,1244): error TS7026: JSX element implicitly has type 'any' because no interface 'JSX.IntrinsicElements' exists.
src/studio/NotebookDesktop.tsx(210,1320): error TS7026: JSX element implicitly has type 'any' because no interface 'JSX.IntrinsicElements' exists.
src/studio/NotebookDesktop.tsx(210,1342): error TS7026: JSX element implicitly has type 'any' because no interface 'JSX.IntrinsicElements' exists.
src/studio/NotebookDesktop.tsx(210,1396): error TS7026: JSX element implicitly has type 'any' because no interface 'JSX.IntrinsicElements' exists.
src/studio/NotebookDesktop.tsx(210,1405): error TS7026: JSX element implicitly has type 'any' because no interface 'JSX.IntrinsicElements' exists.
src/studio/NotebookDesktop.tsx(210,1414): error TS7026: JSX element implicitly has type 'any' because no interface 'JSX.IntrinsicElements' exists.
src/studio/NotebookDesktop.tsx(210,1470): error TS7026: JSX element implicitly has type 'any' because no interface 'JSX.IntrinsicElements' exists.
src/studio/NotebookDesktop.tsx(210,1489): error TS7026: JSX element implicitly has type 'any' because no interface 'JSX.IntrinsicElements' exists.
src/studio/NotebookDesktop.tsx(210,1494): error TS7026: JSX element implicitly has type 'any' because no interface 'JSX.IntrinsicElements' exists.
src/studio/NotebookDesktop.tsx(210,1564): error TS7026: JSX element implicitly has type 'any' because no interface 'JSX.IntrinsicElements' exists.
src/studio/NotebookDesktop.tsx(210,1568): error TS7026: JSX element implicitly has type 'any' because no interface 'JSX.IntrinsicElements' exists.
src/studio/NotebookDesktop.tsx(210,1575): error TS7026: JSX element implicitly has type 'any' because no interface 'JSX.IntrinsicElements' exists.
src/studio/NotebookDesktop.tsx(211,7): error TS7026: JSX element implicitly has type 'any' because no interface 'JSX.IntrinsicElements' exists.
src/studio/NotebookDesktop.tsx(211,40): error TS7026: JSX element implicitly has type 'any' because no interface 'JSX.IntrinsicElements' exists.
src/studio/NotebookDesktop.tsx(211,82): error TS7026: JSX element implicitly has type 'any' because no interface 'JSX.IntrinsicElements' exists.
src/studio/NotebookDesktop.tsx(211,89): error TS7026: JSX element implicitly has type 'any' because no interface 'JSX.IntrinsicElements' exists.
src/studio/NotebookDesktop.tsx(211,98): error TS2339: Property 'props' does not exist on type 'NotebookDesktop'.
src/studio/NotebookDesktop.tsx(211,117): error TS7026: JSX element implicitly has type 'any' because no interface 'JSX.IntrinsicElements' exists.
src/studio/NotebookDesktop.tsx(211,121): error TS7026: JSX element implicitly has type 'any' because no interface 'JSX.IntrinsicElements' exists.
src/studio/NotebookDesktop.tsx(211,130): error TS2339: Property 'props' does not exist on type 'NotebookDesktop'.
src/studio/NotebookDesktop.tsx(211,150): error TS7026: JSX element implicitly has type 'any' because no interface 'JSX.IntrinsicElements' exists.
src/studio/NotebookDesktop.tsx(211,154): error TS7026: JSX element implicitly has type 'any' because no interface 'JSX.IntrinsicElements' exists.
src/studio/NotebookDesktop.tsx(212,5): error TS7026: JSX element implicitly has type 'any' because no interface 'JSX.IntrinsicElements' exists.
src/studio/NotebookDesktop.tsx(215,39): error TS2339: Property 'props' does not exist on type 'NotebookDesktop'.
src/studio/NotebookDesktop.tsx(222,12): error TS7026: JSX element implicitly has type 'any' because no interface 'JSX.IntrinsicElements' exists.
src/studio/NotebookDesktop.tsx(223,7): error TS7026: JSX element implicitly has type 'any' because no interface 'JSX.IntrinsicElements' exists.
src/studio/NotebookDesktop.tsx(223,74): error TS7026: JSX element implicitly has type 'any' because no interface 'JSX.IntrinsicElements' exists.
src/studio/NotebookDesktop.tsx(223,165): error TS7026: JSX element implicitly has type 'any' because no interface 'JSX.IntrinsicElements' exists.
src/studio/NotebookDesktop.tsx(223,264): error TS2339: Property 'setState' does not exist on type 'NotebookDesktop'.
src/studio/NotebookDesktop.tsx(223,305): error TS7026: JSX element implicitly has type 'any' because no interface 'JSX.IntrinsicElements' exists.
src/studio/NotebookDesktop.tsx(223,316): error TS7026: JSX element implicitly has type 'any' because no interface 'JSX.IntrinsicElements' exists.
src/studio/NotebookDesktop.tsx(223,322): error TS7026: JSX element implicitly has type 'any' because no interface 'JSX.IntrinsicElements' exists.
src/studio/NotebookDesktop.tsx(223,394): error TS7026: JSX element implicitly has type 'any' because no interface 'JSX.IntrinsicElements' exists.
src/studio/NotebookDesktop.tsx(223,399): error TS7026: JSX element implicitly has type 'any' because no interface 'JSX.IntrinsicElements' exists.
src/studio/NotebookDesktop.tsx(223,432): error TS7026: JSX element implicitly has type 'any' because no interface 'JSX.IntrinsicElements' exists.
src/studio/NotebookDesktop.tsx(223,556): error TS7026: JSX element implicitly has type 'any' because no interface 'JSX.IntrinsicElements' exists.
src/studio/NotebookDesktop.tsx(223,563): error TS7026: JSX element implicitly has type 'any' because no interface 'JSX.IntrinsicElements' exists.
src/studio/NotebookDesktop.tsx(223,599): error TS7026: JSX element implicitly has type 'any' because no interface 'JSX.IntrinsicElements' exists.
src/studio/NotebookDesktop.tsx(223,606): error TS7026: JSX element implicitly has type 'any' because no interface 'JSX.IntrinsicElements' exists.
src/studio/NotebookDesktop.tsx(223,638): error TS7026: JSX element implicitly has type 'any' because no interface 'JSX.IntrinsicElements' exists.
src/studio/NotebookDesktop.tsx(223,660): error TS2339: Property 'props' does not exist on type 'NotebookDesktop'.
src/studio/NotebookDesktop.tsx(223,681): error TS7026: JSX element implicitly has type 'any' because no interface 'JSX.IntrinsicElements' exists.
src/studio/NotebookDesktop.tsx(223,689): error TS7026: JSX element implicitly has type 'any' because no interface 'JSX.IntrinsicElements' exists.
src/studio/NotebookDesktop.tsx(223,833): error TS7026: JSX element implicitly has type 'any' because no interface 'JSX.IntrinsicElements' exists.
src/studio/NotebookDesktop.tsx(223,855): error TS2339: Property 'props' does not exist on type 'NotebookDesktop'.
src/studio/NotebookDesktop.tsx(223,876): error TS7026: JSX element implicitly has type 'any' because no interface 'JSX.IntrinsicElements' exists.
src/studio/NotebookDesktop.tsx(223,884): error TS7026: JSX element implicitly has type 'any' because no interface 'JSX.IntrinsicElements' exists.
src/studio/NotebookDesktop.tsx(223,890): error TS7026: JSX element implicitly has type 'any' because no interface 'JSX.IntrinsicElements' exists.
src/studio/NotebookDesktop.tsx(224,103): error TS7006: Parameter 'problemWidth' implicitly has an 'any' type.
src/studio/NotebookDesktop.tsx(225,7): error TS7026: JSX element implicitly has type 'any' because no interface 'JSX.IntrinsicElements' exists.
src/studio/NotebookDesktop.tsx(225,41): error TS7026: JSX element implicitly has type 'any' because no interface 'JSX.IntrinsicElements' exists.
src/studio/NotebookDesktop.tsx(225,106): error TS7026: JSX element implicitly has type 'any' because no interface 'JSX.IntrinsicElements' exists.
src/studio/NotebookDesktop.tsx(225,141): error TS7026: JSX element implicitly has type 'any' because no interface 'JSX.IntrinsicElements' exists.
src/studio/NotebookDesktop.tsx(225,174): error TS7026: JSX element implicitly has type 'any' because no interface 'JSX.IntrinsicElements' exists.
src/studio/NotebookDesktop.tsx(225,181): error TS7026: JSX element implicitly has type 'any' because no interface 'JSX.IntrinsicElements' exists.
src/studio/NotebookDesktop.tsx(225,235): error TS7026: JSX element implicitly has type 'any' because no interface 'JSX.IntrinsicElements' exists.
src/studio/NotebookDesktop.tsx(225,243): error TS7026: JSX element implicitly has type 'any' because no interface 'JSX.IntrinsicElements' exists.
src/studio/NotebookDesktop.tsx(225,249): error TS7026: JSX element implicitly has type 'any' because no interface 'JSX.IntrinsicElements' exists.
src/studio/NotebookDesktop.tsx(225,308): error TS7026: JSX element implicitly has type 'any' because no interface 'JSX.IntrinsicElements' exists.
src/studio/NotebookDesktop.tsx(225,330): error TS2339: Property 'props' does not exist on type 'NotebookDesktop'.
src/studio/NotebookDesktop.tsx(225,351): error TS7026: JSX element implicitly has type 'any' because no interface 'JSX.IntrinsicElements' exists.
src/studio/NotebookDesktop.tsx(225,386): error TS7026: JSX element implicitly has type 'any' because no interface 'JSX.IntrinsicElements' exists.
src/studio/NotebookDesktop.tsx(225,412): error TS7026: JSX element implicitly has type 'any' because no interface 'JSX.IntrinsicElements' exists.
src/studio/NotebookDesktop.tsx(225,439): error TS7026: JSX element implicitly has type 'any' because no interface 'JSX.IntrinsicElements' exists.
src/studio/NotebookDesktop.tsx(225,444): error TS7026: JSX element implicitly has type 'any' because no interface 'JSX.IntrinsicElements' exists.
src/studio/NotebookDesktop.tsx(225,514): error TS7026: JSX element implicitly has type 'any' because no interface 'JSX.IntrinsicElements' exists.
src/studio/NotebookDesktop.tsx(225,518): error TS7026: JSX element implicitly has type 'any' because no interface 'JSX.IntrinsicElements' exists.
src/studio/NotebookDesktop.tsx(225,555): error TS7026: JSX element implicitly has type 'any' because no interface 'JSX.IntrinsicElements' exists.
src/studio/NotebookDesktop.tsx(225,587): error TS7026: JSX element implicitly has type 'any' because no interface 'JSX.IntrinsicElements' exists.
src/studio/NotebookDesktop.tsx(225,635): error TS7026: JSX element implicitly has type 'any' because no interface 'JSX.IntrinsicElements' exists.
src/studio/NotebookDesktop.tsx(225,670): error TS7026: JSX element implicitly has type 'any' because no interface 'JSX.IntrinsicElements' exists.
src/studio/NotebookDesktop.tsx(225,692): error TS2339: Property 'props' does not exist on type 'NotebookDesktop'.
src/studio/NotebookDesktop.tsx(225,713): error TS7026: JSX element implicitly has type 'any' because no interface 'JSX.IntrinsicElements' exists.
src/studio/NotebookDesktop.tsx(225,721): error TS7026: JSX element implicitly has type 'any' because no interface 'JSX.IntrinsicElements' exists.
src/studio/NotebookDesktop.tsx(225,732): error TS7026: JSX element implicitly has type 'any' because no interface 'JSX.IntrinsicElements' exists.
src/studio/NotebookDesktop.tsx(225,738): error TS7026: JSX element implicitly has type 'any' because no interface 'JSX.IntrinsicElements' exists.
src/studio/NotebookDesktop.tsx(226,134): error TS7006: Parameter 'resultHeight' implicitly has an 'any' type.
src/studio/NotebookDesktop.tsx(227,9): error TS7026: JSX element implicitly has type 'any' because no interface 'JSX.IntrinsicElements' exists.
src/studio/NotebookDesktop.tsx(227,75): error TS7026: JSX element implicitly has type 'any' because no interface 'JSX.IntrinsicElements' exists.
src/studio/NotebookDesktop.tsx(227,110): error TS7026: JSX element implicitly has type 'any' because no interface 'JSX.IntrinsicElements' exists.
src/studio/NotebookDesktop.tsx(227,158): error TS7026: JSX element implicitly has type 'any' because no interface 'JSX.IntrinsicElements' exists.
src/studio/NotebookDesktop.tsx(227,165): error TS7026: JSX element implicitly has type 'any' because no interface 'JSX.IntrinsicElements' exists.
src/studio/NotebookDesktop.tsx(227,178): error TS2339: Property 'props' does not exist on type 'NotebookDesktop'.
src/studio/NotebookDesktop.tsx(227,270): error TS7026: JSX element implicitly has type 'any' because no interface 'JSX.IntrinsicElements' exists.
src/studio/NotebookDesktop.tsx(227,278): error TS7026: JSX element implicitly has type 'any' because no interface 'JSX.IntrinsicElements' exists.
src/studio/NotebookDesktop.tsx(227,284): error TS7026: JSX element implicitly has type 'any' because no interface 'JSX.IntrinsicElements' exists.
src/studio/NotebookDesktop.tsx(227,343): error TS7026: JSX element implicitly has type 'any' because no interface 'JSX.IntrinsicElements' exists.
src/studio/NotebookDesktop.tsx(227,365): error TS2339: Property 'props' does not exist on type 'NotebookDesktop'.
src/studio/NotebookDesktop.tsx(227,386): error TS7026: JSX element implicitly has type 'any' because no interface 'JSX.IntrinsicElements' exists.
src/studio/NotebookDesktop.tsx(227,421): error TS7026: JSX element implicitly has type 'any' because no interface 'JSX.IntrinsicElements' exists.
src/studio/NotebookDesktop.tsx(227,454): error TS7026: JSX element implicitly has type 'any' because no interface 'JSX.IntrinsicElements' exists.
src/studio/NotebookDesktop.tsx(227,480): error TS7026: JSX element implicitly has type 'any' because no interface 'JSX.IntrinsicElements' exists.
src/studio/NotebookDesktop.tsx(227,484): error TS7026: JSX element implicitly has type 'any' because no interface 'JSX.IntrinsicElements' exists.
src/studio/NotebookDesktop.tsx(227,574): error TS7026: JSX element implicitly has type 'any' because no interface 'JSX.IntrinsicElements' exists.
src/studio/NotebookDesktop.tsx(227,578): error TS7026: JSX element implicitly has type 'any' because no interface 'JSX.IntrinsicElements' exists.
src/studio/NotebookDesktop.tsx(227,585): error TS7026: JSX element implicitly has type 'any' because no interface 'JSX.IntrinsicElements' exists.
src/studio/NotebookDesktop.tsx(227,591): error TS7026: JSX element implicitly has type 'any' because no interface 'JSX.IntrinsicElements' exists.
src/studio/NotebookDesktop.tsx(228,7): error TS7026: JSX element implicitly has type 'any' because no interface 'JSX.IntrinsicElements' exists.
src/studio/NotebookDesktop.tsx(229,5): error TS7026: JSX element implicitly has type 'any' because no interface 'JSX.IntrinsicElements' exists.
src/studio/NotebookDesktop.tsx(232,40): error TS2339: Property 'props' does not exist on type 'NotebookDesktop'.
src/studio/NotebookDesktop.tsx(233,12): error TS7026: JSX element implicitly has type 'any' because no interface 'JSX.IntrinsicElements' exists.
src/studio/NotebookDesktop.tsx(233,48): error TS7026: JSX element implicitly has type 'any' because no interface 'JSX.IntrinsicElements' exists.
src/studio/NotebookDesktop.tsx(233,82): error TS7026: JSX element implicitly has type 'any' because no interface 'JSX.IntrinsicElements' exists.
src/studio/NotebookDesktop.tsx(233,119): error TS7026: JSX element implicitly has type 'any' because no interface 'JSX.IntrinsicElements' exists.
src/studio/NotebookDesktop.tsx(233,165): error TS2339: Property 'props' does not exist on type 'NotebookDesktop'.
src/studio/NotebookDesktop.tsx(233,186): error TS7026: JSX element implicitly has type 'any' because no interface 'JSX.IntrinsicElements' exists.
src/studio/NotebookDesktop.tsx(233,193): error TS7026: JSX element implicitly has type 'any' because no interface 'JSX.IntrinsicElements' exists.
src/studio/NotebookDesktop.tsx(233,203): error TS2339: Property 'props' does not exist on type 'NotebookDesktop'.
src/studio/NotebookDesktop.tsx(233,224): error TS7026: JSX element implicitly has type 'any' because no interface 'JSX.IntrinsicElements' exists.
src/studio/NotebookDesktop.tsx(233,229): error TS7026: JSX element implicitly has type 'any' because no interface 'JSX.IntrinsicElements' exists.
src/studio/NotebookDesktop.tsx(233,290): error TS7026: JSX element implicitly has type 'any' because no interface 'JSX.IntrinsicElements' exists.
src/studio/NotebookDesktop.tsx(233,294): error TS7026: JSX element implicitly has type 'any' because no interface 'JSX.IntrinsicElements' exists.
src/studio/NotebookDesktop.tsx(233,407): error TS7026: JSX element implicitly has type 'any' because no interface 'JSX.IntrinsicElements' exists.
src/studio/NotebookDesktop.tsx(233,459): error TS2339: Property 'props' does not exist on type 'NotebookDesktop'.
src/studio/NotebookDesktop.tsx(233,543): error TS2339: Property 'props' does not exist on type 'NotebookDesktop'.
src/studio/NotebookDesktop.tsx(233,575): error TS2339: Property 'props' does not exist on type 'NotebookDesktop'.
src/studio/NotebookDesktop.tsx(233,600): error TS7026: JSX element implicitly has type 'any' because no interface 'JSX.IntrinsicElements' exists.
src/studio/NotebookDesktop.tsx(233,608): error TS7026: JSX element implicitly has type 'any' because no interface 'JSX.IntrinsicElements' exists.
src/studio/NotebookDesktop.tsx(233,636): error TS7026: JSX element implicitly has type 'any' because no interface 'JSX.IntrinsicElements' exists.
src/studio/NotebookDesktop.tsx(233,652): error TS7026: JSX element implicitly has type 'any' because no interface 'JSX.IntrinsicElements' exists.
src/studio/NotebookDesktop.tsx(233,725): error TS7026: JSX element implicitly has type 'any' because no interface 'JSX.IntrinsicElements' exists.
src/studio/NotebookDesktop.tsx(233,783): error TS2339: Property 'props' does not exist on type 'NotebookDesktop'.
src/studio/NotebookDesktop.tsx(233,815): error TS2339: Property 'props' does not exist on type 'NotebookDesktop'.
src/studio/NotebookDesktop.tsx(233,968): error TS7026: JSX element implicitly has type 'any' because no interface 'JSX.IntrinsicElements' exists.
src/studio/NotebookDesktop.tsx(233,979): error TS7026: JSX element implicitly has type 'any' because no interface 'JSX.IntrinsicElements' exists.
src/studio/NotebookDesktop.tsx(233,985): error TS7026: JSX element implicitly has type 'any' because no interface 'JSX.IntrinsicElements' exists.
src/studio/NotebookDesktop.tsx(233,991): error TS7026: JSX element implicitly has type 'any' because no interface 'JSX.IntrinsicElements' exists.
src/studio/NotebookDesktop.tsx(240,12): error TS7026: JSX element implicitly has type 'any' because no interface 'JSX.IntrinsicElements' exists.
src/studio/NotebookDesktop.tsx(240,60): error TS7006: Parameter 'event' implicitly has an 'any' type.
src/studio/NotebookDesktop.tsx(240,135): error TS7026: JSX element implicitly has type 'any' because no interface 'JSX.IntrinsicElements' exists.
src/studio/NotebookDesktop.tsx(240,236): error TS7006: Parameter 'node' implicitly has an 'any' type.
src/studio/NotebookDesktop.tsx(240,278): error TS7006: Parameter 'event' implicitly has an 'any' type.
src/studio/NotebookDesktop.tsx(247,8): error TS7026: JSX element implicitly has type 'any' because no interface 'JSX.IntrinsicElements' exists.
src/studio/NotebookDesktop.tsx(247,65): error TS7026: JSX element implicitly has type 'any' because no interface 'JSX.IntrinsicElements' exists.
src/studio/NotebookDesktop.tsx(247,77): error TS7006: Parameter 'node' implicitly has an 'any' type.
src/studio/NotebookDesktop.tsx(247,403): error TS7006: Parameter 'event' implicitly has an 'any' type.
src/studio/NotebookDesktop.tsx(247,417): error TS2339: Property 'setState' does not exist on type 'NotebookDesktop'.
src/studio/NotebookDesktop.tsx(247,491): error TS7006: Parameter 'event' implicitly has an 'any' type.
src/studio/NotebookDesktop.tsx(248,95): error TS2339: Property 'setState' does not exist on type 'NotebookDesktop'.
src/studio/NotebookDesktop.tsx(250,9): error TS7026: JSX element implicitly has type 'any' because no interface 'JSX.IntrinsicElements' exists.
src/studio/NotebookDesktop.tsx(250,127): error TS7026: JSX element implicitly has type 'any' because no interface 'JSX.IntrinsicElements' exists.
src/studio/NotebookDesktop.tsx(250,136): error TS7026: JSX element implicitly has type 'any' because no interface 'JSX.IntrinsicElements' exists.
src/studio/NotebookDesktop.tsx(250,144): error TS7026: JSX element implicitly has type 'any' because no interface 'JSX.IntrinsicElements' exists.
src/studio/NotebookDesktop.tsx(250,283): error TS7026: JSX element implicitly has type 'any' because no interface 'JSX.IntrinsicElements' exists.
src/studio/NotebookDesktop.tsx(250,485): error TS2339: Property 'setState' does not exist on type 'NotebookDesktop'.
src/studio/NotebookDesktop.tsx(250,689): error TS7026: JSX element implicitly has type 'any' because no interface 'JSX.IntrinsicElements' exists.
src/studio/NotebookDesktop.tsx(250,695): error TS7026: JSX element implicitly has type 'any' because no interface 'JSX.IntrinsicElements' exists.
src/studio/NotebookDesktop.tsx(250,713): error TS7026: JSX element implicitly has type 'any' because no interface 'JSX.IntrinsicElements' exists.
src/studio/NotebookDesktop.tsx(250,717): error TS7026: JSX element implicitly has type 'any' because no interface 'JSX.IntrinsicElements' exists.
src/studio/NotebookDesktop.tsx(250,740): error TS7026: JSX element implicitly has type 'any' because no interface 'JSX.IntrinsicElements' exists.
src/studio/NotebookDesktop.tsx(250,748): error TS7026: JSX element implicitly has type 'any' because no interface 'JSX.IntrinsicElements' exists.
src/studio/NotebookDesktop.tsx(250,755): error TS7026: JSX element implicitly has type 'any' because no interface 'JSX.IntrinsicElements' exists.
src/studio/NotebookDesktop.tsx(250,776): error TS7026: JSX element implicitly has type 'any' because no interface 'JSX.IntrinsicElements' exists.
src/studio/NotebookDesktop.tsx(250,784): error TS7026: JSX element implicitly has type 'any' because no interface 'JSX.IntrinsicElements' exists.
src/studio/NotebookDesktop.tsx(250,815): error TS7026: JSX element implicitly has type 'any' because no interface 'JSX.IntrinsicElements' exists.
src/studio/NotebookDesktop.tsx(250,867): error TS7026: JSX element implicitly has type 'any' because no interface 'JSX.IntrinsicElements' exists.
src/studio/NotebookDesktop.tsx(250,872): error TS7026: JSX element implicitly has type 'any' because no interface 'JSX.IntrinsicElements' exists.
src/studio/NotebookDesktop.tsx(250,878): error TS7026: JSX element implicitly has type 'any' because no interface 'JSX.IntrinsicElements' exists.
src/studio/NotebookDesktop.tsx(250,886): error TS7026: JSX element implicitly has type 'any' because no interface 'JSX.IntrinsicElements' exists.
src/studio/NotebookDesktop.tsx(250,914): error TS7026: JSX element implicitly has type 'any' because no interface 'JSX.IntrinsicElements' exists.
src/studio/NotebookDesktop.tsx(250,921): error TS7026: JSX element implicitly has type 'any' because no interface 'JSX.IntrinsicElements' exists.
src/studio/NotebookDesktop.tsx(250,957): error TS7026: JSX element implicitly has type 'any' because no interface 'JSX.IntrinsicElements' exists.
src/studio/NotebookDesktop.tsx(250,964): error TS7026: JSX element implicitly has type 'any' because no interface 'JSX.IntrinsicElements' exists.
src/studio/NotebookDesktop.tsx(250,973): error TS7026: JSX element implicitly has type 'any' because no interface 'JSX.IntrinsicElements' exists.
src/studio/NotebookDesktop.tsx(250,979): error TS7026: JSX element implicitly has type 'any' because no interface 'JSX.IntrinsicElements' exists.
src/studio/NotebookDesktop.tsx(258,258): error TS7006: Parameter 'value' implicitly has an 'any' type.
src/studio/NotebookDesktop.tsx(259,29): error TS2339: Property 'props' does not exist on type 'NotebookDesktop'.
src/studio/NotebookDesktop.tsx(259,51): error TS2339: Property 'props' does not exist on type 'NotebookDesktop'.
src/studio/NotebookDesktop.tsx(260,12): error TS7026: JSX element implicitly has type 'any' because no interface 'JSX.IntrinsicElements' exists.
src/studio/NotebookDesktop.tsx(260,22): error TS7006: Parameter 'node' implicitly has an 'any' type.
src/studio/NotebookDesktop.tsx(260,89): error TS2339: Property 'props' does not exist on type 'NotebookDesktop'.
src/studio/NotebookDesktop.tsx(261,7): error TS7026: JSX element implicitly has type 'any' because no interface 'JSX.IntrinsicElements' exists.
src/studio/NotebookDesktop.tsx(261,41): error TS7026: JSX element implicitly has type 'any' because no interface 'JSX.IntrinsicElements' exists.
src/studio/NotebookDesktop.tsx(261,97): error TS7026: JSX element implicitly has type 'any' because no interface 'JSX.IntrinsicElements' exists.
src/studio/NotebookDesktop.tsx(261,109): error TS2339: Property 'props' does not exist on type 'NotebookDesktop'.
src/studio/NotebookDesktop.tsx(261,130): error TS7026: JSX element implicitly has type 'any' because no interface 'JSX.IntrinsicElements' exists.
src/studio/NotebookDesktop.tsx(261,137): error TS7026: JSX element implicitly has type 'any' because no interface 'JSX.IntrinsicElements' exists.
src/studio/NotebookDesktop.tsx(261,174): error TS2339: Property 'props' does not exist on type 'NotebookDesktop'.
src/studio/NotebookDesktop.tsx(261,219): error TS2339: Property 'props' does not exist on type 'NotebookDesktop'.
src/studio/NotebookDesktop.tsx(261,272): error TS7026: JSX element implicitly has type 'any' because no interface 'JSX.IntrinsicElements' exists.
src/studio/NotebookDesktop.tsx(261,278): error TS7026: JSX element implicitly has type 'any' because no interface 'JSX.IntrinsicElements' exists.
src/studio/NotebookDesktop.tsx(261,375): error TS7026: JSX element implicitly has type 'any' because no interface 'JSX.IntrinsicElements' exists.
src/studio/NotebookDesktop.tsx(261,397): error TS7026: JSX element implicitly has type 'any' because no interface 'JSX.IntrinsicElements' exists.
src/studio/NotebookDesktop.tsx(261,404): error TS7026: JSX element implicitly has type 'any' because no interface 'JSX.IntrinsicElements' exists.
src/studio/NotebookDesktop.tsx(261,415): error TS7026: JSX element implicitly has type 'any' because no interface 'JSX.IntrinsicElements' exists.
src/studio/NotebookDesktop.tsx(261,421): error TS7026: JSX element implicitly has type 'any' because no interface 'JSX.IntrinsicElements' exists.
src/studio/NotebookDesktop.tsx(261,430): error TS7026: JSX element implicitly has type 'any' because no interface 'JSX.IntrinsicElements' exists.
src/studio/NotebookDesktop.tsx(262,7): error TS7026: JSX element implicitly has type 'any' because no interface 'JSX.IntrinsicElements' exists.
src/studio/NotebookDesktop.tsx(262,35): error TS7026: JSX element implicitly has type 'any' because no interface 'JSX.IntrinsicElements' exists.
src/studio/NotebookDesktop.tsx(262,290): error TS7026: JSX element implicitly has type 'any' because no interface 'JSX.IntrinsicElements' exists.
src/studio/NotebookDesktop.tsx(262,331): error TS2339: Property 'props' does not exist on type 'NotebookDesktop'.
src/studio/NotebookDesktop.tsx(262,370): error TS2339: Property 'props' does not exist on type 'NotebookDesktop'.
src/studio/NotebookDesktop.tsx(262,414): error TS2339: Property 'props' does not exist on type 'NotebookDesktop'.
src/studio/NotebookDesktop.tsx(262,467): error TS2339: Property 'props' does not exist on type 'NotebookDesktop'.
src/studio/NotebookDesktop.tsx(262,550): error TS2339: Property 'props' does not exist on type 'NotebookDesktop'.
src/studio/NotebookDesktop.tsx(262,607): error TS7026: JSX element implicitly has type 'any' because no interface 'JSX.IntrinsicElements' exists.
src/studio/NotebookDesktop.tsx(262,625): error TS7026: JSX element implicitly has type 'any' because no interface 'JSX.IntrinsicElements' exists.
src/studio/NotebookDesktop.tsx(262,632): error TS7026: JSX element implicitly has type 'any' because no interface 'JSX.IntrinsicElements' exists.
src/studio/NotebookDesktop.tsx(262,643): error TS7026: JSX element implicitly has type 'any' because no interface 'JSX.IntrinsicElements' exists.
src/studio/NotebookDesktop.tsx(262,649): error TS7026: JSX element implicitly has type 'any' because no interface 'JSX.IntrinsicElements' exists.
src/studio/NotebookDesktop.tsx(262,692): error TS2339: Property 'props' does not exist on type 'NotebookDesktop'.
src/studio/NotebookDesktop.tsx(262,717): error TS7026: JSX element implicitly has type 'any' because no interface 'JSX.IntrinsicElements' exists.
src/studio/NotebookDesktop.tsx(262,749): error TS7026: JSX element implicitly has type 'any' because no interface 'JSX.IntrinsicElements' exists.
src/studio/NotebookDesktop.tsx(262,891): error TS2339: Property 'props' does not exist on type 'NotebookDesktop'.
src/studio/NotebookDesktop.tsx(262,924): error TS2339: Property 'props' does not exist on type 'NotebookDesktop'.
src/studio/NotebookDesktop.tsx(262,975): error TS7026: JSX element implicitly has type 'any' because no interface 'JSX.IntrinsicElements' exists.
src/studio/NotebookDesktop.tsx(262,984): error TS7026: JSX element implicitly has type 'any' because no interface 'JSX.IntrinsicElements' exists.
src/studio/NotebookDesktop.tsx(262,1129): error TS2339: Property 'props' does not exist on type 'NotebookDesktop'.
src/studio/NotebookDesktop.tsx(262,1159): error TS2339: Property 'props' does not exist on type 'NotebookDesktop'.
src/studio/NotebookDesktop.tsx(262,1181): error TS7026: JSX element implicitly has type 'any' because no interface 'JSX.IntrinsicElements' exists.
src/studio/NotebookDesktop.tsx(262,1190): error TS7026: JSX element implicitly has type 'any' because no interface 'JSX.IntrinsicElements' exists.
src/studio/NotebookDesktop.tsx(262,1199): error TS7026: JSX element implicitly has type 'any' because no interface 'JSX.IntrinsicElements' exists.
src/studio/NotebookDesktop.tsx(262,1382): error TS2339: Property 'props' does not exist on type 'NotebookDesktop'.
src/studio/NotebookDesktop.tsx(262,1434): error TS7026: JSX element implicitly has type 'any' because no interface 'JSX.IntrinsicElements' exists.
src/studio/NotebookDesktop.tsx(262,1444): error TS7026: JSX element implicitly has type 'any' because no interface 'JSX.IntrinsicElements' exists.
src/studio/NotebookDesktop.tsx(262,1516): error TS2339: Property 'props' does not exist on type 'NotebookDesktop'.
src/studio/NotebookDesktop.tsx(262,1542): error TS2339: Property 'props' does not exist on type 'NotebookDesktop'.
src/studio/NotebookDesktop.tsx(262,1585): error TS7026: JSX element implicitly has type 'any' because no interface 'JSX.IntrinsicElements' exists.
src/studio/NotebookDesktop.tsx(262,1595): error TS7026: JSX element implicitly has type 'any' because no interface 'JSX.IntrinsicElements' exists.
src/studio/NotebookDesktop.tsx(262,1602): error TS7026: JSX element implicitly has type 'any' because no interface 'JSX.IntrinsicElements' exists.
src/studio/NotebookDesktop.tsx(262,1611): error TS7026: JSX element implicitly has type 'any' because no interface 'JSX.IntrinsicElements' exists.
src/studio/NotebookDesktop.tsx(262,1713): error TS2339: Property 'props' does not exist on type 'NotebookDesktop'.
src/studio/NotebookDesktop.tsx(262,1752): error TS7026: JSX element implicitly has type 'any' because no interface 'JSX.IntrinsicElements' exists.
src/studio/NotebookDesktop.tsx(263,9): error TS7026: JSX element implicitly has type 'any' because no interface 'JSX.IntrinsicElements' exists.
src/studio/NotebookDesktop.tsx(263,41): error TS7026: JSX element implicitly has type 'any' because no interface 'JSX.IntrinsicElements' exists.
src/studio/NotebookDesktop.tsx(263,184): error TS2339: Property 'setState' does not exist on type 'NotebookDesktop'.
src/studio/NotebookDesktop.tsx(263,319): error TS7026: JSX element implicitly has type 'any' because no interface 'JSX.IntrinsicElements' exists.
src/studio/NotebookDesktop.tsx(263,328): error TS7026: JSX element implicitly has type 'any' because no interface 'JSX.IntrinsicElements' exists.
src/studio/NotebookDesktop.tsx(263,531): error TS7026: JSX element implicitly has type 'any' because no interface 'JSX.IntrinsicElements' exists.
src/studio/NotebookDesktop.tsx(263,540): error TS7026: JSX element implicitly has type 'any' because no interface 'JSX.IntrinsicElements' exists.
src/studio/NotebookDesktop.tsx(263,676): error TS2339: Property 'setState' does not exist on type 'NotebookDesktop'.
src/studio/NotebookDesktop.tsx(263,723): error TS7026: JSX element implicitly has type 'any' because no interface 'JSX.IntrinsicElements' exists.
src/studio/NotebookDesktop.tsx(263,732): error TS7026: JSX element implicitly has type 'any' because no interface 'JSX.IntrinsicElements' exists.
src/studio/NotebookDesktop.tsx(263,764): error TS7026: JSX element implicitly has type 'any' because no interface 'JSX.IntrinsicElements' exists.
src/studio/NotebookDesktop.tsx(263,809): error TS7026: JSX element implicitly has type 'any' because no interface 'JSX.IntrinsicElements' exists.
src/studio/NotebookDesktop.tsx(263,819): error TS7026: JSX element implicitly has type 'any' because no interface 'JSX.IntrinsicElements' exists.
src/studio/NotebookDesktop.tsx(263,824): error TS7026: JSX element implicitly has type 'any' because no interface 'JSX.IntrinsicElements' exists.
src/studio/NotebookDesktop.tsx(263,954): error TS7026: JSX element implicitly has type 'any' because no interface 'JSX.IntrinsicElements' exists.
src/studio/NotebookDesktop.tsx(263,963): error TS7026: JSX element implicitly has type 'any' because no interface 'JSX.IntrinsicElements' exists.
src/studio/NotebookDesktop.tsx(263,1044): error TS7026: JSX element implicitly has type 'any' because no interface 'JSX.IntrinsicElements' exists.
src/studio/NotebookDesktop.tsx(263,1059): error TS2339: Property 'props' does not exist on type 'NotebookDesktop'.
src/studio/NotebookDesktop.tsx(263,1090): error TS2339: Property 'props' does not exist on type 'NotebookDesktop'.
src/studio/NotebookDesktop.tsx(263,1115): error TS7026: JSX element implicitly has type 'any' because no interface 'JSX.IntrinsicElements' exists.
src/studio/NotebookDesktop.tsx(263,1138): error TS2339: Property 'props' does not exist on type 'NotebookDesktop'.
src/studio/NotebookDesktop.tsx(263,1267): error TS2339: Property 'props' does not exist on type 'NotebookDesktop'.
src/studio/NotebookDesktop.tsx(263,1320): error TS7026: JSX element implicitly has type 'any' because no interface 'JSX.IntrinsicElements' exists.
src/studio/NotebookDesktop.tsx(263,1330): error TS7026: JSX element implicitly has type 'any' because no interface 'JSX.IntrinsicElements' exists.
src/studio/NotebookDesktop.tsx(263,1336): error TS7026: JSX element implicitly has type 'any' because no interface 'JSX.IntrinsicElements' exists.
src/studio/NotebookDesktop.tsx(263,1346): error TS7026: JSX element implicitly has type 'any' because no interface 'JSX.IntrinsicElements' exists.
src/studio/NotebookDesktop.tsx(264,7): error TS7026: JSX element implicitly has type 'any' because no interface 'JSX.IntrinsicElements' exists.
src/studio/NotebookDesktop.tsx(265,7): error TS7026: JSX element implicitly has type 'any' because no interface 'JSX.IntrinsicElements' exists.
src/studio/NotebookDesktop.tsx(265,40): error TS7026: JSX element implicitly has type 'any' because no interface 'JSX.IntrinsicElements' exists.
src/studio/NotebookDesktop.tsx(265,80): error TS2339: Property 'props' does not exist on type 'NotebookDesktop'.
src/studio/NotebookDesktop.tsx(265,125): error TS7026: JSX element implicitly has type 'any' because no interface 'JSX.IntrinsicElements' exists.
src/studio/NotebookDesktop.tsx(265,134): error TS2339: Property 'props' does not exist on type 'NotebookDesktop'.
src/studio/NotebookDesktop.tsx(265,153): error TS7026: JSX element implicitly has type 'any' because no interface 'JSX.IntrinsicElements' exists.
src/studio/NotebookDesktop.tsx(265,157): error TS7026: JSX element implicitly has type 'any' because no interface 'JSX.IntrinsicElements' exists.
src/studio/NotebookDesktop.tsx(265,205): error TS2339: Property 'props' does not exist on type 'NotebookDesktop'.
src/studio/NotebookDesktop.tsx(265,232): error TS2339: Property 'props' does not exist on type 'NotebookDesktop'.
src/studio/NotebookDesktop.tsx(265,252): error TS7026: JSX element implicitly has type 'any' because no interface 'JSX.IntrinsicElements' exists.
src/studio/NotebookDesktop.tsx(265,259): error TS7026: JSX element implicitly has type 'any' because no interface 'JSX.IntrinsicElements' exists.
src/studio/NotebookDesktop.tsx(265,298): error TS2339: Property 'props' does not exist on type 'NotebookDesktop'.
src/studio/NotebookDesktop.tsx(265,363): error TS7026: JSX element implicitly has type 'any' because no interface 'JSX.IntrinsicElements' exists.
src/studio/NotebookDesktop.tsx(265,370): error TS7026: JSX element implicitly has type 'any' because no interface 'JSX.IntrinsicElements' exists.
src/studio/NotebookDesktop.tsx(266,30): error TS7026: JSX element implicitly has type 'any' because no interface 'JSX.IntrinsicElements' exists.
src/studio/NotebookDesktop.tsx(266,92): error TS7026: JSX element implicitly has type 'any' because no interface 'JSX.IntrinsicElements' exists.
src/studio/NotebookDesktop.tsx(266,120): error TS2339: Property 'setState' does not exist on type 'NotebookDesktop'.
src/studio/NotebookDesktop.tsx(266,188): error TS7026: JSX element implicitly has type 'any' because no interface 'JSX.IntrinsicElements' exists.
src/studio/NotebookDesktop.tsx(266,197): error TS7026: JSX element implicitly has type 'any' because no interface 'JSX.IntrinsicElements' exists.
src/studio/NotebookDesktop.tsx(267,7): error TS7026: JSX element implicitly has type 'any' because no interface 'JSX.IntrinsicElements' exists.
src/studio/NotebookDesktop.tsx(268,9): error TS7026: JSX element implicitly has type 'any' because no interface 'JSX.IntrinsicElements' exists.
src/studio/NotebookDesktop.tsx(268,121): error TS7026: JSX element implicitly has type 'any' because no interface 'JSX.IntrinsicElements' exists.
src/studio/NotebookDesktop.tsx(268,175): error TS7026: JSX element implicitly has type 'any' because no interface 'JSX.IntrinsicElements' exists.
src/studio/NotebookDesktop.tsx(269,9): error TS7026: JSX element implicitly has type 'any' because no interface 'JSX.IntrinsicElements' exists.
src/studio/NotebookDesktop.tsx(269,77): error TS2339: Property 'props' does not exist on type 'NotebookDesktop'.
src/studio/NotebookDesktop.tsx(269,128): error TS2339: Property 'props' does not exist on type 'NotebookDesktop'.
src/studio/NotebookDesktop.tsx(269,154): error TS7026: JSX element implicitly has type 'any' because no interface 'JSX.IntrinsicElements' exists.
src/studio/NotebookDesktop.tsx(269,188): error TS7026: JSX element implicitly has type 'any' because no interface 'JSX.IntrinsicElements' exists.
src/studio/NotebookDesktop.tsx(269,244): error TS7026: JSX element implicitly has type 'any' because no interface 'JSX.IntrinsicElements' exists.
src/studio/NotebookDesktop.tsx(269,327): error TS7026: JSX element implicitly has type 'any' because no interface 'JSX.IntrinsicElements' exists.
src/studio/NotebookDesktop.tsx(269,334): error TS7026: JSX element implicitly has type 'any' because no interface 'JSX.IntrinsicElements' exists.
src/studio/NotebookDesktop.tsx(269,346): error TS2339: Property 'props' does not exist on type 'NotebookDesktop'.
src/studio/NotebookDesktop.tsx(269,359): error TS7026: JSX element implicitly has type 'any' because no interface 'JSX.IntrinsicElements' exists.
src/studio/NotebookDesktop.tsx(269,390): error TS7026: JSX element implicitly has type 'any' because no interface 'JSX.IntrinsicElements' exists.
src/studio/NotebookDesktop.tsx(270,58): error TS7026: JSX element implicitly has type 'any' because no interface 'JSX.IntrinsicElements' exists.
src/studio/NotebookDesktop.tsx(270,65): error TS7026: JSX element implicitly has type 'any' because no interface 'JSX.IntrinsicElements' exists.
src/studio/NotebookDesktop.tsx(270,179): error TS7026: JSX element implicitly has type 'any' because no interface 'JSX.IntrinsicElements' exists.
src/studio/NotebookDesktop.tsx(271,7): error TS7026: JSX element implicitly has type 'any' because no interface 'JSX.IntrinsicElements' exists.
src/studio/NotebookDesktop.tsx(272,7): error TS7026: JSX element implicitly has type 'any' because no interface 'JSX.IntrinsicElements' exists.
src/studio/NotebookDesktop.tsx(272,38): error TS7026: JSX element implicitly has type 'any' because no interface 'JSX.IntrinsicElements' exists.
src/studio/NotebookDesktop.tsx(272,98): error TS2339: Property 'props' does not exist on type 'NotebookDesktop'.
src/studio/NotebookDesktop.tsx(272,147): error TS7026: JSX element implicitly has type 'any' because no interface 'JSX.IntrinsicElements' exists.
src/studio/NotebookDesktop.tsx(272,181): error TS7026: JSX element implicitly has type 'any' because no interface 'JSX.IntrinsicElements' exists.
src/studio/NotebookDesktop.tsx(272,194): error TS2339: Property 'props' does not exist on type 'NotebookDesktop'.
src/studio/NotebookDesktop.tsx(272,229): error TS7026: JSX element implicitly has type 'any' because no interface 'JSX.IntrinsicElements' exists.
src/studio/NotebookDesktop.tsx(272,236): error TS7026: JSX element implicitly has type 'any' because no interface 'JSX.IntrinsicElements' exists.
src/studio/NotebookDesktop.tsx(272,315): error TS7026: JSX element implicitly has type 'any' because no interface 'JSX.IntrinsicElements' exists.
src/studio/NotebookDesktop.tsx(272,349): error TS7026: JSX element implicitly has type 'any' because no interface 'JSX.IntrinsicElements' exists.
src/studio/NotebookDesktop.tsx(272,362): error TS2339: Property 'props' does not exist on type 'NotebookDesktop'.
src/studio/NotebookDesktop.tsx(272,392): error TS2339: Property 'props' does not exist on type 'NotebookDesktop'.
src/studio/NotebookDesktop.tsx(272,441): error TS7026: JSX element implicitly has type 'any' because no interface 'JSX.IntrinsicElements' exists.
src/studio/NotebookDesktop.tsx(272,448): error TS7026: JSX element implicitly has type 'any' because no interface 'JSX.IntrinsicElements' exists.
src/studio/NotebookDesktop.tsx(273,62): error TS7026: JSX element implicitly has type 'any' because no interface 'JSX.IntrinsicElements' exists.
src/studio/NotebookDesktop.tsx(273,107): error TS7006: Parameter 'e' implicitly has an 'any' type.
src/studio/NotebookDesktop.tsx(273,152): error TS2339: Property 'setState' does not exist on type 'NotebookDesktop'.
src/studio/NotebookDesktop.tsx(273,189): error TS7026: JSX element implicitly has type 'any' because no interface 'JSX.IntrinsicElements' exists.
src/studio/NotebookDesktop.tsx(273,248): error TS7026: JSX element implicitly has type 'any' because no interface 'JSX.IntrinsicElements' exists.
src/studio/NotebookDesktop.tsx(273,254): error TS7026: JSX element implicitly has type 'any' because no interface 'JSX.IntrinsicElements' exists.
src/studio/NotebookDesktop.tsx(274,67): error TS7026: JSX element implicitly has type 'any' because no interface 'JSX.IntrinsicElements' exists.
src/studio/NotebookDesktop.tsx(274,130): error TS7026: JSX element implicitly has type 'any' because no interface 'JSX.IntrinsicElements' exists.
src/studio/NotebookDesktop.tsx(276,5): error TS7026: JSX element implicitly has type 'any' because no interface 'JSX.IntrinsicElements' exists.
src/studio/UiPreview.tsx(1,24): error TS2307: Cannot find module 'react' or its corresponding type declarations.
src/studio/UiPreview.tsx(19,33): error TS7026: JSX element implicitly has type 'any' because no interface 'JSX.IntrinsicElements' exists.
src/studio/UiPreview.tsx(19,33): error TS2875: This JSX tag requires the module path 'react/jsx-runtime' to exist, but none could be found. Make sure you have types for the appropriate package installed.
src/studio/UiPreview.tsx(19,252): error TS7026: JSX element implicitly has type 'any' because no interface 'JSX.IntrinsicElements' exists.
src/studio/UiPreview.tsx(25,12): error TS7026: JSX element implicitly has type 'any' because no interface 'JSX.IntrinsicElements' exists.
src/studio/UiPreview.tsx(25,39): error TS7026: JSX element implicitly has type 'any' because no interface 'JSX.IntrinsicElements' exists.
src/studio/UiPreview.tsx(25,97): error TS2339: Property 'props' does not exist on type 'PreviewEditor'.
src/studio/UiPreview.tsx(25,127): error TS7006: Parameter '_' implicitly has an 'any' type.
src/studio/UiPreview.tsx(25,130): error TS7006: Parameter 'i' implicitly has an 'any' type.
src/studio/UiPreview.tsx(25,136): error TS7026: JSX element implicitly has type 'any' because no interface 'JSX.IntrinsicElements' exists.
src/studio/UiPreview.tsx(25,156): error TS7026: JSX element implicitly has type 'any' because no interface 'JSX.IntrinsicElements' exists.
src/studio/UiPreview.tsx(25,164): error TS7026: JSX element implicitly has type 'any' because no interface 'JSX.IntrinsicElements' exists.
src/studio/UiPreview.tsx(25,170): error TS7026: JSX element implicitly has type 'any' because no interface 'JSX.IntrinsicElements' exists.
src/studio/UiPreview.tsx(25,203): error TS7026: JSX element implicitly has type 'any' because no interface 'JSX.IntrinsicElements' exists.
src/studio/UiPreview.tsx(25,213): error TS7006: Parameter 'node' implicitly has an 'any' type.
src/studio/UiPreview.tsx(25,281): error TS2339: Property 'props' does not exist on type 'PreviewEditor'.
src/studio/UiPreview.tsx(25,301): error TS7026: JSX element implicitly has type 'any' because no interface 'JSX.IntrinsicElements' exists.
src/studio/UiPreview.tsx(25,307): error TS7026: JSX element implicitly has type 'any' because no interface 'JSX.IntrinsicElements' exists.
src/studio/UiPreview.tsx(25,334): error TS2339: Property 'props' does not exist on type 'PreviewEditor'.
src/studio/UiPreview.tsx(25,418): error TS2339: Property 'props' does not exist on type 'PreviewEditor'.
src/studio/UiPreview.tsx(25,442): error TS7006: Parameter 'e' implicitly has an 'any' type.
src/studio/UiPreview.tsx(25,452): error TS2339: Property 'props' does not exist on type 'PreviewEditor'.
src/studio/UiPreview.tsx(25,494): error TS7006: Parameter 'e' implicitly has an 'any' type.
src/studio/UiPreview.tsx(25,642): error TS7006: Parameter 'e' implicitly has an 'any' type.
src/studio/UiPreview.tsx(27,37): error TS2339: Property 'setState' does not exist on type 'PreviewEditor'.
src/studio/UiPreview.tsx(29,29): error TS2339: Property 'props' does not exist on type 'PreviewEditor'.
src/studio/UiPreview.tsx(30,88): error TS2339: Property 'props' does not exist on type 'PreviewEditor'.
src/studio/UiPreview.tsx(31,91): error TS2339: Property 'props' does not exist on type 'PreviewEditor'.
src/studio/UiPreview.tsx(32,78): error TS2339: Property 'props' does not exist on type 'PreviewEditor'.
src/studio/UiPreview.tsx(33,43): error TS2339: Property 'props' does not exist on type 'PreviewEditor'.
src/studio/UiPreview.tsx(34,9): error TS7026: JSX element implicitly has type 'any' because no interface 'JSX.IntrinsicElements' exists.
src/studio/UiPreview.tsx(34,15): error TS7026: JSX element implicitly has type 'any' because no interface 'JSX.IntrinsicElements' exists.
src/studio/UiPreview.tsx(34,67): error TS2339: Property 'setState' does not exist on type 'PreviewEditor'.
src/studio/UiPreview.tsx(34,221): error TS7026: JSX element implicitly has type 'any' because no interface 'JSX.IntrinsicElements' exists.
src/studio/UiPreview.tsx(34,230): error TS7026: JSX element implicitly has type 'any' because no interface 'JSX.IntrinsicElements' exists.
src/studio/UiPreview.tsx(49,25): error TS2339: Property 'props' does not exist on type 'FixtureCanvas'.
src/studio/UiPreview.tsx(49,51): error TS7006: Parameter 'v' implicitly has an 'any' type.
src/studio/UiPreview.tsx(50,30): error TS7006: Parameter 'i' implicitly has an 'any' type.
src/studio/UiPreview.tsx(60,10): error TS2339: Property 'props' does not exist on type 'FixtureCanvas'.
src/studio/UiPreview.tsx(60,38): error TS7006: Parameter 'i' implicitly has an 'any' type.
src/studio/UiPreview.tsx(64,25): error TS2339: Property 'props' does not exist on type 'FixtureCanvas'.
src/studio/UiPreview.tsx(64,51): error TS7006: Parameter 'v' implicitly has an 'any' type.
src/studio/UiPreview.tsx(65,12): error TS7026: JSX element implicitly has type 'any' because no interface 'JSX.IntrinsicElements' exists.
src/studio/UiPreview.tsx(65,22): error TS7006: Parameter 'node' implicitly has an 'any' type.
src/studio/UiPreview.tsx(65,117): error TS7006: Parameter 'i' implicitly has an 'any' type.
src/studio/UiPreview.tsx(65,160): error TS7006: Parameter 'item' implicitly has an 'any' type.
src/studio/UiPreview.tsx(66,22): error TS2339: Property 'props' does not exist on type 'FixtureCanvas'.
src/studio/UiPreview.tsx(66,49): error TS7006: Parameter 'b' implicitly has an 'any' type.
src/studio/UiPreview.tsx(67,14): error TS7026: JSX element implicitly has type 'any' because no interface 'JSX.IntrinsicElements' exists.
src/studio/UiPreview.tsx(67,193): error TS7026: JSX element implicitly has type 'any' because no interface 'JSX.IntrinsicElements' exists.
src/studio/UiPreview.tsx(67,247): error TS7026: JSX element implicitly has type 'any' because no interface 'JSX.IntrinsicElements' exists.
src/studio/UiPreview.tsx(67,255): error TS7026: JSX element implicitly has type 'any' because no interface 'JSX.IntrinsicElements' exists.
src/studio/UiPreview.tsx(67,271): error TS7026: JSX element implicitly has type 'any' because no interface 'JSX.IntrinsicElements' exists.
src/studio/UiPreview.tsx(67,282): error TS7026: JSX element implicitly has type 'any' because no interface 'JSX.IntrinsicElements' exists.
src/studio/UiPreview.tsx(67,290): error TS7026: JSX element implicitly has type 'any' because no interface 'JSX.IntrinsicElements' exists.
src/studio/UiPreview.tsx(67,296): error TS7026: JSX element implicitly has type 'any' because no interface 'JSX.IntrinsicElements' exists.
src/studio/UiPreview.tsx(67,337): error TS2339: Property 'props' does not exist on type 'FixtureCanvas'.
src/studio/UiPreview.tsx(67,358): error TS7026: JSX element implicitly has type 'any' because no interface 'JSX.IntrinsicElements' exists.
src/studio/UiPreview.tsx(67,364): error TS7026: JSX element implicitly has type 'any' because no interface 'JSX.IntrinsicElements' exists.
src/studio/UiPreview.tsx(67,490): error TS7006: Parameter 'e' implicitly has an 'any' type.
src/studio/UiPreview.tsx(70,14): error TS2339: Property 'props' does not exist on type 'FixtureCanvas'.
src/studio/UiPreview.tsx(70,40): error TS7006: Parameter 'i' implicitly has an 'any' type.
src/studio/UiPreview.tsx(71,11): error TS7026: JSX element implicitly has type 'any' because no interface 'JSX.IntrinsicElements' exists.
src/studio/UiPreview.tsx(71,20): error TS7026: JSX element implicitly has type 'any' because no interface 'JSX.IntrinsicElements' exists.
src/studio/UiPreview.tsx(72,8): error TS7026: JSX element implicitly has type 'any' because no interface 'JSX.IntrinsicElements' exists.
src/studio/UiPreview.tsx(83,45): error TS2339: Property 'props' does not exist on type 'UiPreview'.
src/studio/UiPreview.tsx(84,62): error TS2339: Property 'setState' does not exist on type 'UiPreview'.
src/studio/UiPreview.tsx(85,19): error TS2339: Property 'setState' does not exist on type 'UiPreview'.
src/studio/UiPreview.tsx(91,53): error TS2339: Property 'setState' does not exist on type 'UiPreview'.
src/studio/UiPreview.tsx(91,62): error TS7006: Parameter 's' implicitly has an 'any' type.
src/studio/UiPreview.tsx(98,10): error TS2339: Property 'setState' does not exist on type 'UiPreview'.
src/studio/UiPreview.tsx(102,10): error TS2339: Property 'setState' does not exist on type 'UiPreview'.
src/studio/UiPreview.tsx(102,19): error TS7006: Parameter 's' implicitly has an 'any' type.
src/studio/UiPreview.tsx(107,389): error TS7006: Parameter 'i' implicitly has an 'any' type.
src/studio/UiPreview.tsx(108,29): error TS2339: Property 'setState' does not exist on type 'UiPreview'.
src/studio/UiPreview.tsx(112,95): error TS2339: Property 'props' does not exist on type 'UiPreview'.
src/studio/UiPreview.tsx(112,215): error TS2339: Property 'setState' does not exist on type 'UiPreview'.
src/studio/UiPreview.tsx(113,17): error TS2339: Property 'setState' does not exist on type 'UiPreview'.
src/studio/UiPreview.tsx(118,57): error TS7026: JSX element implicitly has type 'any' because no interface 'JSX.IntrinsicElements' exists.
src/studio/UiPreview.tsx(118,86): error TS7026: JSX element implicitly has type 'any' because no interface 'JSX.IntrinsicElements' exists.
src/studio/UiPreview.tsx(118,106): error TS7026: JSX element implicitly has type 'any' because no interface 'JSX.IntrinsicElements' exists.
src/studio/UiPreview.tsx(118,111): error TS7026: JSX element implicitly has type 'any' because no interface 'JSX.IntrinsicElements' exists.
src/studio/UiPreview.tsx(118,131): error TS7026: JSX element implicitly has type 'any' because no interface 'JSX.IntrinsicElements' exists.
src/studio/UiPreview.tsx(118,163): error TS7026: JSX element implicitly has type 'any' because no interface 'JSX.IntrinsicElements' exists.
src/studio/UiPreview.tsx(118,186): error TS7026: JSX element implicitly has type 'any' because no interface 'JSX.IntrinsicElements' exists.
src/studio/UiPreview.tsx(118,199): error TS7026: JSX element implicitly has type 'any' because no interface 'JSX.IntrinsicElements' exists.
src/studio/UiPreview.tsx(118,204): error TS7026: JSX element implicitly has type 'any' because no interface 'JSX.IntrinsicElements' exists.
src/studio/UiPreview.tsx(118,215): error TS7026: JSX element implicitly has type 'any' because no interface 'JSX.IntrinsicElements' exists.
src/studio/UiPreview.tsx(118,219): error TS7026: JSX element implicitly has type 'any' because no interface 'JSX.IntrinsicElements' exists.
src/studio/UiPreview.tsx(118,231): error TS7026: JSX element implicitly has type 'any' because no interface 'JSX.IntrinsicElements' exists.
src/studio/UiPreview.tsx(118,267): error TS7026: JSX element implicitly has type 'any' because no interface 'JSX.IntrinsicElements' exists.
src/studio/UiPreview.tsx(118,277): error TS7026: JSX element implicitly has type 'any' because no interface 'JSX.IntrinsicElements' exists.
src/studio/UiPreview.tsx(118,281): error TS7026: JSX element implicitly has type 'any' because no interface 'JSX.IntrinsicElements' exists.
src/studio/UiPreview.tsx(118,510): error TS7026: JSX element implicitly has type 'any' because no interface 'JSX.IntrinsicElements' exists.
src/studio/UiPreview.tsx(118,516): error TS7026: JSX element implicitly has type 'any' because no interface 'JSX.IntrinsicElements' exists.
src/studio/UiPreview.tsx(118,564): error TS7026: JSX element implicitly has type 'any' because no interface 'JSX.IntrinsicElements' exists.
src/studio/UiPreview.tsx(118,572): error TS7026: JSX element implicitly has type 'any' because no interface 'JSX.IntrinsicElements' exists.
src/studio/UiPreview.tsx(118,578): error TS7026: JSX element implicitly has type 'any' because no interface 'JSX.IntrinsicElements' exists.
src/studio/UiPreview.tsx(118,594): error TS7026: JSX element implicitly has type 'any' because no interface 'JSX.IntrinsicElements' exists.
src/studio/UiPreview.tsx(118,599): error TS7026: JSX element implicitly has type 'any' because no interface 'JSX.IntrinsicElements' exists.
src/studio/UiPreview.tsx(118,789): error TS7026: JSX element implicitly has type 'any' because no interface 'JSX.IntrinsicElements' exists.
src/studio/UiPreview.tsx(118,793): error TS7026: JSX element implicitly has type 'any' because no interface 'JSX.IntrinsicElements' exists.
src/studio/UiPreview.tsx(119,68): error TS7026: JSX element implicitly has type 'any' because no interface 'JSX.IntrinsicElements' exists.
src/studio/UiPreview.tsx(119,97): error TS7026: JSX element implicitly has type 'any' because no interface 'JSX.IntrinsicElements' exists.
src/studio/UiPreview.tsx(119,124): error TS7026: JSX element implicitly has type 'any' because no interface 'JSX.IntrinsicElements' exists.
src/studio/UiPreview.tsx(119,129): error TS7026: JSX element implicitly has type 'any' because no interface 'JSX.IntrinsicElements' exists.
src/studio/UiPreview.tsx(119,182): error TS7026: JSX element implicitly has type 'any' because no interface 'JSX.IntrinsicElements' exists.
src/studio/UiPreview.tsx(119,186): error TS7026: JSX element implicitly has type 'any' because no interface 'JSX.IntrinsicElements' exists.
src/studio/UiPreview.tsx(119,236): error TS2339: Property 'setState' does not exist on type 'UiPreview'.
src/studio/UiPreview.tsx(119,322): error TS7026: JSX element implicitly has type 'any' because no interface 'JSX.IntrinsicElements' exists.
src/studio/UiPreview.tsx(119,352): error TS7026: JSX element implicitly has type 'any' because no interface 'JSX.IntrinsicElements' exists.
src/studio/UiPreview.tsx(119,394): error TS7026: JSX element implicitly has type 'any' because no interface 'JSX.IntrinsicElements' exists.
src/studio/UiPreview.tsx(119,399): error TS7026: JSX element implicitly has type 'any' because no interface 'JSX.IntrinsicElements' exists.
src/studio/UiPreview.tsx(119,404): error TS7026: JSX element implicitly has type 'any' because no interface 'JSX.IntrinsicElements' exists.
src/studio/UiPreview.tsx(119,425): error TS7026: JSX element implicitly has type 'any' because no interface 'JSX.IntrinsicElements' exists.
src/studio/UiPreview.tsx(119,430): error TS7026: JSX element implicitly has type 'any' because no interface 'JSX.IntrinsicElements' exists.
src/studio/UiPreview.tsx(119,576): error TS7026: JSX element implicitly has type 'any' because no interface 'JSX.IntrinsicElements' exists.
src/studio/UiPreview.tsx(119,580): error TS7026: JSX element implicitly has type 'any' because no interface 'JSX.IntrinsicElements' exists.
src/studio/UiPreview.tsx(120,59): error TS7026: JSX element implicitly has type 'any' because no interface 'JSX.IntrinsicElements' exists.
src/studio/UiPreview.tsx(120,88): error TS7026: JSX element implicitly has type 'any' because no interface 'JSX.IntrinsicElements' exists.
src/studio/UiPreview.tsx(120,112): error TS7026: JSX element implicitly has type 'any' because no interface 'JSX.IntrinsicElements' exists.
src/studio/UiPreview.tsx(120,150): error TS7026: JSX element implicitly has type 'any' because no interface 'JSX.IntrinsicElements' exists.
src/studio/UiPreview.tsx(120,235): error TS7026: JSX element implicitly has type 'any' because no interface 'JSX.IntrinsicElements' exists.
src/studio/UiPreview.tsx(120,247): error TS7026: JSX element implicitly has type 'any' because no interface 'JSX.IntrinsicElements' exists.
src/studio/UiPreview.tsx(120,251): error TS7026: JSX element implicitly has type 'any' because no interface 'JSX.IntrinsicElements' exists.
src/studio/UiPreview.tsx(120,309): error TS7026: JSX element implicitly has type 'any' because no interface 'JSX.IntrinsicElements' exists.
src/studio/UiPreview.tsx(120,317): error TS7026: JSX element implicitly has type 'any' because no interface 'JSX.IntrinsicElements' exists.
src/studio/UiPreview.tsx(120,328): error TS7026: JSX element implicitly has type 'any' because no interface 'JSX.IntrinsicElements' exists.
src/studio/UiPreview.tsx(121,71): error TS7026: JSX element implicitly has type 'any' because no interface 'JSX.IntrinsicElements' exists.
src/studio/UiPreview.tsx(121,99): error TS7026: JSX element implicitly has type 'any' because no interface 'JSX.IntrinsicElements' exists.
src/studio/UiPreview.tsx(121,132): error TS7026: JSX element implicitly has type 'any' because no interface 'JSX.IntrinsicElements' exists.
src/studio/UiPreview.tsx(121,139): error TS7026: JSX element implicitly has type 'any' because no interface 'JSX.IntrinsicElements' exists.
src/studio/UiPreview.tsx(121,180): error TS7026: JSX element implicitly has type 'any' because no interface 'JSX.IntrinsicElements' exists.
src/studio/UiPreview.tsx(121,185): error TS7026: JSX element implicitly has type 'any' because no interface 'JSX.IntrinsicElements' exists.
src/studio/UiPreview.tsx(121,332): error TS7026: JSX element implicitly has type 'any' because no interface 'JSX.IntrinsicElements' exists.
src/studio/UiPreview.tsx(121,336): error TS7026: JSX element implicitly has type 'any' because no interface 'JSX.IntrinsicElements' exists.
src/studio/UiPreview.tsx(121,341): error TS7026: JSX element implicitly has type 'any' because no interface 'JSX.IntrinsicElements' exists.
src/studio/UiPreview.tsx(121,361): error TS7026: JSX element implicitly has type 'any' because no interface 'JSX.IntrinsicElements' exists.
src/studio/UiPreview.tsx(121,368): error TS7026: JSX element implicitly has type 'any' because no interface 'JSX.IntrinsicElements' exists.
src/studio/UiPreview.tsx(121,383): error TS7026: JSX element implicitly has type 'any' because no interface 'JSX.IntrinsicElements' exists.
src/studio/UiPreview.tsx(121,387): error TS7026: JSX element implicitly has type 'any' because no interface 'JSX.IntrinsicElements' exists.
src/studio/UiPreview.tsx(121,393): error TS7026: JSX element implicitly has type 'any' because no interface 'JSX.IntrinsicElements' exists.
src/studio/UiPreview.tsx(121,398): error TS7026: JSX element implicitly has type 'any' because no interface 'JSX.IntrinsicElements' exists.
src/studio/UiPreview.tsx(121,417): error TS7026: JSX element implicitly has type 'any' because no interface 'JSX.IntrinsicElements' exists.
src/studio/UiPreview.tsx(121,424): error TS7026: JSX element implicitly has type 'any' because no interface 'JSX.IntrinsicElements' exists.
src/studio/UiPreview.tsx(121,439): error TS7026: JSX element implicitly has type 'any' because no interface 'JSX.IntrinsicElements' exists.
src/studio/UiPreview.tsx(121,443): error TS7026: JSX element implicitly has type 'any' because no interface 'JSX.IntrinsicElements' exists.
src/studio/UiPreview.tsx(121,449): error TS7026: JSX element implicitly has type 'any' because no interface 'JSX.IntrinsicElements' exists.
src/studio/UiPreview.tsx(121,458): error TS7026: JSX element implicitly has type 'any' because no interface 'JSX.IntrinsicElements' exists.
src/studio/UiPreview.tsx(121,489): error TS7026: JSX element implicitly has type 'any' because no interface 'JSX.IntrinsicElements' exists.
src/studio/UiPreview.tsx(121,552): error TS7026: JSX element implicitly has type 'any' because no interface 'JSX.IntrinsicElements' exists.
src/studio/UiPreview.tsx(121,624): error TS7026: JSX element implicitly has type 'any' because no interface 'JSX.IntrinsicElements' exists.
src/studio/UiPreview.tsx(121,631): error TS7026: JSX element implicitly has type 'any' because no interface 'JSX.IntrinsicElements' exists.
src/studio/UiPreview.tsx(121,637): error TS7026: JSX element implicitly has type 'any' because no interface 'JSX.IntrinsicElements' exists.
src/studio/UiPreview.tsx(121,665): error TS7026: JSX element implicitly has type 'any' because no interface 'JSX.IntrinsicElements' exists.
src/studio/UiPreview.tsx(121,672): error TS7026: JSX element implicitly has type 'any' because no interface 'JSX.IntrinsicElements' exists.
src/studio/UiPreview.tsx(121,714): error TS7026: JSX element implicitly has type 'any' because no interface 'JSX.IntrinsicElements' exists.
src/studio/UiPreview.tsx(121,729): error TS7026: JSX element implicitly has type 'any' because no interface 'JSX.IntrinsicElements' exists.
src/studio/UiPreview.tsx(121,813): error TS7026: JSX element implicitly has type 'any' because no interface 'JSX.IntrinsicElements' exists.
src/studio/UiPreview.tsx(121,821): error TS7026: JSX element implicitly has type 'any' because no interface 'JSX.IntrinsicElements' exists.
src/studio/UiPreview.tsx(121,828): error TS7026: JSX element implicitly has type 'any' because no interface 'JSX.IntrinsicElements' exists.
src/studio/UiPreview.tsx(121,833): error TS7026: JSX element implicitly has type 'any' because no interface 'JSX.IntrinsicElements' exists.
src/studio/UiPreview.tsx(121,841): error TS7026: JSX element implicitly has type 'any' because no interface 'JSX.IntrinsicElements' exists.
src/studio/UiPreview.tsx(121,875): error TS7026: JSX element implicitly has type 'any' because no interface 'JSX.IntrinsicElements' exists.
src/studio/UiPreview.tsx(121,919): error TS7026: JSX element implicitly has type 'any' because no interface 'JSX.IntrinsicElements' exists.
src/studio/UiPreview.tsx(121,934): error TS7026: JSX element implicitly has type 'any' because no interface 'JSX.IntrinsicElements' exists.
src/studio/UiPreview.tsx(121,941): error TS7026: JSX element implicitly has type 'any' because no interface 'JSX.IntrinsicElements' exists.
src/studio/UiPreview.tsx(121,948): error TS7026: JSX element implicitly has type 'any' because no interface 'JSX.IntrinsicElements' exists.
src/studio/UiPreview.tsx(121,956): error TS7026: JSX element implicitly has type 'any' because no interface 'JSX.IntrinsicElements' exists.
src/studio/UiPreview.tsx(121,964): error TS7026: JSX element implicitly has type 'any' because no interface 'JSX.IntrinsicElements' exists.
src/studio/UiPreview.tsx(121,1029): error TS7026: JSX element implicitly has type 'any' because no interface 'JSX.IntrinsicElements' exists.
src/studio/UiPreview.tsx(121,1069): error TS7026: JSX element implicitly has type 'any' because no interface 'JSX.IntrinsicElements' exists.
src/studio/UiPreview.tsx(121,1076): error TS7026: JSX element implicitly has type 'any' because no interface 'JSX.IntrinsicElements' exists.
src/studio/UiPreview.tsx(121,1082): error TS7026: JSX element implicitly has type 'any' because no interface 'JSX.IntrinsicElements' exists.
src/studio/UiPreview.tsx(124,56): error TS7026: JSX element implicitly has type 'any' because no interface 'JSX.IntrinsicElements' exists.
src/studio/UiPreview.tsx(124,86): error TS7026: JSX element implicitly has type 'any' because no interface 'JSX.IntrinsicElements' exists.
src/studio/UiPreview.tsx(124,156): error TS7006: Parameter 'e' implicitly has an 'any' type.
src/studio/UiPreview.tsx(124,207): error TS7026: JSX element implicitly has type 'any' because no interface 'JSX.IntrinsicElements' exists.
src/studio/UiPreview.tsx(124,257): error TS2339: Property 'setState' does not exist on type 'UiPreview'.
src/studio/UiPreview.tsx(124,301): error TS7026: JSX element implicitly has type 'any' because no interface 'JSX.IntrinsicElements' exists.
src/studio/UiPreview.tsx(124,310): error TS7026: JSX element implicitly has type 'any' because no interface 'JSX.IntrinsicElements' exists.
src/studio/UiPreview.tsx(124,319): error TS7026: JSX element implicitly has type 'any' because no interface 'JSX.IntrinsicElements' exists.
src/studio/UiPreview.tsx(124,374): error TS2339: Property 'setState' does not exist on type 'UiPreview'.
src/studio/UiPreview.tsx(124,487): error TS7026: JSX element implicitly has type 'any' because no interface 'JSX.IntrinsicElements' exists.
src/studio/UiPreview.tsx(124,514): error TS7026: JSX element implicitly has type 'any' because no interface 'JSX.IntrinsicElements' exists.
src/studio/UiPreview.tsx(124,522): error TS7026: JSX element implicitly has type 'any' because no interface 'JSX.IntrinsicElements' exists.
src/studio/UiPreview.tsx(124,539): error TS7026: JSX element implicitly has type 'any' because no interface 'JSX.IntrinsicElements' exists.
src/studio/UiPreview.tsx(124,545): error TS7026: JSX element implicitly has type 'any' because no interface 'JSX.IntrinsicElements' exists.
src/studio/UiPreview.tsx(124,598): error TS2339: Property 'setState' does not exist on type 'UiPreview'.
src/studio/UiPreview.tsx(124,643): error TS7026: JSX element implicitly has type 'any' because no interface 'JSX.IntrinsicElements' exists.
src/studio/UiPreview.tsx(124,652): error TS7026: JSX element implicitly has type 'any' because no interface 'JSX.IntrinsicElements' exists.
src/studio/UiPreview.tsx(125,22): error TS7026: JSX element implicitly has type 'any' because no interface 'JSX.IntrinsicElements' exists.
src/studio/UiPreview.tsx(125,27): error TS7026: JSX element implicitly has type 'any' because no interface 'JSX.IntrinsicElements' exists.
src/studio/UiPreview.tsx(125,54): error TS7026: JSX element implicitly has type 'any' because no interface 'JSX.IntrinsicElements' exists.
src/studio/UiPreview.tsx(125,60): error TS7026: JSX element implicitly has type 'any' because no interface 'JSX.IntrinsicElements' exists.
src/studio/UiPreview.tsx(125,132): error TS7026: JSX element implicitly has type 'any' because no interface 'JSX.IntrinsicElements' exists.
src/studio/UiPreview.tsx(125,221): error TS7026: JSX element implicitly has type 'any' because no interface 'JSX.IntrinsicElements' exists.
src/studio/UiPreview.tsx(125,228): error TS7026: JSX element implicitly has type 'any' because no interface 'JSX.IntrinsicElements' exists.
src/studio/UiPreview.tsx(125,266): error TS7026: JSX element implicitly has type 'any' because no interface 'JSX.IntrinsicElements' exists.
src/studio/UiPreview.tsx(125,274): error TS7026: JSX element implicitly has type 'any' because no interface 'JSX.IntrinsicElements' exists.
src/studio/UiPreview.tsx(125,402): error TS7006: Parameter 'source' implicitly has an 'any' type.
src/studio/UiPreview.tsx(125,450): error TS7026: JSX element implicitly has type 'any' because no interface 'JSX.IntrinsicElements' exists.
src/studio/UiPreview.tsx(125,482): error TS7026: JSX element implicitly has type 'any' because no interface 'JSX.IntrinsicElements' exists.
src/studio/UiPreview.tsx(125,508): error TS7026: JSX element implicitly has type 'any' because no interface 'JSX.IntrinsicElements' exists.
src/studio/UiPreview.tsx(125,515): error TS7026: JSX element implicitly has type 'any' because no interface 'JSX.IntrinsicElements' exists.
src/studio/UiPreview.tsx(125,547): error TS7026: JSX element implicitly has type 'any' because no interface 'JSX.IntrinsicElements' exists.
src/studio/UiPreview.tsx(125,554): error TS7026: JSX element implicitly has type 'any' because no interface 'JSX.IntrinsicElements' exists.
src/studio/UiPreview.tsx(125,560): error TS7026: JSX element implicitly has type 'any' because no interface 'JSX.IntrinsicElements' exists.
src/studio/UiPreview.tsx(126,12): error TS7026: JSX element implicitly has type 'any' because no interface 'JSX.IntrinsicElements' exists.
src/studio/UiPreview.tsx(126,107): error TS7026: JSX element implicitly has type 'any' because no interface 'JSX.IntrinsicElements' exists.
src/studio/UiPreview.tsx(126,140): error TS7026: JSX element implicitly has type 'any' because no interface 'JSX.IntrinsicElements' exists.
src/studio/UiPreview.tsx(126,292): error TS7026: JSX element implicitly has type 'any' because no interface 'JSX.IntrinsicElements' exists.
src/studio/UiPreview.tsx(126,308): error TS7026: JSX element implicitly has type 'any' because no interface 'JSX.IntrinsicElements' exists.
src/studio/UiPreview.tsx(126,312): error TS7026: JSX element implicitly has type 'any' because no interface 'JSX.IntrinsicElements' exists.
src/studio/UiPreview.tsx(126,318): error TS7026: JSX element implicitly has type 'any' because no interface 'JSX.IntrinsicElements' exists.
src/studio/UiPreview.tsx(126,349): error TS7026: JSX element implicitly has type 'any' because no interface 'JSX.IntrinsicElements' exists.
src/studio/UiPreview.tsx(126,448): error TS7026: JSX element implicitly has type 'any' because no interface 'JSX.IntrinsicElements' exists.
src/studio/UiPreview.tsx(126,455): error TS7026: JSX element implicitly has type 'any' because no interface 'JSX.IntrinsicElements' exists.
src/studio/UiPreview.tsx(126,461): error TS7026: JSX element implicitly has type 'any' because no interface 'JSX.IntrinsicElements' exists.
src/studio/UiPreview.tsx(126,470): error TS7026: JSX element implicitly has type 'any' because no interface 'JSX.IntrinsicElements' exists.
src/studio/UiPreview.tsx(126,507): error TS7026: JSX element implicitly has type 'any' because no interface 'JSX.IntrinsicElements' exists.
src/studio/UiPreview.tsx(126,513): error TS7026: JSX element implicitly has type 'any' because no interface 'JSX.IntrinsicElements' exists.
src/studio/UiPreview.tsx(131,61): error TS2339: Property 'props' does not exist on type 'UiPreview'.
src/studio/UiPreview.tsx(132,86): error TS7006: Parameter 'layout' implicitly has an 'any' type.
src/studio/UiPreview.tsx(133,17): error TS7006: Parameter 'mode' implicitly has an 'any' type.
src/studio/UiPreview.tsx(133,140): error TS2339: Property 'setState' does not exist on type 'UiPreview'.
src/studio/UiPreview.tsx(133,170): error TS7006: Parameter 'selected' implicitly has an 'any' type.
src/studio/UiPreview.tsx(133,187): error TS2339: Property 'setState' does not exist on type 'UiPreview'.
src/studio/UiPreview.tsx(133,220): error TS7006: Parameter 'name' implicitly has an 'any' type.
src/studio/UiPreview.tsx(133,475): error TS2339: Property 'setState' does not exist on type 'UiPreview'.
src/studio/UiPreview.tsx(134,12): error TS7026: JSX element implicitly has type 'any' because no interface 'JSX.IntrinsicElements' exists.
src/studio/UiPreview.tsx(134,36): error TS7026: JSX element implicitly has type 'any' because no interface 'JSX.IntrinsicElements' exists.
src/studio/UiPreview.tsx(134,70): error TS7026: JSX element implicitly has type 'any' because no interface 'JSX.IntrinsicElements' exists.
src/studio/UiPreview.tsx(134,96): error TS7026: JSX element implicitly has type 'any' because no interface 'JSX.IntrinsicElements' exists.
src/studio/UiPreview.tsx(134,128): error TS7026: JSX element implicitly has type 'any' because no interface 'JSX.IntrinsicElements' exists.
src/studio/UiPreview.tsx(134,132): error TS7026: JSX element implicitly has type 'any' because no interface 'JSX.IntrinsicElements' exists.
src/studio/UiPreview.tsx(134,136): error TS7026: JSX element implicitly has type 'any' because no interface 'JSX.IntrinsicElements' exists.
src/studio/UiPreview.tsx(134,140): error TS7026: JSX element implicitly has type 'any' because no interface 'JSX.IntrinsicElements' exists.
src/studio/UiPreview.tsx(134,144): error TS7026: JSX element implicitly has type 'any' because no interface 'JSX.IntrinsicElements' exists.
src/studio/UiPreview.tsx(134,151): error TS7026: JSX element implicitly has type 'any' because no interface 'JSX.IntrinsicElements' exists.
src/studio/UiPreview.tsx(134,162): error TS7026: JSX element implicitly has type 'any' because no interface 'JSX.IntrinsicElements' exists.
src/studio/UiPreview.tsx(134,166): error TS7026: JSX element implicitly has type 'any' because no interface 'JSX.IntrinsicElements' exists.
src/studio/UiPreview.tsx(134,178): error TS7026: JSX element implicitly has type 'any' because no interface 'JSX.IntrinsicElements' exists.
src/studio/UiPreview.tsx(134,185): error TS7026: JSX element implicitly has type 'any' because no interface 'JSX.IntrinsicElements' exists.
src/studio/UiPreview.tsx(134,198): error TS2339: Property 'props' does not exist on type 'UiPreview'.
src/studio/UiPreview.tsx(134,250): error TS7026: JSX element implicitly has type 'any' because no interface 'JSX.IntrinsicElements' exists.
src/studio/UiPreview.tsx(134,258): error TS7026: JSX element implicitly has type 'any' because no interface 'JSX.IntrinsicElements' exists.
src/studio/UiPreview.tsx(134,264): error TS7026: JSX element implicitly has type 'any' because no interface 'JSX.IntrinsicElements' exists.
src/studio/UiPreview.tsx(134,299): error TS7026: JSX element implicitly has type 'any' because no interface 'JSX.IntrinsicElements' exists.
src/studio/UiPreview.tsx(134,428): error TS7026: JSX element implicitly has type 'any' because no interface 'JSX.IntrinsicElements' exists.
src/studio/UiPreview.tsx(134,437): error TS7026: JSX element implicitly has type 'any' because no interface 'JSX.IntrinsicElements' exists.
src/studio/UiPreview.tsx(134,581): error TS7026: JSX element implicitly has type 'any' because no interface 'JSX.IntrinsicElements' exists.
src/studio/UiPreview.tsx(134,590): error TS7026: JSX element implicitly has type 'any' because no interface 'JSX.IntrinsicElements' exists.
src/studio/UiPreview.tsx(134,711): error TS7026: JSX element implicitly has type 'any' because no interface 'JSX.IntrinsicElements' exists.
src/studio/UiPreview.tsx(134,720): error TS7026: JSX element implicitly has type 'any' because no interface 'JSX.IntrinsicElements' exists.
src/studio/UiPreview.tsx(134,726): error TS7026: JSX element implicitly has type 'any' because no interface 'JSX.IntrinsicElements' exists.
src/studio/UiPreview.tsx(134,755): error TS7026: JSX element implicitly has type 'any' because no interface 'JSX.IntrinsicElements' exists.
src/studio/UiPreview.tsx(134,761): error TS7026: JSX element implicitly has type 'any' because no interface 'JSX.IntrinsicElements' exists.
src/studio/UiPreview.tsx(134,770): error TS7026: JSX element implicitly has type 'any' because no interface 'JSX.IntrinsicElements' exists.
src/studio/UiPreview.tsx(134,834): error TS7026: JSX element implicitly has type 'any' because no interface 'JSX.IntrinsicElements' exists.
src/studio/UiPreview.tsx(134,840): error TS7026: JSX element implicitly has type 'any' because no interface 'JSX.IntrinsicElements' exists.
src/studio/UiPreview.tsx(134,859): error TS7026: JSX element implicitly has type 'any' because no interface 'JSX.IntrinsicElements' exists.
src/studio/UiPreview.tsx(134,984): error TS7026: JSX element implicitly has type 'any' because no interface 'JSX.IntrinsicElements' exists.
src/studio/UiPreview.tsx(134,991): error TS7026: JSX element implicitly has type 'any' because no interface 'JSX.IntrinsicElements' exists.
src/studio/UiPreview.tsx(134,1000): error TS7026: JSX element implicitly has type 'any' because no interface 'JSX.IntrinsicElements' exists.
src/studio/UiPreview.tsx(134,1014): error TS7026: JSX element implicitly has type 'any' because no interface 'JSX.IntrinsicElements' exists.
src/studio/UiPreview.tsx(134,1024): error TS7026: JSX element implicitly has type 'any' because no interface 'JSX.IntrinsicElements' exists.
src/studio/UiPreview.tsx(134,1341): error TS7026: JSX element implicitly has type 'any' because no interface 'JSX.IntrinsicElements' exists.
src/studio/UiPreview.tsx(134,1347): error TS7026: JSX element implicitly has type 'any' because no interface 'JSX.IntrinsicElements' exists.
src/studio/UiPreview.tsx(134,1357): error TS7026: JSX element implicitly has type 'any' because no interface 'JSX.IntrinsicElements' exists.
src/studio/UiPreview.tsx(134,1385): error TS7026: JSX element implicitly has type 'any' because no interface 'JSX.IntrinsicElements' exists.
src/studio/UiPreview.tsx(134,1426): error TS7026: JSX element implicitly has type 'any' because no interface 'JSX.IntrinsicElements' exists.
src/studio/UiPreview.tsx(134,1451): error TS7026: JSX element implicitly has type 'any' because no interface 'JSX.IntrinsicElements' exists.
src/studio/UiPreview.tsx(134,1458): error TS7026: JSX element implicitly has type 'any' because no interface 'JSX.IntrinsicElements' exists.
src/studio/UiPreview.tsx(134,1486): error TS2339: Property 'setState' does not exist on type 'UiPreview'.
src/studio/UiPreview.tsx(134,1576): error TS7026: JSX element implicitly has type 'any' because no interface 'JSX.IntrinsicElements' exists.
src/studio/UiPreview.tsx(134,1585): error TS7026: JSX element implicitly has type 'any' because no interface 'JSX.IntrinsicElements' exists.
src/studio/UiPreview.tsx(135,7): error TS7026: JSX element implicitly has type 'any' because no interface 'JSX.IntrinsicElements' exists.
src/studio/UiPreview.tsx(135,38): error TS2339: Property 'props' does not exist on type 'UiPreview'.
src/studio/UiPreview.tsx(135,76): error TS2322: Type '{ key: string; project: LabProject; restoreError: string; ownerTitle: string; preview: true; onSave: () => void; notebookContent: any; onChange: (project: LabProject) => void; }' is not assignable to type 'AnalyticsWorkbenchProps'.
  Property 'key' does not exist on type 'AnalyticsWorkbenchProps'.
src/studio/UiPreview.tsx(137,69): error TS2339: Property 'setState' does not exist on type 'UiPreview'.
src/studio/UiPreview.tsx(139,24): error TS7026: JSX element implicitly has type 'any' because no interface 'JSX.IntrinsicElements' exists.
src/studio/UiPreview.tsx(140,5): error TS7026: JSX element implicitly has type 'any' because no interface 'JSX.IntrinsicElements' exists.
src/studio/analytics/AnalyticsWorkbench.tsx(1,24): error TS2307: Cannot find module 'react' or its corresponding type declarations.
src/studio/analytics/AnalyticsWorkbench.tsx(32,118): error TS7006: Parameter 'p' implicitly has an 'any' type.
src/studio/analytics/AnalyticsWorkbench.tsx(43,57): error TS7026: JSX element implicitly has type 'any' because no interface 'JSX.IntrinsicElements' exists.
src/studio/analytics/AnalyticsWorkbench.tsx(43,110): error TS7026: JSX element implicitly has type 'any' because no interface 'JSX.IntrinsicElements' exists.
src/studio/analytics/AnalyticsWorkbench.tsx(43,117): error TS7026: JSX element implicitly has type 'any' because no interface 'JSX.IntrinsicElements' exists.
src/studio/analytics/AnalyticsWorkbench.tsx(43,143): error TS7026: JSX element implicitly has type 'any' because no interface 'JSX.IntrinsicElements' exists.
src/studio/analytics/AnalyticsWorkbench.tsx(43,172): error TS7026: JSX element implicitly has type 'any' because no interface 'JSX.IntrinsicElements' exists.
src/studio/analytics/AnalyticsWorkbench.tsx(43,177): error TS7026: JSX element implicitly has type 'any' because no interface 'JSX.IntrinsicElements' exists.
src/studio/analytics/AnalyticsWorkbench.tsx(43,287): error TS7026: JSX element implicitly has type 'any' because no interface 'JSX.IntrinsicElements' exists.
src/studio/analytics/AnalyticsWorkbench.tsx(43,291): error TS7026: JSX element implicitly has type 'any' because no interface 'JSX.IntrinsicElements' exists.
src/studio/analytics/AnalyticsWorkbench.tsx(43,366): error TS7026: JSX element implicitly has type 'any' because no interface 'JSX.IntrinsicElements' exists.
src/studio/analytics/AnalyticsWorkbench.tsx(43,375): error TS7026: JSX element implicitly has type 'any' because no interface 'JSX.IntrinsicElements' exists.
src/studio/analytics/AnalyticsWorkbench.tsx(53,10): error TS7026: JSX element implicitly has type 'any' because no interface 'JSX.IntrinsicElements' exists.
src/studio/analytics/AnalyticsWorkbench.tsx(53,10): error TS2875: This JSX tag requires the module path 'react/jsx-runtime' to exist, but none could be found. Make sure you have types for the appropriate package installed.
src/studio/analytics/AnalyticsWorkbench.tsx(54,16): error TS7026: JSX element implicitly has type 'any' because no interface 'JSX.IntrinsicElements' exists.
src/studio/analytics/AnalyticsWorkbench.tsx(54,44): error TS7026: JSX element implicitly has type 'any' because no interface 'JSX.IntrinsicElements' exists.
src/studio/analytics/AnalyticsWorkbench.tsx(54,70): error TS7026: JSX element implicitly has type 'any' because no interface 'JSX.IntrinsicElements' exists.
src/studio/analytics/AnalyticsWorkbench.tsx(54,97): error TS7026: JSX element implicitly has type 'any' because no interface 'JSX.IntrinsicElements' exists.
src/studio/analytics/AnalyticsWorkbench.tsx(54,104): error TS7026: JSX element implicitly has type 'any' because no interface 'JSX.IntrinsicElements' exists.
src/studio/analytics/AnalyticsWorkbench.tsx(54,109): error TS7026: JSX element implicitly has type 'any' because no interface 'JSX.IntrinsicElements' exists.
src/studio/analytics/AnalyticsWorkbench.tsx(54,127): error TS7026: JSX element implicitly has type 'any' because no interface 'JSX.IntrinsicElements' exists.
src/studio/analytics/AnalyticsWorkbench.tsx(54,131): error TS7026: JSX element implicitly has type 'any' because no interface 'JSX.IntrinsicElements' exists.
src/studio/analytics/AnalyticsWorkbench.tsx(54,166): error TS7026: JSX element implicitly has type 'any' because no interface 'JSX.IntrinsicElements' exists.
src/studio/analytics/AnalyticsWorkbench.tsx(54,174): error TS7026: JSX element implicitly has type 'any' because no interface 'JSX.IntrinsicElements' exists.
src/studio/analytics/AnalyticsWorkbench.tsx(54,180): error TS7026: JSX element implicitly has type 'any' because no interface 'JSX.IntrinsicElements' exists.
src/studio/analytics/AnalyticsWorkbench.tsx(54,219): error TS7026: JSX element implicitly has type 'any' because no interface 'JSX.IntrinsicElements' exists.
src/studio/analytics/AnalyticsWorkbench.tsx(54,226): error TS7026: JSX element implicitly has type 'any' because no interface 'JSX.IntrinsicElements' exists.
src/studio/analytics/AnalyticsWorkbench.tsx(54,232): error TS7026: JSX element implicitly has type 'any' because no interface 'JSX.IntrinsicElements' exists.
src/studio/analytics/AnalyticsWorkbench.tsx(54,300): error TS7026: JSX element implicitly has type 'any' because no interface 'JSX.IntrinsicElements' exists.
src/studio/analytics/AnalyticsWorkbench.tsx(54,311): error TS7026: JSX element implicitly has type 'any' because no interface 'JSX.IntrinsicElements' exists.
src/studio/analytics/AnalyticsWorkbench.tsx(54,317): error TS7026: JSX element implicitly has type 'any' because no interface 'JSX.IntrinsicElements' exists.
src/studio/analytics/AnalyticsWorkbench.tsx(54,326): error TS7026: JSX element implicitly has type 'any' because no interface 'JSX.IntrinsicElements' exists.
src/studio/analytics/AnalyticsWorkbench.tsx(55,5): error TS7026: JSX element implicitly has type 'any' because no interface 'JSX.IntrinsicElements' exists.
src/studio/analytics/AnalyticsWorkbench.tsx(55,36): error TS7026: JSX element implicitly has type 'any' because no interface 'JSX.IntrinsicElements' exists.
src/studio/analytics/AnalyticsWorkbench.tsx(55,239): error TS7026: JSX element implicitly has type 'any' because no interface 'JSX.IntrinsicElements' exists.
src/studio/analytics/AnalyticsWorkbench.tsx(55,248): error TS7026: JSX element implicitly has type 'any' because no interface 'JSX.IntrinsicElements' exists.
src/studio/analytics/AnalyticsWorkbench.tsx(55,380): error TS7026: JSX element implicitly has type 'any' because no interface 'JSX.IntrinsicElements' exists.
src/studio/analytics/AnalyticsWorkbench.tsx(55,389): error TS7026: JSX element implicitly has type 'any' because no interface 'JSX.IntrinsicElements' exists.
src/studio/analytics/AnalyticsWorkbench.tsx(55,517): error TS7026: JSX element implicitly has type 'any' because no interface 'JSX.IntrinsicElements' exists.
src/studio/analytics/AnalyticsWorkbench.tsx(55,526): error TS7026: JSX element implicitly has type 'any' because no interface 'JSX.IntrinsicElements' exists.
src/studio/analytics/AnalyticsWorkbench.tsx(55,563): error TS7026: JSX element implicitly has type 'any' because no interface 'JSX.IntrinsicElements' exists.
src/studio/analytics/AnalyticsWorkbench.tsx(55,625): error TS7026: JSX element implicitly has type 'any' because no interface 'JSX.IntrinsicElements' exists.
src/studio/analytics/AnalyticsWorkbench.tsx(55,634): error TS7026: JSX element implicitly has type 'any' because no interface 'JSX.IntrinsicElements' exists.
src/studio/analytics/AnalyticsWorkbench.tsx(55,831): error TS7026: JSX element implicitly has type 'any' because no interface 'JSX.IntrinsicElements' exists.
src/studio/analytics/AnalyticsWorkbench.tsx(55,840): error TS7026: JSX element implicitly has type 'any' because no interface 'JSX.IntrinsicElements' exists.
src/studio/analytics/AnalyticsWorkbench.tsx(55,879): error TS7026: JSX element implicitly has type 'any' because no interface 'JSX.IntrinsicElements' exists.
src/studio/analytics/AnalyticsWorkbench.tsx(55,948): error TS7006: Parameter 'e' implicitly has an 'any' type.
src/studio/analytics/AnalyticsWorkbench.tsx(55,1015): error TS7026: JSX element implicitly has type 'any' because no interface 'JSX.IntrinsicElements' exists.
src/studio/analytics/AnalyticsWorkbench.tsx(55,1050): error TS7026: JSX element implicitly has type 'any' because no interface 'JSX.IntrinsicElements' exists.
src/studio/analytics/AnalyticsWorkbench.tsx(55,1059): error TS7026: JSX element implicitly has type 'any' because no interface 'JSX.IntrinsicElements' exists.
src/studio/analytics/AnalyticsWorkbench.tsx(55,1090): error TS7026: JSX element implicitly has type 'any' because no interface 'JSX.IntrinsicElements' exists.
src/studio/analytics/AnalyticsWorkbench.tsx(55,1099): error TS7026: JSX element implicitly has type 'any' because no interface 'JSX.IntrinsicElements' exists.
src/studio/analytics/AnalyticsWorkbench.tsx(55,1130): error TS7026: JSX element implicitly has type 'any' because no interface 'JSX.IntrinsicElements' exists.
src/studio/analytics/AnalyticsWorkbench.tsx(55,1139): error TS7026: JSX element implicitly has type 'any' because no interface 'JSX.IntrinsicElements' exists.
src/studio/analytics/AnalyticsWorkbench.tsx(55,1148): error TS7026: JSX element implicitly has type 'any' because no interface 'JSX.IntrinsicElements' exists.
src/studio/analytics/AnalyticsWorkbench.tsx(55,1156): error TS7026: JSX element implicitly has type 'any' because no interface 'JSX.IntrinsicElements' exists.
src/studio/analytics/AnalyticsWorkbench.tsx(55,1198): error TS7026: JSX element implicitly has type 'any' because no interface 'JSX.IntrinsicElements' exists.
src/studio/analytics/AnalyticsWorkbench.tsx(55,1207): error TS7026: JSX element implicitly has type 'any' because no interface 'JSX.IntrinsicElements' exists.
src/studio/analytics/AnalyticsWorkbench.tsx(55,1236): error TS7026: JSX element implicitly has type 'any' because no interface 'JSX.IntrinsicElements' exists.
src/studio/analytics/AnalyticsWorkbench.tsx(55,1285): error TS7026: JSX element implicitly has type 'any' because no interface 'JSX.IntrinsicElements' exists.
src/studio/analytics/AnalyticsWorkbench.tsx(55,1295): error TS7026: JSX element implicitly has type 'any' because no interface 'JSX.IntrinsicElements' exists.
src/studio/analytics/AnalyticsWorkbench.tsx(55,1300): error TS7026: JSX element implicitly has type 'any' because no interface 'JSX.IntrinsicElements' exists.
src/studio/analytics/AnalyticsWorkbench.tsx(55,1433): error TS7026: JSX element implicitly has type 'any' because no interface 'JSX.IntrinsicElements' exists.
src/studio/analytics/AnalyticsWorkbench.tsx(55,1717): error TS7026: JSX element implicitly has type 'any' because no interface 'JSX.IntrinsicElements' exists.
src/studio/analytics/AnalyticsWorkbench.tsx(55,1828): error TS7026: JSX element implicitly has type 'any' because no interface 'JSX.IntrinsicElements' exists.
src/studio/analytics/AnalyticsWorkbench.tsx(55,1837): error TS7026: JSX element implicitly has type 'any' because no interface 'JSX.IntrinsicElements' exists.
src/studio/analytics/AnalyticsWorkbench.tsx(55,1930): error TS7026: JSX element implicitly has type 'any' because no interface 'JSX.IntrinsicElements' exists.
src/studio/analytics/AnalyticsWorkbench.tsx(55,1939): error TS7026: JSX element implicitly has type 'any' because no interface 'JSX.IntrinsicElements' exists.
src/studio/analytics/AnalyticsWorkbench.tsx(55,2031): error TS7026: JSX element implicitly has type 'any' because no interface 'JSX.IntrinsicElements' exists.
src/studio/analytics/AnalyticsWorkbench.tsx(55,2035): error TS7026: JSX element implicitly has type 'any' because no interface 'JSX.IntrinsicElements' exists.
src/studio/analytics/AnalyticsWorkbench.tsx(55,2041): error TS7026: JSX element implicitly has type 'any' because no interface 'JSX.IntrinsicElements' exists.
src/studio/analytics/AnalyticsWorkbench.tsx(55,2051): error TS7026: JSX element implicitly has type 'any' because no interface 'JSX.IntrinsicElements' exists.
src/studio/analytics/AnalyticsWorkbench.tsx(56,13): error TS7026: JSX element implicitly has type 'any' because no interface 'JSX.IntrinsicElements' exists.
src/studio/analytics/AnalyticsWorkbench.tsx(56,93): error TS7026: JSX element implicitly has type 'any' because no interface 'JSX.IntrinsicElements' exists.
src/studio/analytics/AnalyticsWorkbench.tsx(57,29): error TS7026: JSX element implicitly has type 'any' because no interface 'JSX.IntrinsicElements' exists.
src/studio/analytics/AnalyticsWorkbench.tsx(57,68): error TS7026: JSX element implicitly has type 'any' because no interface 'JSX.IntrinsicElements' exists.
src/studio/analytics/AnalyticsWorkbench.tsx(57,95): error TS7026: JSX element implicitly has type 'any' because no interface 'JSX.IntrinsicElements' exists.
src/studio/analytics/AnalyticsWorkbench.tsx(57,102): error TS7026: JSX element implicitly has type 'any' because no interface 'JSX.IntrinsicElements' exists.
src/studio/analytics/AnalyticsWorkbench.tsx(57,144): error TS7026: JSX element implicitly has type 'any' because no interface 'JSX.IntrinsicElements' exists.
src/studio/analytics/AnalyticsWorkbench.tsx(57,168): error TS7026: JSX element implicitly has type 'any' because no interface 'JSX.IntrinsicElements' exists.
src/studio/analytics/AnalyticsWorkbench.tsx(57,402): error TS7026: JSX element implicitly has type 'any' because no interface 'JSX.IntrinsicElements' exists.
src/studio/analytics/AnalyticsWorkbench.tsx(57,412): error TS7026: JSX element implicitly has type 'any' because no interface 'JSX.IntrinsicElements' exists.
src/studio/analytics/AnalyticsWorkbench.tsx(58,5): error TS7026: JSX element implicitly has type 'any' because no interface 'JSX.IntrinsicElements' exists.
src/studio/analytics/AnalyticsWorkbench.tsx(58,61): error TS7026: JSX element implicitly has type 'any' because no interface 'JSX.IntrinsicElements' exists.
src/studio/analytics/AnalyticsWorkbench.tsx(58,124): error TS7026: JSX element implicitly has type 'any' because no interface 'JSX.IntrinsicElements' exists.
src/studio/analytics/AnalyticsWorkbench.tsx(58,158): error TS7026: JSX element implicitly has type 'any' because no interface 'JSX.IntrinsicElements' exists.
src/studio/analytics/AnalyticsWorkbench.tsx(58,170): error TS7026: JSX element implicitly has type 'any' because no interface 'JSX.IntrinsicElements' exists.
src/studio/analytics/AnalyticsWorkbench.tsx(58,174): error TS7026: JSX element implicitly has type 'any' because no interface 'JSX.IntrinsicElements' exists.
src/studio/analytics/AnalyticsWorkbench.tsx(58,273): error TS7026: JSX element implicitly has type 'any' because no interface 'JSX.IntrinsicElements' exists.
src/studio/analytics/AnalyticsWorkbench.tsx(58,282): error TS7026: JSX element implicitly has type 'any' because no interface 'JSX.IntrinsicElements' exists.
src/studio/analytics/AnalyticsWorkbench.tsx(58,288): error TS7026: JSX element implicitly has type 'any' because no interface 'JSX.IntrinsicElements' exists.
src/studio/analytics/AnalyticsWorkbench.tsx(58,343): error TS7026: JSX element implicitly has type 'any' because no interface 'JSX.IntrinsicElements' exists.
src/studio/analytics/AnalyticsWorkbench.tsx(58,364): error TS7026: JSX element implicitly has type 'any' because no interface 'JSX.IntrinsicElements' exists.
src/studio/analytics/AnalyticsWorkbench.tsx(58,478): error TS7026: JSX element implicitly has type 'any' because no interface 'JSX.IntrinsicElements' exists.
src/studio/analytics/AnalyticsWorkbench.tsx(58,682): error TS7026: JSX element implicitly has type 'any' because no interface 'JSX.IntrinsicElements' exists.
src/studio/analytics/AnalyticsWorkbench.tsx(58,689): error TS7026: JSX element implicitly has type 'any' because no interface 'JSX.IntrinsicElements' exists.
src/studio/analytics/AnalyticsWorkbench.tsx(58,704): error TS7026: JSX element implicitly has type 'any' because no interface 'JSX.IntrinsicElements' exists.
src/studio/analytics/AnalyticsWorkbench.tsx(58,711): error TS7026: JSX element implicitly has type 'any' because no interface 'JSX.IntrinsicElements' exists.
src/studio/analytics/AnalyticsWorkbench.tsx(58,722): error TS7026: JSX element implicitly has type 'any' because no interface 'JSX.IntrinsicElements' exists.
src/studio/analytics/AnalyticsWorkbench.tsx(58,755): error TS7026: JSX element implicitly has type 'any' because no interface 'JSX.IntrinsicElements' exists.
src/studio/analytics/AnalyticsWorkbench.tsx(58,780): error TS7026: JSX element implicitly has type 'any' because no interface 'JSX.IntrinsicElements' exists.
src/studio/analytics/AnalyticsWorkbench.tsx(58,784): error TS7026: JSX element implicitly has type 'any' because no interface 'JSX.IntrinsicElements' exists.
src/studio/analytics/AnalyticsWorkbench.tsx(58,851): error TS7026: JSX element implicitly has type 'any' because no interface 'JSX.IntrinsicElements' exists.
src/studio/analytics/AnalyticsWorkbench.tsx(58,855): error TS7026: JSX element implicitly has type 'any' because no interface 'JSX.IntrinsicElements' exists.
src/studio/analytics/AnalyticsWorkbench.tsx(58,927): error TS7026: JSX element implicitly has type 'any' because no interface 'JSX.IntrinsicElements' exists.
src/studio/analytics/AnalyticsWorkbench.tsx(58,935): error TS7026: JSX element implicitly has type 'any' because no interface 'JSX.IntrinsicElements' exists.
src/studio/analytics/AnalyticsWorkbench.tsx(58,941): error TS7026: JSX element implicitly has type 'any' because no interface 'JSX.IntrinsicElements' exists.
src/studio/analytics/AnalyticsWorkbench.tsx(59,5): error TS7026: JSX element implicitly has type 'any' because no interface 'JSX.IntrinsicElements' exists.
src/studio/analytics/AnalyticsWorkbench.tsx(60,127): error TS7026: JSX element implicitly has type 'any' because no interface 'JSX.IntrinsicElements' exists.
src/studio/analytics/AnalyticsWorkbench.tsx(60,296): error TS7026: JSX element implicitly has type 'any' because no interface 'JSX.IntrinsicElements' exists.
src/studio/analytics/AnalyticsWorkbench.tsx(60,325): error TS7026: JSX element implicitly has type 'any' because no interface 'JSX.IntrinsicElements' exists.
src/studio/analytics/AnalyticsWorkbench.tsx(60,332): error TS7026: JSX element implicitly has type 'any' because no interface 'JSX.IntrinsicElements' exists.
src/studio/analytics/AnalyticsWorkbench.tsx(60,345): error TS7026: JSX element implicitly has type 'any' because no interface 'JSX.IntrinsicElements' exists.
src/studio/analytics/AnalyticsWorkbench.tsx(60,352): error TS7026: JSX element implicitly has type 'any' because no interface 'JSX.IntrinsicElements' exists.
src/studio/analytics/AnalyticsWorkbench.tsx(61,76): error TS7026: JSX element implicitly has type 'any' because no interface 'JSX.IntrinsicElements' exists.
src/studio/analytics/AnalyticsWorkbench.tsx(61,338): error TS7006: Parameter 'e' implicitly has an 'any' type.
src/studio/analytics/AnalyticsWorkbench.tsx(61,586): error TS7006: Parameter 'e' implicitly has an 'any' type.
src/studio/analytics/AnalyticsWorkbench.tsx(61,694): error TS7006: Parameter 'e' implicitly has an 'any' type.
src/studio/analytics/AnalyticsWorkbench.tsx(61,997): error TS7006: Parameter 'e' implicitly has an 'any' type.
src/studio/analytics/AnalyticsWorkbench.tsx(61,1061): error TS7006: Parameter 'e' implicitly has an 'any' type.
src/studio/analytics/AnalyticsWorkbench.tsx(61,1130): error TS7006: Parameter 'e' implicitly has an 'any' type.
src/studio/analytics/AnalyticsWorkbench.tsx(62,7): error TS7026: JSX element implicitly has type 'any' because no interface 'JSX.IntrinsicElements' exists.
src/studio/analytics/AnalyticsWorkbench.tsx(63,18): error TS7026: JSX element implicitly has type 'any' because no interface 'JSX.IntrinsicElements' exists.
src/studio/analytics/AnalyticsWorkbench.tsx(63,43): error TS7026: JSX element implicitly has type 'any' because no interface 'JSX.IntrinsicElements' exists.
src/studio/analytics/AnalyticsWorkbench.tsx(63,131): error TS7026: JSX element implicitly has type 'any' because no interface 'JSX.IntrinsicElements' exists.
src/studio/analytics/AnalyticsWorkbench.tsx(63,172): error TS7026: JSX element implicitly has type 'any' because no interface 'JSX.IntrinsicElements' exists.
src/studio/analytics/AnalyticsWorkbench.tsx(63,440): error TS7026: JSX element implicitly has type 'any' because no interface 'JSX.IntrinsicElements' exists.
src/studio/analytics/AnalyticsWorkbench.tsx(63,449): error TS7026: JSX element implicitly has type 'any' because no interface 'JSX.IntrinsicElements' exists.
src/studio/analytics/AnalyticsWorkbench.tsx(63,607): error TS7026: JSX element implicitly has type 'any' because no interface 'JSX.IntrinsicElements' exists.
src/studio/analytics/AnalyticsWorkbench.tsx(63,616): error TS7026: JSX element implicitly has type 'any' because no interface 'JSX.IntrinsicElements' exists.
src/studio/analytics/AnalyticsWorkbench.tsx(63,624): error TS7026: JSX element implicitly has type 'any' because no interface 'JSX.IntrinsicElements' exists.
src/studio/analytics/AnalyticsWorkbench.tsx(63,630): error TS7026: JSX element implicitly has type 'any' because no interface 'JSX.IntrinsicElements' exists.
src/studio/analytics/AnalyticsWorkbench.tsx(63,781): error TS7026: JSX element implicitly has type 'any' because no interface 'JSX.IntrinsicElements' exists.
src/studio/analytics/AnalyticsWorkbench.tsx(63,819): error TS7026: JSX element implicitly has type 'any' because no interface 'JSX.IntrinsicElements' exists.
src/studio/analytics/AnalyticsWorkbench.tsx(63,1062): error TS7026: JSX element implicitly has type 'any' because no interface 'JSX.IntrinsicElements' exists.
src/studio/analytics/AnalyticsWorkbench.tsx(63,1071): error TS7026: JSX element implicitly has type 'any' because no interface 'JSX.IntrinsicElements' exists.
src/studio/analytics/AnalyticsWorkbench.tsx(63,1246): error TS7026: JSX element implicitly has type 'any' because no interface 'JSX.IntrinsicElements' exists.
src/studio/analytics/AnalyticsWorkbench.tsx(63,1259): error TS7026: JSX element implicitly has type 'any' because no interface 'JSX.IntrinsicElements' exists.
src/studio/analytics/AnalyticsWorkbench.tsx(64,32): error TS7026: JSX element implicitly has type 'any' because no interface 'JSX.IntrinsicElements' exists.
src/studio/analytics/AnalyticsWorkbench.tsx(64,107): error TS7026: JSX element implicitly has type 'any' because no interface 'JSX.IntrinsicElements' exists.
src/studio/analytics/AnalyticsWorkbench.tsx(64,161): error TS7026: JSX element implicitly has type 'any' because no interface 'JSX.IntrinsicElements' exists.
src/studio/analytics/AnalyticsWorkbench.tsx(64,173): error TS7026: JSX element implicitly has type 'any' because no interface 'JSX.IntrinsicElements' exists.
src/studio/analytics/AnalyticsWorkbench.tsx(64,177): error TS7026: JSX element implicitly has type 'any' because no interface 'JSX.IntrinsicElements' exists.
src/studio/analytics/AnalyticsWorkbench.tsx(64,199): error TS7026: JSX element implicitly has type 'any' because no interface 'JSX.IntrinsicElements' exists.
src/studio/analytics/AnalyticsWorkbench.tsx(64,207): error TS7026: JSX element implicitly has type 'any' because no interface 'JSX.IntrinsicElements' exists.
src/studio/analytics/AnalyticsWorkbench.tsx(64,218): error TS7026: JSX element implicitly has type 'any' because no interface 'JSX.IntrinsicElements' exists.
src/studio/analytics/AnalyticsWorkbench.tsx(65,9): error TS7026: JSX element implicitly has type 'any' because no interface 'JSX.IntrinsicElements' exists.
src/studio/analytics/AnalyticsWorkbench.tsx(65,170): error TS7026: JSX element implicitly has type 'any' because no interface 'JSX.IntrinsicElements' exists.
src/studio/analytics/AnalyticsWorkbench.tsx(65,196): error TS7026: JSX element implicitly has type 'any' because no interface 'JSX.IntrinsicElements' exists.
src/studio/analytics/AnalyticsWorkbench.tsx(65,229): error TS7026: JSX element implicitly has type 'any' because no interface 'JSX.IntrinsicElements' exists.
src/studio/analytics/AnalyticsWorkbench.tsx(65,236): error TS7026: JSX element implicitly has type 'any' because no interface 'JSX.IntrinsicElements' exists.
src/studio/analytics/AnalyticsWorkbench.tsx(65,254): error TS7026: JSX element implicitly has type 'any' because no interface 'JSX.IntrinsicElements' exists.
src/studio/analytics/AnalyticsWorkbench.tsx(65,259): error TS7026: JSX element implicitly has type 'any' because no interface 'JSX.IntrinsicElements' exists.
src/studio/analytics/AnalyticsWorkbench.tsx(65,330): error TS7026: JSX element implicitly has type 'any' because no interface 'JSX.IntrinsicElements' exists.
src/studio/analytics/AnalyticsWorkbench.tsx(65,334): error TS7026: JSX element implicitly has type 'any' because no interface 'JSX.IntrinsicElements' exists.
src/studio/analytics/AnalyticsWorkbench.tsx(65,392): error TS7026: JSX element implicitly has type 'any' because no interface 'JSX.IntrinsicElements' exists.
src/studio/analytics/AnalyticsWorkbench.tsx(65,455): error TS7026: JSX element implicitly has type 'any' because no interface 'JSX.IntrinsicElements' exists.
src/studio/analytics/AnalyticsWorkbench.tsx(65,466): error TS7026: JSX element implicitly has type 'any' because no interface 'JSX.IntrinsicElements' exists.
src/studio/analytics/AnalyticsWorkbench.tsx(65,472): error TS7026: JSX element implicitly has type 'any' because no interface 'JSX.IntrinsicElements' exists.
src/studio/analytics/AnalyticsWorkbench.tsx(65,479): error TS7026: JSX element implicitly has type 'any' because no interface 'JSX.IntrinsicElements' exists.
src/studio/analytics/AnalyticsWorkbench.tsx(66,7): error TS7026: JSX element implicitly has type 'any' because no interface 'JSX.IntrinsicElements' exists.
src/studio/analytics/AnalyticsWorkbench.tsx(67,5): error TS7026: JSX element implicitly has type 'any' because no interface 'JSX.IntrinsicElements' exists.
src/studio/analytics/AnalyticsWorkbench.tsx(68,35): error TS7026: JSX element implicitly has type 'any' because no interface 'JSX.IntrinsicElements' exists.
src/studio/analytics/AnalyticsWorkbench.tsx(68,96): error TS7026: JSX element implicitly has type 'any' because no interface 'JSX.IntrinsicElements' exists.
src/studio/analytics/AnalyticsWorkbench.tsx(68,130): error TS7026: JSX element implicitly has type 'any' because no interface 'JSX.IntrinsicElements' exists.
src/studio/analytics/AnalyticsWorkbench.tsx(68,140): error TS7026: JSX element implicitly has type 'any' because no interface 'JSX.IntrinsicElements' exists.
src/studio/analytics/AnalyticsWorkbench.tsx(68,144): error TS7026: JSX element implicitly has type 'any' because no interface 'JSX.IntrinsicElements' exists.
src/studio/analytics/AnalyticsWorkbench.tsx(68,241): error TS7026: JSX element implicitly has type 'any' because no interface 'JSX.IntrinsicElements' exists.
src/studio/analytics/AnalyticsWorkbench.tsx(68,250): error TS7026: JSX element implicitly has type 'any' because no interface 'JSX.IntrinsicElements' exists.
src/studio/analytics/AnalyticsWorkbench.tsx(68,256): error TS7026: JSX element implicitly has type 'any' because no interface 'JSX.IntrinsicElements' exists.
src/studio/analytics/AnalyticsWorkbench.tsx(68,399): error TS7026: JSX element implicitly has type 'any' because no interface 'JSX.IntrinsicElements' exists.
src/studio/analytics/AnalyticsWorkbench.tsx(68,406): error TS7026: JSX element implicitly has type 'any' because no interface 'JSX.IntrinsicElements' exists.
src/studio/analytics/AnalyticsWorkbench.tsx(68,468): error TS7026: JSX element implicitly has type 'any' because no interface 'JSX.IntrinsicElements' exists.
src/studio/analytics/AnalyticsWorkbench.tsx(68,473): error TS7026: JSX element implicitly has type 'any' because no interface 'JSX.IntrinsicElements' exists.
src/studio/analytics/AnalyticsWorkbench.tsx(68,526): error TS7026: JSX element implicitly has type 'any' because no interface 'JSX.IntrinsicElements' exists.
src/studio/analytics/AnalyticsWorkbench.tsx(68,530): error TS7026: JSX element implicitly has type 'any' because no interface 'JSX.IntrinsicElements' exists.
src/studio/analytics/AnalyticsWorkbench.tsx(68,534): error TS7026: JSX element implicitly has type 'any' because no interface 'JSX.IntrinsicElements' exists.
src/studio/analytics/AnalyticsWorkbench.tsx(68,552): error TS7026: JSX element implicitly has type 'any' because no interface 'JSX.IntrinsicElements' exists.
src/studio/analytics/AnalyticsWorkbench.tsx(68,557): error TS7026: JSX element implicitly has type 'any' because no interface 'JSX.IntrinsicElements' exists.
src/studio/analytics/AnalyticsWorkbench.tsx(68,573): error TS7026: JSX element implicitly has type 'any' because no interface 'JSX.IntrinsicElements' exists.
src/studio/analytics/AnalyticsWorkbench.tsx(68,578): error TS7026: JSX element implicitly has type 'any' because no interface 'JSX.IntrinsicElements' exists.
src/studio/analytics/AnalyticsWorkbench.tsx(68,594): error TS7026: JSX element implicitly has type 'any' because no interface 'JSX.IntrinsicElements' exists.
src/studio/analytics/AnalyticsWorkbench.tsx(68,599): error TS7026: JSX element implicitly has type 'any' because no interface 'JSX.IntrinsicElements' exists.
src/studio/analytics/AnalyticsWorkbench.tsx(68,625): error TS7026: JSX element implicitly has type 'any' because no interface 'JSX.IntrinsicElements' exists.
src/studio/analytics/AnalyticsWorkbench.tsx(68,630): error TS7026: JSX element implicitly has type 'any' because no interface 'JSX.IntrinsicElements' exists.
src/studio/analytics/AnalyticsWorkbench.tsx(68,655): error TS7026: JSX element implicitly has type 'any' because no interface 'JSX.IntrinsicElements' exists.
src/studio/analytics/AnalyticsWorkbench.tsx(68,660): error TS7026: JSX element implicitly has type 'any' because no interface 'JSX.IntrinsicElements' exists.
src/studio/analytics/AnalyticsWorkbench.tsx(68,693): error TS7026: JSX element implicitly has type 'any' because no interface 'JSX.IntrinsicElements' exists.
src/studio/analytics/AnalyticsWorkbench.tsx(68,698): error TS7026: JSX element implicitly has type 'any' because no interface 'JSX.IntrinsicElements' exists.
src/studio/analytics/AnalyticsWorkbench.tsx(68,715): error TS7026: JSX element implicitly has type 'any' because no interface 'JSX.IntrinsicElements' exists.
src/studio/analytics/AnalyticsWorkbench.tsx(68,720): error TS7026: JSX element implicitly has type 'any' because no interface 'JSX.IntrinsicElements' exists.
src/studio/analytics/AnalyticsWorkbench.tsx(68,809): error TS7026: JSX element implicitly has type 'any' because no interface 'JSX.IntrinsicElements' exists.
src/studio/analytics/AnalyticsWorkbench.tsx(68,814): error TS7026: JSX element implicitly has type 'any' because no interface 'JSX.IntrinsicElements' exists.
src/studio/analytics/AnalyticsWorkbench.tsx(68,824): error TS7026: JSX element implicitly has type 'any' because no interface 'JSX.IntrinsicElements' exists.
src/studio/analytics/AnalyticsWorkbench.tsx(68,829): error TS7026: JSX element implicitly has type 'any' because no interface 'JSX.IntrinsicElements' exists.
src/studio/analytics/AnalyticsWorkbench.tsx(68,865): error TS7026: JSX element implicitly has type 'any' because no interface 'JSX.IntrinsicElements' exists.
src/studio/analytics/AnalyticsWorkbench.tsx(68,870): error TS7026: JSX element implicitly has type 'any' because no interface 'JSX.IntrinsicElements' exists.
src/studio/analytics/AnalyticsWorkbench.tsx(68,875): error TS7026: JSX element implicitly has type 'any' because no interface 'JSX.IntrinsicElements' exists.
src/studio/analytics/AnalyticsWorkbench.tsx(68,1015): error TS7026: JSX element implicitly has type 'any' because no interface 'JSX.IntrinsicElements' exists.
src/studio/analytics/AnalyticsWorkbench.tsx(68,1019): error TS7026: JSX element implicitly has type 'any' because no interface 'JSX.IntrinsicElements' exists.
src/studio/analytics/AnalyticsWorkbench.tsx(68,1078): error TS7026: JSX element implicitly has type 'any' because no interface 'JSX.IntrinsicElements' exists.
src/studio/analytics/AnalyticsWorkbench.tsx(68,1087): error TS7026: JSX element implicitly has type 'any' because no interface 'JSX.IntrinsicElements' exists.
src/studio/analytics/AnalyticsWorkbench.tsx(69,5): error TS7026: JSX element implicitly has type 'any' because no interface 'JSX.IntrinsicElements' exists.
src/studio/analytics/AnalyticsWorkbench.tsx(70,14): error TS7026: JSX element implicitly has type 'any' because no interface 'JSX.IntrinsicElements' exists.
src/studio/analytics/AnalyticsWorkbench.tsx(70,44): error TS7026: JSX element implicitly has type 'any' because no interface 'JSX.IntrinsicElements' exists.
src/studio/analytics/AnalyticsWorkbench.tsx(70,137): error TS7026: JSX element implicitly has type 'any' because no interface 'JSX.IntrinsicElements' exists.
src/studio/analytics/AnalyticsWorkbench.tsx(70,144): error TS7026: JSX element implicitly has type 'any' because no interface 'JSX.IntrinsicElements' exists.
src/studio/analytics/AnalyticsWorkbench.tsx(70,256): error TS7026: JSX element implicitly has type 'any' because no interface 'JSX.IntrinsicElements' exists.
src/studio/analytics/AnalyticsWorkbench.tsx(70,263): error TS7026: JSX element implicitly has type 'any' because no interface 'JSX.IntrinsicElements' exists.
src/studio/analytics/AnalyticsWorkbench.tsx(71,15): error TS7026: JSX element implicitly has type 'any' because no interface 'JSX.IntrinsicElements' exists.
src/studio/analytics/AnalyticsWorkbench.tsx(71,63): error TS7006: Parameter 'e' implicitly has an 'any' type.
src/studio/analytics/AnalyticsWorkbench.tsx(71,118): error TS7026: JSX element implicitly has type 'any' because no interface 'JSX.IntrinsicElements' exists.
src/studio/analytics/AnalyticsWorkbench.tsx(71,226): error TS7006: Parameter 'e' implicitly has an 'any' type.
src/studio/analytics/AnalyticsWorkbench.tsx(71,263): error TS2347: Untyped function calls may not accept type arguments.
src/studio/analytics/AnalyticsWorkbench.tsx(71,552): error TS7026: JSX element implicitly has type 'any' because no interface 'JSX.IntrinsicElements' exists.
src/studio/analytics/AnalyticsWorkbench.tsx(71,686): error TS7006: Parameter 'e' implicitly has an 'any' type.
src/studio/analytics/AnalyticsWorkbench.tsx(71,818): error TS7026: JSX element implicitly has type 'any' because no interface 'JSX.IntrinsicElements' exists.
src/studio/analytics/AnalyticsWorkbench.tsx(71,864): error TS7026: JSX element implicitly has type 'any' because no interface 'JSX.IntrinsicElements' exists.
src/studio/analytics/AnalyticsWorkbench.tsx(71,876): error TS7026: JSX element implicitly has type 'any' because no interface 'JSX.IntrinsicElements' exists.
src/studio/analytics/AnalyticsWorkbench.tsx(71,880): error TS7026: JSX element implicitly has type 'any' because no interface 'JSX.IntrinsicElements' exists.
src/studio/analytics/AnalyticsWorkbench.tsx(71,902): error TS7026: JSX element implicitly has type 'any' because no interface 'JSX.IntrinsicElements' exists.
src/studio/analytics/AnalyticsWorkbench.tsx(71,910): error TS7026: JSX element implicitly has type 'any' because no interface 'JSX.IntrinsicElements' exists.
src/studio/analytics/AnalyticsWorkbench.tsx(71,1034): error TS7026: JSX element implicitly has type 'any' because no interface 'JSX.IntrinsicElements' exists.
src/studio/analytics/AnalyticsWorkbench.tsx(71,1174): error TS7026: JSX element implicitly has type 'any' because no interface 'JSX.IntrinsicElements' exists.
src/studio/analytics/AnalyticsWorkbench.tsx(71,1185): error TS7026: JSX element implicitly has type 'any' because no interface 'JSX.IntrinsicElements' exists.
src/studio/analytics/AnalyticsWorkbench.tsx(71,1189): error TS7026: JSX element implicitly has type 'any' because no interface 'JSX.IntrinsicElements' exists.
src/studio/analytics/AnalyticsWorkbench.tsx(71,1211): error TS7026: JSX element implicitly has type 'any' because no interface 'JSX.IntrinsicElements' exists.
src/studio/analytics/AnalyticsWorkbench.tsx(71,1219): error TS7026: JSX element implicitly has type 'any' because no interface 'JSX.IntrinsicElements' exists.
src/studio/analytics/AnalyticsWorkbench.tsx(71,1230): error TS7026: JSX element implicitly has type 'any' because no interface 'JSX.IntrinsicElements' exists.
src/studio/analytics/AnalyticsWorkbench.tsx(71,1281): error TS7026: JSX element implicitly has type 'any' because no interface 'JSX.IntrinsicElements' exists.
src/studio/analytics/AnalyticsWorkbench.tsx(71,1290): error TS7026: JSX element implicitly has type 'any' because no interface 'JSX.IntrinsicElements' exists.
src/studio/analytics/AnalyticsWorkbench.tsx(71,1300): error TS7026: JSX element implicitly has type 'any' because no interface 'JSX.IntrinsicElements' exists.
src/studio/analytics/AnalyticsWorkbench.tsx(72,3): error TS7026: JSX element implicitly has type 'any' because no interface 'JSX.IntrinsicElements' exists.
src/studio/analytics/ChartsStudio.tsx(1,24): error TS2307: Cannot find module 'react' or its corresponding type declarations.
src/studio/analytics/ChartsStudio.tsx(15,10): error TS7026: JSX element implicitly has type 'any' because no interface 'JSX.IntrinsicElements' exists.
src/studio/analytics/ChartsStudio.tsx(15,10): error TS2875: This JSX tag requires the module path 'react/jsx-runtime' to exist, but none could be found. Make sure you have types for the appropriate package installed.
src/studio/analytics/ChartsStudio.tsx(15,90): error TS7026: JSX element implicitly has type 'any' because no interface 'JSX.IntrinsicElements' exists.
src/studio/analytics/ChartsStudio.tsx(15,272): error TS7026: JSX element implicitly has type 'any' because no interface 'JSX.IntrinsicElements' exists.
src/studio/analytics/ChartsStudio.tsx(15,287): error TS7026: JSX element implicitly has type 'any' because no interface 'JSX.IntrinsicElements' exists.
src/studio/analytics/ChartsStudio.tsx(15,380): error TS7026: JSX element implicitly has type 'any' because no interface 'JSX.IntrinsicElements' exists.
src/studio/analytics/ChartsStudio.tsx(15,389): error TS7026: JSX element implicitly has type 'any' because no interface 'JSX.IntrinsicElements' exists.
src/studio/analytics/ChartsStudio.tsx(15,446): error TS7026: JSX element implicitly has type 'any' because no interface 'JSX.IntrinsicElements' exists.
src/studio/analytics/ChartsStudio.tsx(16,3): error TS7026: JSX element implicitly has type 'any' because no interface 'JSX.IntrinsicElements' exists.
src/studio/analytics/ChartsStudio.tsx(16,406): error TS7026: JSX element implicitly has type 'any' because no interface 'JSX.IntrinsicElements' exists.
src/studio/analytics/ChartsStudio.tsx(16,524): error TS7026: JSX element implicitly has type 'any' because no interface 'JSX.IntrinsicElements' exists.
src/studio/analytics/ChartsStudio.tsx(16,533): error TS7026: JSX element implicitly has type 'any' because no interface 'JSX.IntrinsicElements' exists.
src/studio/analytics/ChartsStudio.tsx(16,667): error TS7026: JSX element implicitly has type 'any' because no interface 'JSX.IntrinsicElements' exists.
src/studio/analytics/ChartsStudio.tsx(16,676): error TS7026: JSX element implicitly has type 'any' because no interface 'JSX.IntrinsicElements' exists.
src/studio/analytics/ChartsStudio.tsx(16,855): error TS7026: JSX element implicitly has type 'any' because no interface 'JSX.IntrinsicElements' exists.
src/studio/analytics/ChartsStudio.tsx(16,864): error TS7026: JSX element implicitly has type 'any' because no interface 'JSX.IntrinsicElements' exists.
src/studio/analytics/ChartsStudio.tsx(17,3): error TS7026: JSX element implicitly has type 'any' because no interface 'JSX.IntrinsicElements' exists.
src/studio/analytics/ChartsStudio.tsx(17,190): error TS7026: JSX element implicitly has type 'any' because no interface 'JSX.IntrinsicElements' exists.
src/studio/analytics/ChartsStudio.tsx(17,275): error TS7026: JSX element implicitly has type 'any' because no interface 'JSX.IntrinsicElements' exists.
src/studio/analytics/ChartsStudio.tsx(17,286): error TS7026: JSX element implicitly has type 'any' because no interface 'JSX.IntrinsicElements' exists.
src/studio/analytics/ChartsStudio.tsx(18,22): error TS7026: JSX element implicitly has type 'any' because no interface 'JSX.IntrinsicElements' exists.
src/studio/analytics/ChartsStudio.tsx(18,57): error TS7026: JSX element implicitly has type 'any' because no interface 'JSX.IntrinsicElements' exists.
src/studio/analytics/ChartsStudio.tsx(18,69): error TS7026: JSX element implicitly has type 'any' because no interface 'JSX.IntrinsicElements' exists.
src/studio/analytics/ChartsStudio.tsx(18,147): error TS7006: Parameter 'e' implicitly has an 'any' type.
src/studio/analytics/ChartsStudio.tsx(18,180): error TS7026: JSX element implicitly has type 'any' because no interface 'JSX.IntrinsicElements' exists.
src/studio/analytics/ChartsStudio.tsx(18,188): error TS7026: JSX element implicitly has type 'any' because no interface 'JSX.IntrinsicElements' exists.
src/studio/analytics/ChartsStudio.tsx(18,200): error TS7026: JSX element implicitly has type 'any' because no interface 'JSX.IntrinsicElements' exists.
src/studio/analytics/ChartsStudio.tsx(18,266): error TS7006: Parameter 'e' implicitly has an 'any' type.
src/studio/analytics/ChartsStudio.tsx(18,324): error TS7026: JSX element implicitly has type 'any' because no interface 'JSX.IntrinsicElements' exists.
src/studio/analytics/ChartsStudio.tsx(18,347): error TS7026: JSX element implicitly has type 'any' because no interface 'JSX.IntrinsicElements' exists.
src/studio/analytics/ChartsStudio.tsx(18,356): error TS7026: JSX element implicitly has type 'any' because no interface 'JSX.IntrinsicElements' exists.
src/studio/analytics/ChartsStudio.tsx(18,381): error TS7026: JSX element implicitly has type 'any' because no interface 'JSX.IntrinsicElements' exists.
src/studio/analytics/ChartsStudio.tsx(18,390): error TS7026: JSX element implicitly has type 'any' because no interface 'JSX.IntrinsicElements' exists.
src/studio/analytics/ChartsStudio.tsx(18,413): error TS7026: JSX element implicitly has type 'any' because no interface 'JSX.IntrinsicElements' exists.
src/studio/analytics/ChartsStudio.tsx(18,422): error TS7026: JSX element implicitly has type 'any' because no interface 'JSX.IntrinsicElements' exists.
src/studio/analytics/ChartsStudio.tsx(18,449): error TS7026: JSX element implicitly has type 'any' because no interface 'JSX.IntrinsicElements' exists.
src/studio/analytics/ChartsStudio.tsx(18,458): error TS7026: JSX element implicitly has type 'any' because no interface 'JSX.IntrinsicElements' exists.
src/studio/analytics/ChartsStudio.tsx(18,467): error TS7026: JSX element implicitly has type 'any' because no interface 'JSX.IntrinsicElements' exists.
src/studio/analytics/ChartsStudio.tsx(18,475): error TS7026: JSX element implicitly has type 'any' because no interface 'JSX.IntrinsicElements' exists.
src/studio/analytics/ChartsStudio.tsx(18,490): error TS7026: JSX element implicitly has type 'any' because no interface 'JSX.IntrinsicElements' exists.
src/studio/analytics/ChartsStudio.tsx(18,553): error TS7006: Parameter 'e' implicitly has an 'any' type.
src/studio/analytics/ChartsStudio.tsx(18,612): error TS7026: JSX element implicitly has type 'any' because no interface 'JSX.IntrinsicElements' exists.
src/studio/analytics/ChartsStudio.tsx(18,631): error TS7026: JSX element implicitly has type 'any' because no interface 'JSX.IntrinsicElements' exists.
src/studio/analytics/ChartsStudio.tsx(18,642): error TS7026: JSX element implicitly has type 'any' because no interface 'JSX.IntrinsicElements' exists.
src/studio/analytics/ChartsStudio.tsx(18,651): error TS7026: JSX element implicitly has type 'any' because no interface 'JSX.IntrinsicElements' exists.
src/studio/analytics/ChartsStudio.tsx(18,659): error TS7026: JSX element implicitly has type 'any' because no interface 'JSX.IntrinsicElements' exists.
src/studio/analytics/ChartsStudio.tsx(18,673): error TS7026: JSX element implicitly has type 'any' because no interface 'JSX.IntrinsicElements' exists.
src/studio/analytics/ChartsStudio.tsx(18,773): error TS7006: Parameter 'e' implicitly has an 'any' type.
src/studio/analytics/ChartsStudio.tsx(18,832): error TS7026: JSX element implicitly has type 'any' because no interface 'JSX.IntrinsicElements' exists.
src/studio/analytics/ChartsStudio.tsx(18,851): error TS7026: JSX element implicitly has type 'any' because no interface 'JSX.IntrinsicElements' exists.
src/studio/analytics/ChartsStudio.tsx(18,862): error TS7026: JSX element implicitly has type 'any' because no interface 'JSX.IntrinsicElements' exists.
src/studio/analytics/ChartsStudio.tsx(18,871): error TS7026: JSX element implicitly has type 'any' because no interface 'JSX.IntrinsicElements' exists.
src/studio/analytics/ChartsStudio.tsx(18,879): error TS7026: JSX element implicitly has type 'any' because no interface 'JSX.IntrinsicElements' exists.
src/studio/analytics/ChartsStudio.tsx(18,895): error TS7026: JSX element implicitly has type 'any' because no interface 'JSX.IntrinsicElements' exists.
src/studio/analytics/ChartsStudio.tsx(18,970): error TS7006: Parameter 'e' implicitly has an 'any' type.
src/studio/analytics/ChartsStudio.tsx(18,1032): error TS7026: JSX element implicitly has type 'any' because no interface 'JSX.IntrinsicElements' exists.
src/studio/analytics/ChartsStudio.tsx(18,1055): error TS7026: JSX element implicitly has type 'any' because no interface 'JSX.IntrinsicElements' exists.
src/studio/analytics/ChartsStudio.tsx(18,1064): error TS7026: JSX element implicitly has type 'any' because no interface 'JSX.IntrinsicElements' exists.
src/studio/analytics/ChartsStudio.tsx(18,1089): error TS7026: JSX element implicitly has type 'any' because no interface 'JSX.IntrinsicElements' exists.
src/studio/analytics/ChartsStudio.tsx(18,1098): error TS7026: JSX element implicitly has type 'any' because no interface 'JSX.IntrinsicElements' exists.
src/studio/analytics/ChartsStudio.tsx(18,1129): error TS7026: JSX element implicitly has type 'any' because no interface 'JSX.IntrinsicElements' exists.
src/studio/analytics/ChartsStudio.tsx(18,1138): error TS7026: JSX element implicitly has type 'any' because no interface 'JSX.IntrinsicElements' exists.
src/studio/analytics/ChartsStudio.tsx(18,1147): error TS7026: JSX element implicitly has type 'any' because no interface 'JSX.IntrinsicElements' exists.
src/studio/analytics/ChartsStudio.tsx(18,1155): error TS7026: JSX element implicitly has type 'any' because no interface 'JSX.IntrinsicElements' exists.
src/studio/analytics/ChartsStudio.tsx(19,3): error TS7026: JSX element implicitly has type 'any' because no interface 'JSX.IntrinsicElements' exists.
src/studio/analytics/ChartsStudio.tsx(19,29): error TS7026: JSX element implicitly has type 'any' because no interface 'JSX.IntrinsicElements' exists.
src/studio/analytics/ChartsStudio.tsx(19,61): error TS7026: JSX element implicitly has type 'any' because no interface 'JSX.IntrinsicElements' exists.
src/studio/analytics/ChartsStudio.tsx(19,66): error TS7026: JSX element implicitly has type 'any' because no interface 'JSX.IntrinsicElements' exists.
src/studio/analytics/ChartsStudio.tsx(19,205): error TS7026: JSX element implicitly has type 'any' because no interface 'JSX.IntrinsicElements' exists.
src/studio/analytics/ChartsStudio.tsx(19,213): error TS7026: JSX element implicitly has type 'any' because no interface 'JSX.IntrinsicElements' exists.
src/studio/analytics/ChartsStudio.tsx(19,230): error TS7026: JSX element implicitly has type 'any' because no interface 'JSX.IntrinsicElements' exists.
src/studio/analytics/ChartsStudio.tsx(19,235): error TS7026: JSX element implicitly has type 'any' because no interface 'JSX.IntrinsicElements' exists.
src/studio/analytics/ChartsStudio.tsx(19,241): error TS7026: JSX element implicitly has type 'any' because no interface 'JSX.IntrinsicElements' exists.
src/studio/analytics/ChartsStudio.tsx(19,307): error TS7026: JSX element implicitly has type 'any' because no interface 'JSX.IntrinsicElements' exists.
src/studio/analytics/ChartsStudio.tsx(19,314): error TS7026: JSX element implicitly has type 'any' because no interface 'JSX.IntrinsicElements' exists.
src/studio/analytics/ChartsStudio.tsx(20,12): error TS7026: JSX element implicitly has type 'any' because no interface 'JSX.IntrinsicElements' exists.
src/studio/analytics/ChartsStudio.tsx(20,62): error TS7026: JSX element implicitly has type 'any' because no interface 'JSX.IntrinsicElements' exists.
src/studio/analytics/ChartsStudio.tsx(20,80): error TS7026: JSX element implicitly has type 'any' because no interface 'JSX.IntrinsicElements' exists.
src/studio/analytics/ChartsStudio.tsx(20,106): error TS7026: JSX element implicitly has type 'any' because no interface 'JSX.IntrinsicElements' exists.
src/studio/analytics/ChartsStudio.tsx(20,148): error TS7026: JSX element implicitly has type 'any' because no interface 'JSX.IntrinsicElements' exists.
src/studio/analytics/ChartsStudio.tsx(20,153): error TS7026: JSX element implicitly has type 'any' because no interface 'JSX.IntrinsicElements' exists.
src/studio/analytics/ChartsStudio.tsx(20,259): error TS7026: JSX element implicitly has type 'any' because no interface 'JSX.IntrinsicElements' exists.
src/studio/analytics/ChartsStudio.tsx(20,263): error TS7026: JSX element implicitly has type 'any' because no interface 'JSX.IntrinsicElements' exists.
src/studio/analytics/ChartsStudio.tsx(20,285): error TS7026: JSX element implicitly has type 'any' because no interface 'JSX.IntrinsicElements' exists.
src/studio/analytics/ChartsStudio.tsx(20,392): error TS7026: JSX element implicitly has type 'any' because no interface 'JSX.IntrinsicElements' exists.
src/studio/analytics/ChartsStudio.tsx(20,423): error TS7026: JSX element implicitly has type 'any' because no interface 'JSX.IntrinsicElements' exists.
src/studio/analytics/ChartsStudio.tsx(20,447): error TS7026: JSX element implicitly has type 'any' because no interface 'JSX.IntrinsicElements' exists.
src/studio/analytics/ChartsStudio.tsx(20,467): error TS7026: JSX element implicitly has type 'any' because no interface 'JSX.IntrinsicElements' exists.
src/studio/analytics/ChartsStudio.tsx(20,471): error TS7026: JSX element implicitly has type 'any' because no interface 'JSX.IntrinsicElements' exists.
src/studio/analytics/ChartsStudio.tsx(20,611): error TS7026: JSX element implicitly has type 'any' because no interface 'JSX.IntrinsicElements' exists.
src/studio/analytics/ChartsStudio.tsx(20,618): error TS7026: JSX element implicitly has type 'any' because no interface 'JSX.IntrinsicElements' exists.
src/studio/analytics/ChartsStudio.tsx(20,786): error TS7026: JSX element implicitly has type 'any' because no interface 'JSX.IntrinsicElements' exists.
src/studio/analytics/ChartsStudio.tsx(21,57): error TS7026: JSX element implicitly has type 'any' because no interface 'JSX.IntrinsicElements' exists.
src/studio/analytics/ChartsStudio.tsx(21,94): error TS7026: JSX element implicitly has type 'any' because no interface 'JSX.IntrinsicElements' exists.
src/studio/analytics/ChartsStudio.tsx(21,154): error TS7026: JSX element implicitly has type 'any' because no interface 'JSX.IntrinsicElements' exists.
src/studio/analytics/ChartsStudio.tsx(21,215): error TS7026: JSX element implicitly has type 'any' because no interface 'JSX.IntrinsicElements' exists.
src/studio/analytics/ChartsStudio.tsx(21,222): error TS7026: JSX element implicitly has type 'any' because no interface 'JSX.IntrinsicElements' exists.
src/studio/analytics/ChartsStudio.tsx(21,230): error TS7026: JSX element implicitly has type 'any' because no interface 'JSX.IntrinsicElements' exists.
src/studio/analytics/ChartsStudio.tsx(22,30): error TS7026: JSX element implicitly has type 'any' because no interface 'JSX.IntrinsicElements' exists.
src/studio/analytics/ChartsStudio.tsx(23,78): error TS7026: JSX element implicitly has type 'any' because no interface 'JSX.IntrinsicElements' exists.
src/studio/analytics/ChartsStudio.tsx(23,114): error TS7026: JSX element implicitly has type 'any' because no interface 'JSX.IntrinsicElements' exists.
src/studio/analytics/ChartsStudio.tsx(23,267): error TS7026: JSX element implicitly has type 'any' because no interface 'JSX.IntrinsicElements' exists.
src/studio/analytics/ChartsStudio.tsx(23,299): error TS7026: JSX element implicitly has type 'any' because no interface 'JSX.IntrinsicElements' exists.
src/studio/analytics/ChartsStudio.tsx(23,307): error TS7026: JSX element implicitly has type 'any' because no interface 'JSX.IntrinsicElements' exists.
src/studio/analytics/ChartsStudio.tsx(23,315): error TS7026: JSX element implicitly has type 'any' because no interface 'JSX.IntrinsicElements' exists.
src/studio/analytics/ChartsStudio.tsx(23,374): error TS7026: JSX element implicitly has type 'any' because no interface 'JSX.IntrinsicElements' exists.
src/studio/analytics/ChartsStudio.tsx(23,406): error TS7026: JSX element implicitly has type 'any' because no interface 'JSX.IntrinsicElements' exists.
src/studio/analytics/ChartsStudio.tsx(23,414): error TS7026: JSX element implicitly has type 'any' because no interface 'JSX.IntrinsicElements' exists.
src/studio/analytics/ChartsStudio.tsx(23,446): error TS7026: JSX element implicitly has type 'any' because no interface 'JSX.IntrinsicElements' exists.
src/studio/analytics/ChartsStudio.tsx(23,555): error TS7026: JSX element implicitly has type 'any' because no interface 'JSX.IntrinsicElements' exists.
src/studio/analytics/ChartsStudio.tsx(23,562): error TS7026: JSX element implicitly has type 'any' because no interface 'JSX.IntrinsicElements' exists.
src/studio/analytics/ChartsStudio.tsx(23,682): error TS7026: JSX element implicitly has type 'any' because no interface 'JSX.IntrinsicElements' exists.
src/studio/analytics/ChartsStudio.tsx(23,693): error TS7026: JSX element implicitly has type 'any' because no interface 'JSX.IntrinsicElements' exists.
src/studio/analytics/ChartsStudio.tsx(23,701): error TS7026: JSX element implicitly has type 'any' because no interface 'JSX.IntrinsicElements' exists.
src/studio/analytics/ChartsStudio.tsx(24,3): error TS7026: JSX element implicitly has type 'any' because no interface 'JSX.IntrinsicElements' exists.
src/studio/analytics/ChartsStudio.tsx(24,420): error TS7026: JSX element implicitly has type 'any' because no interface 'JSX.IntrinsicElements' exists.
src/studio/analytics/ChartsStudio.tsx(24,424): error TS7026: JSX element implicitly has type 'any' because no interface 'JSX.IntrinsicElements' exists.
src/studio/analytics/ChartsStudio.tsx(25,3): error TS7026: JSX element implicitly has type 'any' because no interface 'JSX.IntrinsicElements' exists.
src/studio/analytics/ChartsStudio.tsx(25,12): error TS7026: JSX element implicitly has type 'any' because no interface 'JSX.IntrinsicElements' exists.
src/studio/analytics/ChartsStudio.tsx(25,47): error TS7026: JSX element implicitly has type 'any' because no interface 'JSX.IntrinsicElements' exists.
src/studio/analytics/ChartsStudio.tsx(25,205): error TS7026: JSX element implicitly has type 'any' because no interface 'JSX.IntrinsicElements' exists.
src/studio/analytics/ChartsStudio.tsx(26,19): error TS7026: JSX element implicitly has type 'any' because no interface 'JSX.IntrinsicElements' exists.
src/studio/analytics/ChartsStudio.tsx(26,195): error TS7026: JSX element implicitly has type 'any' because no interface 'JSX.IntrinsicElements' exists.
src/studio/analytics/ChartsStudio.tsx(26,358): error TS7026: JSX element implicitly has type 'any' because no interface 'JSX.IntrinsicElements' exists.
src/studio/analytics/ChartsStudio.tsx(26,436): error TS7026: JSX element implicitly has type 'any' because no interface 'JSX.IntrinsicElements' exists.
src/studio/analytics/ChartsStudio.tsx(26,445): error TS7026: JSX element implicitly has type 'any' because no interface 'JSX.IntrinsicElements' exists.
src/studio/analytics/ChartsStudio.tsx(26,470): error TS7026: JSX element implicitly has type 'any' because no interface 'JSX.IntrinsicElements' exists.
src/studio/analytics/ChartsStudio.tsx(26,493): error TS7026: JSX element implicitly has type 'any' because no interface 'JSX.IntrinsicElements' exists.
src/studio/analytics/ChartsStudio.tsx(26,498): error TS7026: JSX element implicitly has type 'any' because no interface 'JSX.IntrinsicElements' exists.
src/studio/analytics/ChartsStudio.tsx(26,875): error TS7026: JSX element implicitly has type 'any' because no interface 'JSX.IntrinsicElements' exists.
src/studio/analytics/ChartsStudio.tsx(26,879): error TS7026: JSX element implicitly has type 'any' because no interface 'JSX.IntrinsicElements' exists.
src/studio/analytics/ChartsStudio.tsx(26,906): error TS7026: JSX element implicitly has type 'any' because no interface 'JSX.IntrinsicElements' exists.
src/studio/analytics/ChartsStudio.tsx(26,912): error TS7026: JSX element implicitly has type 'any' because no interface 'JSX.IntrinsicElements' exists.
src/studio/analytics/ChartsStudio.tsx(27,20): error TS7026: JSX element implicitly has type 'any' because no interface 'JSX.IntrinsicElements' exists.
src/studio/analytics/ChartsStudio.tsx(27,104): error TS7026: JSX element implicitly has type 'any' because no interface 'JSX.IntrinsicElements' exists.
src/studio/analytics/ChartsStudio.tsx(27,141): error TS7026: JSX element implicitly has type 'any' because no interface 'JSX.IntrinsicElements' exists.
src/studio/analytics/ChartsStudio.tsx(27,271): error TS7026: JSX element implicitly has type 'any' because no interface 'JSX.IntrinsicElements' exists.
src/studio/analytics/ChartsStudio.tsx(29,3): error TS7026: JSX element implicitly has type 'any' because no interface 'JSX.IntrinsicElements' exists.
src/studio/analytics/DbtStudio.tsx(1,24): error TS2307: Cannot find module 'react' or its corresponding type declarations.
src/studio/analytics/DbtStudio.tsx(16,10): error TS7026: JSX element implicitly has type 'any' because no interface 'JSX.IntrinsicElements' exists.
src/studio/analytics/DbtStudio.tsx(16,10): error TS2875: This JSX tag requires the module path 'react/jsx-runtime' to exist, but none could be found. Make sure you have types for the appropriate package installed.
src/studio/analytics/DbtStudio.tsx(16,103): error TS7026: JSX element implicitly has type 'any' because no interface 'JSX.IntrinsicElements' exists.
src/studio/analytics/DbtStudio.tsx(16,228): error TS7026: JSX element implicitly has type 'any' because no interface 'JSX.IntrinsicElements' exists.
src/studio/analytics/DbtStudio.tsx(17,5): error TS7026: JSX element implicitly has type 'any' because no interface 'JSX.IntrinsicElements' exists.
src/studio/analytics/DbtStudio.tsx(17,125): error TS7026: JSX element implicitly has type 'any' because no interface 'JSX.IntrinsicElements' exists.
src/studio/analytics/DbtStudio.tsx(18,5): error TS7026: JSX element implicitly has type 'any' because no interface 'JSX.IntrinsicElements' exists.
src/studio/analytics/DbtStudio.tsx(18,446): error TS7026: JSX element implicitly has type 'any' because no interface 'JSX.IntrinsicElements' exists.
src/studio/analytics/DbtStudio.tsx(18,555): error TS7026: JSX element implicitly has type 'any' because no interface 'JSX.IntrinsicElements' exists.
src/studio/analytics/DbtStudio.tsx(18,565): error TS7026: JSX element implicitly has type 'any' because no interface 'JSX.IntrinsicElements' exists.
src/studio/analytics/DbtStudio.tsx(18,739): error TS7026: JSX element implicitly has type 'any' because no interface 'JSX.IntrinsicElements' exists.
src/studio/analytics/DbtStudio.tsx(18,748): error TS7026: JSX element implicitly has type 'any' because no interface 'JSX.IntrinsicElements' exists.
src/studio/analytics/DbtStudio.tsx(19,5): error TS7026: JSX element implicitly has type 'any' because no interface 'JSX.IntrinsicElements' exists.
src/studio/analytics/DbtStudio.tsx(19,36): error TS7026: JSX element implicitly has type 'any' because no interface 'JSX.IntrinsicElements' exists.
src/studio/analytics/DbtStudio.tsx(19,64): error TS7026: JSX element implicitly has type 'any' because no interface 'JSX.IntrinsicElements' exists.
src/studio/analytics/DbtStudio.tsx(19,170): error TS7006: Parameter 'e' implicitly has an 'any' type.
src/studio/analytics/DbtStudio.tsx(19,203): error TS7026: JSX element implicitly has type 'any' because no interface 'JSX.IntrinsicElements' exists.
src/studio/analytics/DbtStudio.tsx(19,322): error TS7026: JSX element implicitly has type 'any' because no interface 'JSX.IntrinsicElements' exists.
src/studio/analytics/DbtStudio.tsx(19,477): error TS7026: JSX element implicitly has type 'any' because no interface 'JSX.IntrinsicElements' exists.
src/studio/analytics/DbtStudio.tsx(19,583): error TS7026: JSX element implicitly has type 'any' because no interface 'JSX.IntrinsicElements' exists.
src/studio/analytics/DbtStudio.tsx(19,590): error TS7026: JSX element implicitly has type 'any' because no interface 'JSX.IntrinsicElements' exists.
src/studio/analytics/DbtStudio.tsx(19,621): error TS7026: JSX element implicitly has type 'any' because no interface 'JSX.IntrinsicElements' exists.
src/studio/analytics/DbtStudio.tsx(19,683): error TS7026: JSX element implicitly has type 'any' because no interface 'JSX.IntrinsicElements' exists.
src/studio/analytics/DbtStudio.tsx(19,691): error TS7026: JSX element implicitly has type 'any' because no interface 'JSX.IntrinsicElements' exists.
src/studio/analytics/DbtStudio.tsx(19,698): error TS7026: JSX element implicitly has type 'any' because no interface 'JSX.IntrinsicElements' exists.
src/studio/analytics/DbtStudio.tsx(19,709): error TS7026: JSX element implicitly has type 'any' because no interface 'JSX.IntrinsicElements' exists.
src/studio/analytics/DbtStudio.tsx(19,715): error TS7026: JSX element implicitly has type 'any' because no interface 'JSX.IntrinsicElements' exists.
src/studio/analytics/DbtStudio.tsx(19,724): error TS7026: JSX element implicitly has type 'any' because no interface 'JSX.IntrinsicElements' exists.
src/studio/analytics/DbtStudio.tsx(19,748): error TS7026: JSX element implicitly has type 'any' because no interface 'JSX.IntrinsicElements' exists.
src/studio/analytics/DbtStudio.tsx(19,758): error TS7026: JSX element implicitly has type 'any' because no interface 'JSX.IntrinsicElements' exists.
src/studio/analytics/DbtStudio.tsx(19,822): error TS7006: Parameter 'e' implicitly has an 'any' type.
src/studio/analytics/DbtStudio.tsx(19,872): error TS7026: JSX element implicitly has type 'any' because no interface 'JSX.IntrinsicElements' exists.
src/studio/analytics/DbtStudio.tsx(19,1286): error TS7026: JSX element implicitly has type 'any' because no interface 'JSX.IntrinsicElements' exists.
src/studio/analytics/DbtStudio.tsx(19,1295): error TS7026: JSX element implicitly has type 'any' because no interface 'JSX.IntrinsicElements' exists.
src/studio/analytics/DbtStudio.tsx(19,1305): error TS7026: JSX element implicitly has type 'any' because no interface 'JSX.IntrinsicElements' exists.
src/studio/analytics/DbtStudio.tsx(20,5): error TS7026: JSX element implicitly has type 'any' because no interface 'JSX.IntrinsicElements' exists.
src/studio/analytics/DbtStudio.tsx(20,36): error TS7026: JSX element implicitly has type 'any' because no interface 'JSX.IntrinsicElements' exists.
src/studio/analytics/DbtStudio.tsx(20,103): error TS7026: JSX element implicitly has type 'any' because no interface 'JSX.IntrinsicElements' exists.
src/studio/analytics/DbtStudio.tsx(20,194): error TS7026: JSX element implicitly has type 'any' because no interface 'JSX.IntrinsicElements' exists.
src/studio/analytics/DbtStudio.tsx(20,203): error TS7026: JSX element implicitly has type 'any' because no interface 'JSX.IntrinsicElements' exists.
src/studio/analytics/DbtStudio.tsx(20,304): error TS7026: JSX element implicitly has type 'any' because no interface 'JSX.IntrinsicElements' exists.
src/studio/analytics/DbtStudio.tsx(20,313): error TS7026: JSX element implicitly has type 'any' because no interface 'JSX.IntrinsicElements' exists.
src/studio/analytics/DbtStudio.tsx(20,460): error TS7026: JSX element implicitly has type 'any' because no interface 'JSX.IntrinsicElements' exists.
src/studio/analytics/DbtStudio.tsx(20,469): error TS7026: JSX element implicitly has type 'any' because no interface 'JSX.IntrinsicElements' exists.
src/studio/analytics/DbtStudio.tsx(21,36): error TS7026: JSX element implicitly has type 'any' because no interface 'JSX.IntrinsicElements' exists.
src/studio/analytics/DbtStudio.tsx(21,69): error TS7026: JSX element implicitly has type 'any' because no interface 'JSX.IntrinsicElements' exists.
src/studio/analytics/DbtStudio.tsx(21,86): error TS7026: JSX element implicitly has type 'any' because no interface 'JSX.IntrinsicElements' exists.
src/studio/analytics/DbtStudio.tsx(21,93): error TS7026: JSX element implicitly has type 'any' because no interface 'JSX.IntrinsicElements' exists.
src/studio/analytics/DbtStudio.tsx(21,185): error TS7026: JSX element implicitly has type 'any' because no interface 'JSX.IntrinsicElements' exists.
src/studio/analytics/DbtStudio.tsx(21,194): error TS7026: JSX element implicitly has type 'any' because no interface 'JSX.IntrinsicElements' exists.
src/studio/analytics/DbtStudio.tsx(21,399): error TS7026: JSX element implicitly has type 'any' because no interface 'JSX.IntrinsicElements' exists.
src/studio/analytics/DbtStudio.tsx(21,535): error TS7026: JSX element implicitly has type 'any' because no interface 'JSX.IntrinsicElements' exists.
src/studio/analytics/DbtStudio.tsx(22,52): error TS7026: JSX element implicitly has type 'any' because no interface 'JSX.IntrinsicElements' exists.
src/studio/analytics/DbtStudio.tsx(22,341): error TS7026: JSX element implicitly has type 'any' because no interface 'JSX.IntrinsicElements' exists.
src/studio/analytics/DbtStudio.tsx(22,490): error TS7026: JSX element implicitly has type 'any' because no interface 'JSX.IntrinsicElements' exists.
src/studio/analytics/DbtStudio.tsx(22,516): error TS7026: JSX element implicitly has type 'any' because no interface 'JSX.IntrinsicElements' exists.
src/studio/analytics/DbtStudio.tsx(22,549): error TS7026: JSX element implicitly has type 'any' because no interface 'JSX.IntrinsicElements' exists.
src/studio/analytics/DbtStudio.tsx(22,554): error TS7026: JSX element implicitly has type 'any' because no interface 'JSX.IntrinsicElements' exists.
src/studio/analytics/DbtStudio.tsx(22,668): error TS7026: JSX element implicitly has type 'any' because no interface 'JSX.IntrinsicElements' exists.
src/studio/analytics/DbtStudio.tsx(22,672): error TS7026: JSX element implicitly has type 'any' because no interface 'JSX.IntrinsicElements' exists.
src/studio/analytics/DbtStudio.tsx(23,29): error TS7026: JSX element implicitly has type 'any' because no interface 'JSX.IntrinsicElements' exists.
src/studio/analytics/DbtStudio.tsx(23,303): error TS7026: JSX element implicitly has type 'any' because no interface 'JSX.IntrinsicElements' exists.
src/studio/analytics/DbtStudio.tsx(23,509): error TS7026: JSX element implicitly has type 'any' because no interface 'JSX.IntrinsicElements' exists.
src/studio/analytics/DbtStudio.tsx(23,841): error TS7026: JSX element implicitly has type 'any' because no interface 'JSX.IntrinsicElements' exists.
src/studio/analytics/DbtStudio.tsx(24,5): error TS7026: JSX element implicitly has type 'any' because no interface 'JSX.IntrinsicElements' exists.
src/studio/analytics/DbtStudio.tsx(24,11): error TS7026: JSX element implicitly has type 'any' because no interface 'JSX.IntrinsicElements' exists.
src/studio/analytics/DbtStudio.tsx(25,3): error TS7026: JSX element implicitly has type 'any' because no interface 'JSX.IntrinsicElements' exists.
src/studio/analytics/DbtStudio.tsx(35,12): error TS7026: JSX element implicitly has type 'any' because no interface 'JSX.IntrinsicElements' exists.
src/studio/analytics/DbtStudio.tsx(35,40): error TS7026: JSX element implicitly has type 'any' because no interface 'JSX.IntrinsicElements' exists.
src/studio/analytics/DbtStudio.tsx(35,54): error TS7026: JSX element implicitly has type 'any' because no interface 'JSX.IntrinsicElements' exists.
src/studio/analytics/DbtStudio.tsx(35,121): error TS7006: Parameter 'e' implicitly has an 'any' type.
src/studio/analytics/DbtStudio.tsx(35,176): error TS7026: JSX element implicitly has type 'any' because no interface 'JSX.IntrinsicElements' exists.
src/studio/analytics/DbtStudio.tsx(35,206): error TS7026: JSX element implicitly has type 'any' because no interface 'JSX.IntrinsicElements' exists.
src/studio/analytics/DbtStudio.tsx(35,215): error TS7026: JSX element implicitly has type 'any' because no interface 'JSX.IntrinsicElements' exists.
src/studio/analytics/DbtStudio.tsx(35,260): error TS7026: JSX element implicitly has type 'any' because no interface 'JSX.IntrinsicElements' exists.
src/studio/analytics/DbtStudio.tsx(35,269): error TS7026: JSX element implicitly has type 'any' because no interface 'JSX.IntrinsicElements' exists.
src/studio/analytics/DbtStudio.tsx(35,318): error TS7026: JSX element implicitly has type 'any' because no interface 'JSX.IntrinsicElements' exists.
src/studio/analytics/DbtStudio.tsx(35,327): error TS7026: JSX element implicitly has type 'any' because no interface 'JSX.IntrinsicElements' exists.
src/studio/analytics/DbtStudio.tsx(35,336): error TS7026: JSX element implicitly has type 'any' because no interface 'JSX.IntrinsicElements' exists.
src/studio/analytics/DbtStudio.tsx(35,344): error TS7026: JSX element implicitly has type 'any' because no interface 'JSX.IntrinsicElements' exists.
src/studio/analytics/DbtStudio.tsx(35,356): error TS7026: JSX element implicitly has type 'any' because no interface 'JSX.IntrinsicElements' exists.
src/studio/analytics/DbtStudio.tsx(35,444): error TS7006: Parameter 'e' implicitly has an 'any' type.
src/studio/analytics/DbtStudio.tsx(35,483): error TS7026: JSX element implicitly has type 'any' because no interface 'JSX.IntrinsicElements' exists.
src/studio/analytics/DbtStudio.tsx(35,491): error TS7026: JSX element implicitly has type 'any' because no interface 'JSX.IntrinsicElements' exists.
src/studio/analytics/DbtStudio.tsx(35,560): error TS7026: JSX element implicitly has type 'any' because no interface 'JSX.IntrinsicElements' exists.
src/studio/analytics/DbtStudio.tsx(35,568): error TS7026: JSX element implicitly has type 'any' because no interface 'JSX.IntrinsicElements' exists.
src/studio/analytics/DbtStudio.tsx(36,3): error TS7026: JSX element implicitly has type 'any' because no interface 'JSX.IntrinsicElements' exists.
src/studio/analytics/DbtStudio.tsx(36,36): error TS7026: JSX element implicitly has type 'any' because no interface 'JSX.IntrinsicElements' exists.
src/studio/analytics/DbtStudio.tsx(36,127): error TS7026: JSX element implicitly has type 'any' because no interface 'JSX.IntrinsicElements' exists.
src/studio/analytics/DbtStudio.tsx(36,215): error TS7026: JSX element implicitly has type 'any' because no interface 'JSX.IntrinsicElements' exists.
src/studio/analytics/DbtStudio.tsx(36,440): error TS7026: JSX element implicitly has type 'any' because no interface 'JSX.IntrinsicElements' exists.
src/studio/analytics/DbtStudio.tsx(36,488): error TS7026: JSX element implicitly has type 'any' because no interface 'JSX.IntrinsicElements' exists.
src/studio/analytics/DbtStudio.tsx(36,600): error TS7026: JSX element implicitly has type 'any' because no interface 'JSX.IntrinsicElements' exists.
src/studio/analytics/DbtStudio.tsx(36,708): error TS7026: JSX element implicitly has type 'any' because no interface 'JSX.IntrinsicElements' exists.
src/studio/analytics/DbtStudio.tsx(36,716): error TS7026: JSX element implicitly has type 'any' because no interface 'JSX.IntrinsicElements' exists.
src/studio/analytics/DbtStudio.tsx(36,784): error TS7026: JSX element implicitly has type 'any' because no interface 'JSX.IntrinsicElements' exists.
src/studio/analytics/DbtStudio.tsx(36,975): error TS7026: JSX element implicitly has type 'any' because no interface 'JSX.IntrinsicElements' exists.
src/studio/analytics/DbtStudio.tsx(36,989): error TS7026: JSX element implicitly has type 'any' because no interface 'JSX.IntrinsicElements' exists.
src/studio/analytics/DbtStudio.tsx(36,996): error TS7026: JSX element implicitly has type 'any' because no interface 'JSX.IntrinsicElements' exists.
src/studio/analytics/DbtStudio.tsx(36,1008): error TS7026: JSX element implicitly has type 'any' because no interface 'JSX.IntrinsicElements' exists.
src/studio/analytics/DbtStudio.tsx(36,1012): error TS7026: JSX element implicitly has type 'any' because no interface 'JSX.IntrinsicElements' exists.
src/studio/analytics/DbtStudio.tsx(36,1055): error TS7026: JSX element implicitly has type 'any' because no interface 'JSX.IntrinsicElements' exists.
src/studio/analytics/DbtStudio.tsx(36,1063): error TS7026: JSX element implicitly has type 'any' because no interface 'JSX.IntrinsicElements' exists.
src/studio/analytics/DbtStudio.tsx(36,1076): error TS7026: JSX element implicitly has type 'any' because no interface 'JSX.IntrinsicElements' exists.
src/studio/analytics/DbtStudio.tsx(36,1082): error TS7026: JSX element implicitly has type 'any' because no interface 'JSX.IntrinsicElements' exists.
src/studio/analytics/DbtStudio.tsx(36,1088): error TS7026: JSX element implicitly has type 'any' because no interface 'JSX.IntrinsicElements' exists.
src/studio/analytics/DbtStudio.tsx(37,12): error TS7026: JSX element implicitly has type 'any' because no interface 'JSX.IntrinsicElements' exists.
src/studio/analytics/DbtStudio.tsx(37,42): error TS7026: JSX element implicitly has type 'any' because no interface 'JSX.IntrinsicElements' exists.
src/studio/analytics/DbtStudio.tsx(37,57): error TS7026: JSX element implicitly has type 'any' because no interface 'JSX.IntrinsicElements' exists.
src/studio/analytics/DbtStudio.tsx(37,61): error TS7026: JSX element implicitly has type 'any' because no interface 'JSX.IntrinsicElements' exists.
src/studio/analytics/DbtStudio.tsx(37,76): error TS7026: JSX element implicitly has type 'any' because no interface 'JSX.IntrinsicElements' exists.
src/studio/analytics/DbtStudio.tsx(37,83): error TS7026: JSX element implicitly has type 'any' because no interface 'JSX.IntrinsicElements' exists.
src/studio/analytics/DbtStudio.tsx(37,226): error TS7026: JSX element implicitly has type 'any' because no interface 'JSX.IntrinsicElements' exists.
src/studio/analytics/DbtStudio.tsx(37,233): error TS7026: JSX element implicitly has type 'any' because no interface 'JSX.IntrinsicElements' exists.
src/studio/analytics/DbtStudio.tsx(43,10): error TS7026: JSX element implicitly has type 'any' because no interface 'JSX.IntrinsicElements' exists.
src/studio/analytics/DbtStudio.tsx(43,102): error TS7026: JSX element implicitly has type 'any' because no interface 'JSX.IntrinsicElements' exists.
src/studio/analytics/DbtStudio.tsx(43,252): error TS7026: JSX element implicitly has type 'any' because no interface 'JSX.IntrinsicElements' exists.
src/studio/analytics/DbtStudio.tsx(43,267): error TS7026: JSX element implicitly has type 'any' because no interface 'JSX.IntrinsicElements' exists.
src/studio/analytics/DbtStudio.tsx(43,406): error TS7026: JSX element implicitly has type 'any' because no interface 'JSX.IntrinsicElements' exists.
src/studio/analytics/DbtStudio.tsx(44,3): error TS7026: JSX element implicitly has type 'any' because no interface 'JSX.IntrinsicElements' exists.
src/studio/analytics/DbtStudio.tsx(44,31): error TS7026: JSX element implicitly has type 'any' because no interface 'JSX.IntrinsicElements' exists.
src/studio/analytics/DbtStudio.tsx(44,139): error TS7026: JSX element implicitly has type 'any' because no interface 'JSX.IntrinsicElements' exists.
src/studio/analytics/DbtStudio.tsx(44,148): error TS7026: JSX element implicitly has type 'any' because no interface 'JSX.IntrinsicElements' exists.
src/studio/analytics/DbtStudio.tsx(44,314): error TS7026: JSX element implicitly has type 'any' because no interface 'JSX.IntrinsicElements' exists.
src/studio/analytics/DbtStudio.tsx(44,349): error TS7026: JSX element implicitly has type 'any' because no interface 'JSX.IntrinsicElements' exists.
src/studio/analytics/DbtStudio.tsx(44,356): error TS7026: JSX element implicitly has type 'any' because no interface 'JSX.IntrinsicElements' exists.
src/studio/analytics/DbtStudio.tsx(44,405): error TS7006: Parameter 'e' implicitly has an 'any' type.
src/studio/analytics/DbtStudio.tsx(44,457): error TS7026: JSX element implicitly has type 'any' because no interface 'JSX.IntrinsicElements' exists.
src/studio/analytics/DbtStudio.tsx(44,466): error TS7026: JSX element implicitly has type 'any' because no interface 'JSX.IntrinsicElements' exists.
src/studio/analytics/DbtStudio.tsx(45,29): error TS7026: JSX element implicitly has type 'any' because no interface 'JSX.IntrinsicElements' exists.
src/studio/analytics/DbtStudio.tsx(45,469): error TS7026: JSX element implicitly has type 'any' because no interface 'JSX.IntrinsicElements' exists.
src/studio/analytics/DbtStudio.tsx(46,31): error TS7026: JSX element implicitly has type 'any' because no interface 'JSX.IntrinsicElements' exists.
src/studio/analytics/DbtStudio.tsx(46,63): error TS7026: JSX element implicitly has type 'any' because no interface 'JSX.IntrinsicElements' exists.
src/studio/analytics/DbtStudio.tsx(46,114): error TS7026: JSX element implicitly has type 'any' because no interface 'JSX.IntrinsicElements' exists.
src/studio/analytics/DbtStudio.tsx(46,154): error TS7026: JSX element implicitly has type 'any' because no interface 'JSX.IntrinsicElements' exists.
src/studio/analytics/DbtStudio.tsx(46,168): error TS7026: JSX element implicitly has type 'any' because no interface 'JSX.IntrinsicElements' exists.
src/studio/analytics/DbtStudio.tsx(46,174): error TS7026: JSX element implicitly has type 'any' because no interface 'JSX.IntrinsicElements' exists.
src/studio/analytics/DbtStudio.tsx(46,185): error TS7026: JSX element implicitly has type 'any' because no interface 'JSX.IntrinsicElements' exists.
src/studio/analytics/ModelStudio.tsx(1,24): error TS2307: Cannot find module 'react' or its corresponding type declarations.
src/studio/analytics/ModelStudio.tsx(17,64): error TS7026: JSX element implicitly has type 'any' because no interface 'JSX.IntrinsicElements' exists.
src/studio/analytics/ModelStudio.tsx(17,64): error TS2875: This JSX tag requires the module path 'react/jsx-runtime' to exist, but none could be found. Make sure you have types for the appropriate package installed.
src/studio/analytics/ModelStudio.tsx(17,159): error TS7026: JSX element implicitly has type 'any' because no interface 'JSX.IntrinsicElements' exists.
src/studio/analytics/ModelStudio.tsx(20,10): error TS7026: JSX element implicitly has type 'any' because no interface 'JSX.IntrinsicElements' exists.
src/studio/analytics/ModelStudio.tsx(20,112): error TS7026: JSX element implicitly has type 'any' because no interface 'JSX.IntrinsicElements' exists.
src/studio/analytics/ModelStudio.tsx(20,154): error TS7026: JSX element implicitly has type 'any' because no interface 'JSX.IntrinsicElements' exists.
src/studio/analytics/ModelStudio.tsx(20,169): error TS7026: JSX element implicitly has type 'any' because no interface 'JSX.IntrinsicElements' exists.
src/studio/analytics/ModelStudio.tsx(20,306): error TS7026: JSX element implicitly has type 'any' because no interface 'JSX.IntrinsicElements' exists.
src/studio/analytics/ModelStudio.tsx(21,5): error TS7026: JSX element implicitly has type 'any' because no interface 'JSX.IntrinsicElements' exists.
src/studio/analytics/ModelStudio.tsx(21,33): error TS7026: JSX element implicitly has type 'any' because no interface 'JSX.IntrinsicElements' exists.
src/studio/analytics/ModelStudio.tsx(21,131): error TS7026: JSX element implicitly has type 'any' because no interface 'JSX.IntrinsicElements' exists.
src/studio/analytics/ModelStudio.tsx(21,140): error TS7026: JSX element implicitly has type 'any' because no interface 'JSX.IntrinsicElements' exists.
src/studio/analytics/ModelStudio.tsx(21,247): error TS7026: JSX element implicitly has type 'any' because no interface 'JSX.IntrinsicElements' exists.
src/studio/analytics/ModelStudio.tsx(21,256): error TS7026: JSX element implicitly has type 'any' because no interface 'JSX.IntrinsicElements' exists.
src/studio/analytics/ModelStudio.tsx(21,351): error TS7026: JSX element implicitly has type 'any' because no interface 'JSX.IntrinsicElements' exists.
src/studio/analytics/ModelStudio.tsx(21,360): error TS7026: JSX element implicitly has type 'any' because no interface 'JSX.IntrinsicElements' exists.
src/studio/analytics/ModelStudio.tsx(21,436): error TS7006: Parameter 'e' implicitly has an 'any' type.
src/studio/analytics/ModelStudio.tsx(21,470): error TS7026: JSX element implicitly has type 'any' because no interface 'JSX.IntrinsicElements' exists.
src/studio/analytics/ModelStudio.tsx(21,810): error TS7026: JSX element implicitly has type 'any' because no interface 'JSX.IntrinsicElements' exists.
src/studio/analytics/ModelStudio.tsx(21,819): error TS7026: JSX element implicitly has type 'any' because no interface 'JSX.IntrinsicElements' exists.
src/studio/analytics/ModelStudio.tsx(22,28): error TS7026: JSX element implicitly has type 'any' because no interface 'JSX.IntrinsicElements' exists.
src/studio/analytics/ModelStudio.tsx(22,61): error TS7026: JSX element implicitly has type 'any' because no interface 'JSX.IntrinsicElements' exists.
src/studio/analytics/ModelStudio.tsx(22,94): error TS7026: JSX element implicitly has type 'any' because no interface 'JSX.IntrinsicElements' exists.
src/studio/analytics/ModelStudio.tsx(23,7): error TS7026: JSX element implicitly has type 'any' because no interface 'JSX.IntrinsicElements' exists.
src/studio/analytics/ModelStudio.tsx(23,466): error TS7026: JSX element implicitly has type 'any' because no interface 'JSX.IntrinsicElements' exists.
src/studio/analytics/ModelStudio.tsx(23,480): error TS7026: JSX element implicitly has type 'any' because no interface 'JSX.IntrinsicElements' exists.
src/studio/analytics/ModelStudio.tsx(23,559): error TS7026: JSX element implicitly has type 'any' because no interface 'JSX.IntrinsicElements' exists.
src/studio/analytics/ModelStudio.tsx(23,691): error TS7026: JSX element implicitly has type 'any' because no interface 'JSX.IntrinsicElements' exists.
src/studio/analytics/ModelStudio.tsx(23,698): error TS7026: JSX element implicitly has type 'any' because no interface 'JSX.IntrinsicElements' exists.
src/studio/analytics/ModelStudio.tsx(23,706): error TS7026: JSX element implicitly has type 'any' because no interface 'JSX.IntrinsicElements' exists.
src/studio/analytics/ModelStudio.tsx(24,30): error TS7026: JSX element implicitly has type 'any' because no interface 'JSX.IntrinsicElements' exists.
src/studio/analytics/ModelStudio.tsx(24,158): error TS7026: JSX element implicitly has type 'any' because no interface 'JSX.IntrinsicElements' exists.
src/studio/analytics/ModelStudio.tsx(24,283): error TS7006: Parameter 'e' implicitly has an 'any' type.
src/studio/analytics/ModelStudio.tsx(24,494): error TS7006: Parameter 'e' implicitly has an 'any' type.
src/studio/analytics/ModelStudio.tsx(24,865): error TS7006: Parameter 'e' implicitly has an 'any' type.
src/studio/analytics/ModelStudio.tsx(24,1193): error TS7026: JSX element implicitly has type 'any' because no interface 'JSX.IntrinsicElements' exists.
src/studio/analytics/ModelStudio.tsx(24,1204): error TS7026: JSX element implicitly has type 'any' because no interface 'JSX.IntrinsicElements' exists.
src/studio/analytics/ModelStudio.tsx(24,1208): error TS7026: JSX element implicitly has type 'any' because no interface 'JSX.IntrinsicElements' exists.
src/studio/analytics/ModelStudio.tsx(24,1223): error TS7026: JSX element implicitly has type 'any' because no interface 'JSX.IntrinsicElements' exists.
src/studio/analytics/ModelStudio.tsx(24,1231): error TS7026: JSX element implicitly has type 'any' because no interface 'JSX.IntrinsicElements' exists.
src/studio/analytics/ModelStudio.tsx(24,1260): error TS7026: JSX element implicitly has type 'any' because no interface 'JSX.IntrinsicElements' exists.
src/studio/analytics/ModelStudio.tsx(24,1304): error TS7026: JSX element implicitly has type 'any' because no interface 'JSX.IntrinsicElements' exists.
src/studio/analytics/ModelStudio.tsx(24,1456): error TS7026: JSX element implicitly has type 'any' because no interface 'JSX.IntrinsicElements' exists.
src/studio/analytics/ModelStudio.tsx(24,1463): error TS7026: JSX element implicitly has type 'any' because no interface 'JSX.IntrinsicElements' exists.
src/studio/analytics/ModelStudio.tsx(24,1474): error TS7026: JSX element implicitly has type 'any' because no interface 'JSX.IntrinsicElements' exists.
src/studio/analytics/ModelStudio.tsx(24,1478): error TS7026: JSX element implicitly has type 'any' because no interface 'JSX.IntrinsicElements' exists.
src/studio/analytics/ModelStudio.tsx(24,1493): error TS7026: JSX element implicitly has type 'any' because no interface 'JSX.IntrinsicElements' exists.
src/studio/analytics/ModelStudio.tsx(24,1501): error TS7026: JSX element implicitly has type 'any' because no interface 'JSX.IntrinsicElements' exists.
src/studio/analytics/ModelStudio.tsx(24,1509): error TS7026: JSX element implicitly has type 'any' because no interface 'JSX.IntrinsicElements' exists.
src/studio/analytics/ModelStudio.tsx(24,1543): error TS7026: JSX element implicitly has type 'any' because no interface 'JSX.IntrinsicElements' exists.
src/studio/analytics/ModelStudio.tsx(24,1547): error TS7026: JSX element implicitly has type 'any' because no interface 'JSX.IntrinsicElements' exists.
src/studio/analytics/ModelStudio.tsx(24,1559): error TS7026: JSX element implicitly has type 'any' because no interface 'JSX.IntrinsicElements' exists.
src/studio/analytics/ModelStudio.tsx(24,1565): error TS7026: JSX element implicitly has type 'any' because no interface 'JSX.IntrinsicElements' exists.
src/studio/analytics/ModelStudio.tsx(25,7): error TS7026: JSX element implicitly has type 'any' because no interface 'JSX.IntrinsicElements' exists.
src/studio/analytics/ModelStudio.tsx(25,57): error TS7026: JSX element implicitly has type 'any' because no interface 'JSX.IntrinsicElements' exists.
src/studio/analytics/ModelStudio.tsx(25,77): error TS7026: JSX element implicitly has type 'any' because no interface 'JSX.IntrinsicElements' exists.
src/studio/analytics/ModelStudio.tsx(25,82): error TS7026: JSX element implicitly has type 'any' because no interface 'JSX.IntrinsicElements' exists.
src/studio/analytics/ModelStudio.tsx(25,93): error TS7026: JSX element implicitly has type 'any' because no interface 'JSX.IntrinsicElements' exists.
src/studio/analytics/ModelStudio.tsx(25,177): error TS7006: Parameter 'e' implicitly has an 'any' type.
src/studio/analytics/ModelStudio.tsx(25,286): error TS7026: JSX element implicitly has type 'any' because no interface 'JSX.IntrinsicElements' exists.
src/studio/analytics/ModelStudio.tsx(25,294): error TS7026: JSX element implicitly has type 'any' because no interface 'JSX.IntrinsicElements' exists.
src/studio/analytics/ModelStudio.tsx(25,305): error TS7026: JSX element implicitly has type 'any' because no interface 'JSX.IntrinsicElements' exists.
src/studio/analytics/ModelStudio.tsx(25,366): error TS7006: Parameter 'e' implicitly has an 'any' type.
src/studio/analytics/ModelStudio.tsx(25,440): error TS7026: JSX element implicitly has type 'any' because no interface 'JSX.IntrinsicElements' exists.
src/studio/analytics/ModelStudio.tsx(25,465): error TS7026: JSX element implicitly has type 'any' because no interface 'JSX.IntrinsicElements' exists.
src/studio/analytics/ModelStudio.tsx(25,474): error TS7026: JSX element implicitly has type 'any' because no interface 'JSX.IntrinsicElements' exists.
src/studio/analytics/ModelStudio.tsx(25,509): error TS7026: JSX element implicitly has type 'any' because no interface 'JSX.IntrinsicElements' exists.
src/studio/analytics/ModelStudio.tsx(25,518): error TS7026: JSX element implicitly has type 'any' because no interface 'JSX.IntrinsicElements' exists.
src/studio/analytics/ModelStudio.tsx(25,547): error TS7026: JSX element implicitly has type 'any' because no interface 'JSX.IntrinsicElements' exists.
src/studio/analytics/ModelStudio.tsx(25,556): error TS7026: JSX element implicitly has type 'any' because no interface 'JSX.IntrinsicElements' exists.
src/studio/analytics/ModelStudio.tsx(25,565): error TS7026: JSX element implicitly has type 'any' because no interface 'JSX.IntrinsicElements' exists.
src/studio/analytics/ModelStudio.tsx(25,573): error TS7026: JSX element implicitly has type 'any' because no interface 'JSX.IntrinsicElements' exists.
src/studio/analytics/ModelStudio.tsx(25,585): error TS7026: JSX element implicitly has type 'any' because no interface 'JSX.IntrinsicElements' exists.
src/studio/analytics/ModelStudio.tsx(25,666): error TS7006: Parameter 'e' implicitly has an 'any' type.
src/studio/analytics/ModelStudio.tsx(25,720): error TS7026: JSX element implicitly has type 'any' because no interface 'JSX.IntrinsicElements' exists.
src/studio/analytics/ModelStudio.tsx(25,728): error TS7026: JSX element implicitly has type 'any' because no interface 'JSX.IntrinsicElements' exists.
src/studio/analytics/ModelStudio.tsx(25,739): error TS7026: JSX element implicitly has type 'any' because no interface 'JSX.IntrinsicElements' exists.
src/studio/analytics/ModelStudio.tsx(25,768): error TS7026: JSX element implicitly has type 'any' because no interface 'JSX.IntrinsicElements' exists.
src/studio/analytics/ModelStudio.tsx(25,811): error TS7026: JSX element implicitly has type 'any' because no interface 'JSX.IntrinsicElements' exists.
src/studio/analytics/ModelStudio.tsx(25,891): error TS7006: Parameter 'e' implicitly has an 'any' type.
src/studio/analytics/ModelStudio.tsx(25,1061): error TS7026: JSX element implicitly has type 'any' because no interface 'JSX.IntrinsicElements' exists.
src/studio/analytics/ModelStudio.tsx(25,1127): error TS7006: Parameter 'e' implicitly has an 'any' type.
src/studio/analytics/ModelStudio.tsx(25,1260): error TS7026: JSX element implicitly has type 'any' because no interface 'JSX.IntrinsicElements' exists.
src/studio/analytics/ModelStudio.tsx(25,1279): error TS7026: JSX element implicitly has type 'any' because no interface 'JSX.IntrinsicElements' exists.
src/studio/analytics/ModelStudio.tsx(25,1290): error TS7026: JSX element implicitly has type 'any' because no interface 'JSX.IntrinsicElements' exists.
src/studio/analytics/ModelStudio.tsx(25,1299): error TS7026: JSX element implicitly has type 'any' because no interface 'JSX.IntrinsicElements' exists.
src/studio/analytics/ModelStudio.tsx(25,1306): error TS7026: JSX element implicitly has type 'any' because no interface 'JSX.IntrinsicElements' exists.
src/studio/analytics/ModelStudio.tsx(25,1359): error TS7006: Parameter 'e' implicitly has an 'any' type.
src/studio/analytics/ModelStudio.tsx(25,1528): error TS7026: JSX element implicitly has type 'any' because no interface 'JSX.IntrinsicElements' exists.
src/studio/analytics/ModelStudio.tsx(25,1536): error TS7026: JSX element implicitly has type 'any' because no interface 'JSX.IntrinsicElements' exists.
src/studio/analytics/ModelStudio.tsx(25,1543): error TS7026: JSX element implicitly has type 'any' because no interface 'JSX.IntrinsicElements' exists.
src/studio/analytics/ModelStudio.tsx(25,1597): error TS7006: Parameter 'e' implicitly has an 'any' type.
src/studio/analytics/ModelStudio.tsx(25,1725): error TS7026: JSX element implicitly has type 'any' because no interface 'JSX.IntrinsicElements' exists.
src/studio/analytics/ModelStudio.tsx(25,1733): error TS7026: JSX element implicitly has type 'any' because no interface 'JSX.IntrinsicElements' exists.
src/studio/analytics/ModelStudio.tsx(25,1741): error TS7026: JSX element implicitly has type 'any' because no interface 'JSX.IntrinsicElements' exists.
src/studio/analytics/ModelStudio.tsx(25,2109): error TS7026: JSX element implicitly has type 'any' because no interface 'JSX.IntrinsicElements' exists.
src/studio/analytics/ModelStudio.tsx(25,2118): error TS7026: JSX element implicitly has type 'any' because no interface 'JSX.IntrinsicElements' exists.
src/studio/analytics/ModelStudio.tsx(25,2366): error TS7026: JSX element implicitly has type 'any' because no interface 'JSX.IntrinsicElements' exists.
src/studio/analytics/ModelStudio.tsx(25,2381): error TS7026: JSX element implicitly has type 'any' because no interface 'JSX.IntrinsicElements' exists.
src/studio/analytics/ModelStudio.tsx(25,2473): error TS7026: JSX element implicitly has type 'any' because no interface 'JSX.IntrinsicElements' exists.
src/studio/analytics/ModelStudio.tsx(25,2478): error TS7026: JSX element implicitly has type 'any' because no interface 'JSX.IntrinsicElements' exists.
src/studio/analytics/ModelStudio.tsx(25,2486): error TS7026: JSX element implicitly has type 'any' because no interface 'JSX.IntrinsicElements' exists.
src/studio/analytics/ModelStudio.tsx(26,26): error TS7026: JSX element implicitly has type 'any' because no interface 'JSX.IntrinsicElements' exists.
src/studio/analytics/ModelStudio.tsx(26,125): error TS7026: JSX element implicitly has type 'any' because no interface 'JSX.IntrinsicElements' exists.
src/studio/analytics/ModelStudio.tsx(27,5): error TS7026: JSX element implicitly has type 'any' because no interface 'JSX.IntrinsicElements' exists.
src/studio/analytics/ModelStudio.tsx(27,30): error TS7026: JSX element implicitly has type 'any' because no interface 'JSX.IntrinsicElements' exists.
src/studio/analytics/ModelStudio.tsx(27,108): error TS7026: JSX element implicitly has type 'any' because no interface 'JSX.IntrinsicElements' exists.
src/studio/analytics/ModelStudio.tsx(27,113): error TS7026: JSX element implicitly has type 'any' because no interface 'JSX.IntrinsicElements' exists.
src/studio/analytics/ModelStudio.tsx(27,141): error TS7026: JSX element implicitly has type 'any' because no interface 'JSX.IntrinsicElements' exists.
src/studio/analytics/ModelStudio.tsx(27,152): error TS7026: JSX element implicitly has type 'any' because no interface 'JSX.IntrinsicElements' exists.
src/studio/analytics/ModelStudio.tsx(27,214): error TS7006: Parameter 'e' implicitly has an 'any' type.
src/studio/analytics/ModelStudio.tsx(27,253): error TS7026: JSX element implicitly has type 'any' because no interface 'JSX.IntrinsicElements' exists.
src/studio/analytics/ModelStudio.tsx(27,262): error TS7026: JSX element implicitly has type 'any' because no interface 'JSX.IntrinsicElements' exists.
src/studio/analytics/ModelStudio.tsx(27,270): error TS7026: JSX element implicitly has type 'any' because no interface 'JSX.IntrinsicElements' exists.
src/studio/analytics/ModelStudio.tsx(27,279): error TS7026: JSX element implicitly has type 'any' because no interface 'JSX.IntrinsicElements' exists.
src/studio/analytics/ModelStudio.tsx(27,337): error TS7006: Parameter 'e' implicitly has an 'any' type.
src/studio/analytics/ModelStudio.tsx(27,374): error TS7026: JSX element implicitly has type 'any' because no interface 'JSX.IntrinsicElements' exists.
src/studio/analytics/ModelStudio.tsx(27,383): error TS7026: JSX element implicitly has type 'any' because no interface 'JSX.IntrinsicElements' exists.
src/studio/analytics/ModelStudio.tsx(27,413): error TS7026: JSX element implicitly has type 'any' because no interface 'JSX.IntrinsicElements' exists.
src/studio/analytics/ModelStudio.tsx(27,505): error TS7006: Parameter 'e' implicitly has an 'any' type.
src/studio/analytics/ModelStudio.tsx(27,545): error TS7026: JSX element implicitly has type 'any' because no interface 'JSX.IntrinsicElements' exists.
src/studio/analytics/ModelStudio.tsx(27,608): error TS7006: Parameter 'e' implicitly has an 'any' type.
src/studio/analytics/ModelStudio.tsx(27,676): error TS7026: JSX element implicitly has type 'any' because no interface 'JSX.IntrinsicElements' exists.
src/studio/analytics/ModelStudio.tsx(27,723): error TS7026: JSX element implicitly has type 'any' because no interface 'JSX.IntrinsicElements' exists.
src/studio/analytics/ModelStudio.tsx(27,732): error TS7026: JSX element implicitly has type 'any' because no interface 'JSX.IntrinsicElements' exists.
src/studio/analytics/ModelStudio.tsx(27,777): error TS7026: JSX element implicitly has type 'any' because no interface 'JSX.IntrinsicElements' exists.
src/studio/analytics/ModelStudio.tsx(27,786): error TS7026: JSX element implicitly has type 'any' because no interface 'JSX.IntrinsicElements' exists.
src/studio/analytics/ModelStudio.tsx(27,835): error TS7026: JSX element implicitly has type 'any' because no interface 'JSX.IntrinsicElements' exists.
src/studio/analytics/ModelStudio.tsx(27,844): error TS7026: JSX element implicitly has type 'any' because no interface 'JSX.IntrinsicElements' exists.
src/studio/analytics/ModelStudio.tsx(27,854): error TS7026: JSX element implicitly has type 'any' because no interface 'JSX.IntrinsicElements' exists.
src/studio/analytics/ModelStudio.tsx(27,1535): error TS7026: JSX element implicitly has type 'any' because no interface 'JSX.IntrinsicElements' exists.
src/studio/analytics/ModelStudio.tsx(27,1544): error TS7026: JSX element implicitly has type 'any' because no interface 'JSX.IntrinsicElements' exists.
src/studio/analytics/ModelStudio.tsx(28,75): error TS7026: JSX element implicitly has type 'any' because no interface 'JSX.IntrinsicElements' exists.
src/studio/analytics/ModelStudio.tsx(28,119): error TS7026: JSX element implicitly has type 'any' because no interface 'JSX.IntrinsicElements' exists.
src/studio/analytics/ModelStudio.tsx(28,158): error TS7026: JSX element implicitly has type 'any' because no interface 'JSX.IntrinsicElements' exists.
src/studio/analytics/ModelStudio.tsx(28,165): error TS7026: JSX element implicitly has type 'any' because no interface 'JSX.IntrinsicElements' exists.
src/studio/analytics/ModelStudio.tsx(28,173): error TS7026: JSX element implicitly has type 'any' because no interface 'JSX.IntrinsicElements' exists.
src/studio/analytics/ModelStudio.tsx(28,180): error TS7026: JSX element implicitly has type 'any' because no interface 'JSX.IntrinsicElements' exists.
src/studio/analytics/ModelStudio.tsx(28,215): error TS7026: JSX element implicitly has type 'any' because no interface 'JSX.IntrinsicElements' exists.
src/studio/analytics/ModelStudio.tsx(28,222): error TS7026: JSX element implicitly has type 'any' because no interface 'JSX.IntrinsicElements' exists.
src/studio/analytics/ModelStudio.tsx(28,279): error TS7026: JSX element implicitly has type 'any' because no interface 'JSX.IntrinsicElements' exists.
src/studio/analytics/ModelStudio.tsx(28,287): error TS7026: JSX element implicitly has type 'any' because no interface 'JSX.IntrinsicElements' exists.
src/studio/analytics/ModelStudio.tsx(28,517): error TS7026: JSX element implicitly has type 'any' because no interface 'JSX.IntrinsicElements' exists.
src/studio/analytics/ModelStudio.tsx(28,526): error TS7026: JSX element implicitly has type 'any' because no interface 'JSX.IntrinsicElements' exists.
src/studio/analytics/ModelStudio.tsx(28,534): error TS7026: JSX element implicitly has type 'any' because no interface 'JSX.IntrinsicElements' exists.
src/studio/analytics/ModelStudio.tsx(28,815): error TS7026: JSX element implicitly has type 'any' because no interface 'JSX.IntrinsicElements' exists.
src/studio/analytics/ModelStudio.tsx(28,823): error TS7026: JSX element implicitly has type 'any' because no interface 'JSX.IntrinsicElements' exists.
src/studio/analytics/ModelStudio.tsx(29,5): error TS7026: JSX element implicitly has type 'any' because no interface 'JSX.IntrinsicElements' exists.
src/studio/analytics/ModelStudio.tsx(29,78): error TS7026: JSX element implicitly has type 'any' because no interface 'JSX.IntrinsicElements' exists.
src/studio/analytics/ModelStudio.tsx(29,127): error TS7026: JSX element implicitly has type 'any' because no interface 'JSX.IntrinsicElements' exists.
src/studio/analytics/ModelStudio.tsx(29,168): error TS7026: JSX element implicitly has type 'any' because no interface 'JSX.IntrinsicElements' exists.
src/studio/analytics/ModelStudio.tsx(29,234): error TS7026: JSX element implicitly has type 'any' because no interface 'JSX.IntrinsicElements' exists.
src/studio/analytics/ModelStudio.tsx(29,263): error TS7026: JSX element implicitly has type 'any' because no interface 'JSX.IntrinsicElements' exists.
src/studio/analytics/ModelStudio.tsx(29,279): error TS7026: JSX element implicitly has type 'any' because no interface 'JSX.IntrinsicElements' exists.
src/studio/analytics/ModelStudio.tsx(29,285): error TS7026: JSX element implicitly has type 'any' because no interface 'JSX.IntrinsicElements' exists.
src/studio/analytics/ModelStudio.tsx(29,376): error TS7026: JSX element implicitly has type 'any' because no interface 'JSX.IntrinsicElements' exists.
src/studio/analytics/ModelStudio.tsx(29,381): error TS7026: JSX element implicitly has type 'any' because no interface 'JSX.IntrinsicElements' exists.
src/studio/analytics/ModelStudio.tsx(30,3): error TS7026: JSX element implicitly has type 'any' because no interface 'JSX.IntrinsicElements' exists.
src/studio/analytics/ModelStudio.tsx(38,10): error TS7026: JSX element implicitly has type 'any' because no interface 'JSX.IntrinsicElements' exists.
src/studio/analytics/ModelStudio.tsx(38,131): error TS7026: JSX element implicitly has type 'any' because no interface 'JSX.IntrinsicElements' exists.
src/studio/analytics/ModelStudio.tsx(38,186): error TS7026: JSX element implicitly has type 'any' because no interface 'JSX.IntrinsicElements' exists.
src/studio/analytics/ModelStudio.tsx(38,201): error TS7026: JSX element implicitly has type 'any' because no interface 'JSX.IntrinsicElements' exists.
src/studio/analytics/ModelStudio.tsx(38,327): error TS7026: JSX element implicitly has type 'any' because no interface 'JSX.IntrinsicElements' exists.
src/studio/analytics/ModelStudio.tsx(39,3): error TS7026: JSX element implicitly has type 'any' because no interface 'JSX.IntrinsicElements' exists.
src/studio/analytics/ModelStudio.tsx(39,60): error TS7026: JSX element implicitly has type 'any' because no interface 'JSX.IntrinsicElements' exists.
src/studio/analytics/ModelStudio.tsx(39,142): error TS7026: JSX element implicitly has type 'any' because no interface 'JSX.IntrinsicElements' exists.
src/studio/analytics/ModelStudio.tsx(39,153): error TS7026: JSX element implicitly has type 'any' because no interface 'JSX.IntrinsicElements' exists.
src/studio/analytics/ModelStudio.tsx(39,157): error TS7026: JSX element implicitly has type 'any' because no interface 'JSX.IntrinsicElements' exists.
src/studio/analytics/ModelStudio.tsx(39,251): error TS7026: JSX element implicitly has type 'any' because no interface 'JSX.IntrinsicElements' exists.
src/studio/analytics/ModelStudio.tsx(39,258): error TS7026: JSX element implicitly has type 'any' because no interface 'JSX.IntrinsicElements' exists.
src/studio/analytics/ModelStudio.tsx(39,269): error TS7026: JSX element implicitly has type 'any' because no interface 'JSX.IntrinsicElements' exists.
src/studio/analytics/ModelStudio.tsx(40,3): error TS7026: JSX element implicitly has type 'any' because no interface 'JSX.IntrinsicElements' exists.
src/studio/analytics/ModelStudio.tsx(40,31): error TS7026: JSX element implicitly has type 'any' because no interface 'JSX.IntrinsicElements' exists.
src/studio/analytics/ModelStudio.tsx(40,109): error TS7026: JSX element implicitly has type 'any' because no interface 'JSX.IntrinsicElements' exists.
src/studio/analytics/ModelStudio.tsx(40,118): error TS7026: JSX element implicitly has type 'any' because no interface 'JSX.IntrinsicElements' exists.
src/studio/analytics/ModelStudio.tsx(40,224): error TS7006: Parameter 'e' implicitly has an 'any' type.
src/studio/analytics/ModelStudio.tsx(40,267): error TS7026: JSX element implicitly has type 'any' because no interface 'JSX.IntrinsicElements' exists.
src/studio/analytics/ModelStudio.tsx(40,308): error TS7026: JSX element implicitly has type 'any' because no interface 'JSX.IntrinsicElements' exists.
src/studio/analytics/ModelStudio.tsx(40,312): error TS7026: JSX element implicitly has type 'any' because no interface 'JSX.IntrinsicElements' exists.
src/studio/analytics/ModelStudio.tsx(40,405): error TS7026: JSX element implicitly has type 'any' because no interface 'JSX.IntrinsicElements' exists.
src/studio/analytics/ModelStudio.tsx(40,414): error TS7026: JSX element implicitly has type 'any' because no interface 'JSX.IntrinsicElements' exists.
src/studio/analytics/ModelStudio.tsx(40,475): error TS7026: JSX element implicitly has type 'any' because no interface 'JSX.IntrinsicElements' exists.
src/studio/analytics/ModelStudio.tsx(40,484): error TS7026: JSX element implicitly has type 'any' because no interface 'JSX.IntrinsicElements' exists.
src/studio/analytics/ModelStudio.tsx(41,3): error TS7026: JSX element implicitly has type 'any' because no interface 'JSX.IntrinsicElements' exists.
src/studio/analytics/ModelStudio.tsx(41,56): error TS7026: JSX element implicitly has type 'any' because no interface 'JSX.IntrinsicElements' exists.
src/studio/analytics/ModelStudio.tsx(41,137): error TS7026: JSX element implicitly has type 'any' because no interface 'JSX.IntrinsicElements' exists.
src/studio/analytics/ModelStudio.tsx(41,150): error TS7026: JSX element implicitly has type 'any' because no interface 'JSX.IntrinsicElements' exists.
src/studio/analytics/ModelStudio.tsx(41,158): error TS7026: JSX element implicitly has type 'any' because no interface 'JSX.IntrinsicElements' exists.
src/studio/analytics/ModelStudio.tsx(41,169): error TS7026: JSX element implicitly has type 'any' because no interface 'JSX.IntrinsicElements' exists.
src/studio/analytics/ModelStudio.tsx(41,173): error TS7026: JSX element implicitly has type 'any' because no interface 'JSX.IntrinsicElements' exists.
src/studio/analytics/ModelStudio.tsx(41,187): error TS7026: JSX element implicitly has type 'any' because no interface 'JSX.IntrinsicElements' exists.
src/studio/analytics/ModelStudio.tsx(41,194): error TS7026: JSX element implicitly has type 'any' because no interface 'JSX.IntrinsicElements' exists.
src/studio/analytics/ModelStudio.tsx(41,256): error TS7026: JSX element implicitly has type 'any' because no interface 'JSX.IntrinsicElements' exists.
src/studio/analytics/ModelStudio.tsx(41,261): error TS7026: JSX element implicitly has type 'any' because no interface 'JSX.IntrinsicElements' exists.
src/studio/analytics/ModelStudio.tsx(41,272): error TS7026: JSX element implicitly has type 'any' because no interface 'JSX.IntrinsicElements' exists.
src/studio/analytics/ModelStudio.tsx(42,3): error TS7026: JSX element implicitly has type 'any' because no interface 'JSX.IntrinsicElements' exists.
src/studio/analytics/ModelStudio.tsx(42,28): error TS7026: JSX element implicitly has type 'any' because no interface 'JSX.IntrinsicElements' exists.
src/studio/analytics/ModelStudio.tsx(42,60): error TS7026: JSX element implicitly has type 'any' because no interface 'JSX.IntrinsicElements' exists.
src/studio/analytics/ModelStudio.tsx(42,151): error TS7026: JSX element implicitly has type 'any' because no interface 'JSX.IntrinsicElements' exists.
src/studio/analytics/ModelStudio.tsx(42,320): error TS7026: JSX element implicitly has type 'any' because no interface 'JSX.IntrinsicElements' exists.
src/studio/analytics/ModelStudio.tsx(42,324): error TS7026: JSX element implicitly has type 'any' because no interface 'JSX.IntrinsicElements' exists.
src/studio/analytics/ModelStudio.tsx(43,16): error TS7026: JSX element implicitly has type 'any' because no interface 'JSX.IntrinsicElements' exists.
src/studio/analytics/ModelStudio.tsx(43,41): error TS7026: JSX element implicitly has type 'any' because no interface 'JSX.IntrinsicElements' exists.
src/studio/analytics/ModelStudio.tsx(43,67): error TS7026: JSX element implicitly has type 'any' because no interface 'JSX.IntrinsicElements' exists.
src/studio/analytics/ModelStudio.tsx(43,72): error TS7026: JSX element implicitly has type 'any' because no interface 'JSX.IntrinsicElements' exists.
src/studio/analytics/ModelStudio.tsx(43,95): error TS7026: JSX element implicitly has type 'any' because no interface 'JSX.IntrinsicElements' exists.
src/studio/analytics/ModelStudio.tsx(43,166): error TS7006: Parameter 'e' implicitly has an 'any' type.
src/studio/analytics/ModelStudio.tsx(43,195): error TS7026: JSX element implicitly has type 'any' because no interface 'JSX.IntrinsicElements' exists.
src/studio/analytics/ModelStudio.tsx(43,203): error TS7026: JSX element implicitly has type 'any' because no interface 'JSX.IntrinsicElements' exists.
src/studio/analytics/ModelStudio.tsx(43,338): error TS7026: JSX element implicitly has type 'any' because no interface 'JSX.IntrinsicElements' exists.
src/studio/analytics/ModelStudio.tsx(43,342): error TS7026: JSX element implicitly has type 'any' because no interface 'JSX.IntrinsicElements' exists.
src/studio/analytics/ModelStudio.tsx(44,3): error TS7026: JSX element implicitly has type 'any' because no interface 'JSX.IntrinsicElements' exists.
src/studio/analytics/ModelStudio.tsx(44,40): error TS7026: JSX element implicitly has type 'any' because no interface 'JSX.IntrinsicElements' exists.
src/studio/analytics/ModelStudio.tsx(44,68): error TS7026: JSX element implicitly has type 'any' because no interface 'JSX.IntrinsicElements' exists.
src/studio/analytics/ModelStudio.tsx(44,73): error TS7026: JSX element implicitly has type 'any' because no interface 'JSX.IntrinsicElements' exists.
src/studio/analytics/ModelStudio.tsx(44,154): error TS7026: JSX element implicitly has type 'any' because no interface 'JSX.IntrinsicElements' exists.
src/studio/analytics/ModelStudio.tsx(44,158): error TS7026: JSX element implicitly has type 'any' because no interface 'JSX.IntrinsicElements' exists.
src/studio/analytics/ModelStudio.tsx(44,186): error TS7026: JSX element implicitly has type 'any' because no interface 'JSX.IntrinsicElements' exists.
src/studio/analytics/ModelStudio.tsx(44,274): error TS7006: Parameter 'e' implicitly has an 'any' type.
src/studio/analytics/ModelStudio.tsx(44,323): error TS7026: JSX element implicitly has type 'any' because no interface 'JSX.IntrinsicElements' exists.
src/studio/analytics/ModelStudio.tsx(44,377): error TS7026: JSX element implicitly has type 'any' because no interface 'JSX.IntrinsicElements' exists.
src/studio/analytics/ModelStudio.tsx(44,386): error TS7026: JSX element implicitly has type 'any' because no interface 'JSX.IntrinsicElements' exists.
src/studio/analytics/ModelStudio.tsx(44,402): error TS7026: JSX element implicitly has type 'any' because no interface 'JSX.IntrinsicElements' exists.
src/studio/analytics/ModelStudio.tsx(44,599): error TS7026: JSX element implicitly has type 'any' because no interface 'JSX.IntrinsicElements' exists.
src/studio/analytics/ModelStudio.tsx(44,604): error TS7026: JSX element implicitly has type 'any' because no interface 'JSX.IntrinsicElements' exists.
src/studio/analytics/ModelStudio.tsx(44,734): error TS7026: JSX element implicitly has type 'any' because no interface 'JSX.IntrinsicElements' exists.
src/studio/analytics/ModelStudio.tsx(44,742): error TS7026: JSX element implicitly has type 'any' because no interface 'JSX.IntrinsicElements' exists.
src/studio/analytics/ModelStudio.tsx(44,748): error TS7026: JSX element implicitly has type 'any' because no interface 'JSX.IntrinsicElements' exists.
src/studio/analytics/RuntimeStudio.tsx(1,24): error TS2307: Cannot find module 'react' or its corresponding type declarations.
src/studio/analytics/RuntimeStudio.tsx(5,10): error TS7026: JSX element implicitly has type 'any' because no interface 'JSX.IntrinsicElements' exists.
src/studio/analytics/RuntimeStudio.tsx(5,10): error TS2875: This JSX tag requires the module path 'react/jsx-runtime' to exist, but none could be found. Make sure you have types for the appropriate package installed.
src/studio/analytics/RuntimeStudio.tsx(5,130): error TS7026: JSX element implicitly has type 'any' because no interface 'JSX.IntrinsicElements' exists.
src/studio/analytics/RuntimeStudio.tsx(5,293): error TS7026: JSX element implicitly has type 'any' because no interface 'JSX.IntrinsicElements' exists.
src/studio/analytics/RuntimeStudio.tsx(5,297): error TS7026: JSX element implicitly has type 'any' because no interface 'JSX.IntrinsicElements' exists.
src/studio/analytics/RuntimeStudio.tsx(13,38): error TS7026: JSX element implicitly has type 'any' because no interface 'JSX.IntrinsicElements' exists.
src/studio/analytics/RuntimeStudio.tsx(13,79): error TS7026: JSX element implicitly has type 'any' because no interface 'JSX.IntrinsicElements' exists.
src/studio/analytics/RuntimeStudio.tsx(13,113): error TS7026: JSX element implicitly has type 'any' because no interface 'JSX.IntrinsicElements' exists.
src/studio/analytics/RuntimeStudio.tsx(13,120): error TS7026: JSX element implicitly has type 'any' because no interface 'JSX.IntrinsicElements' exists.
src/studio/analytics/RuntimeStudio.tsx(13,131): error TS7026: JSX element implicitly has type 'any' because no interface 'JSX.IntrinsicElements' exists.
src/studio/analytics/RuntimeStudio.tsx(13,136): error TS7026: JSX element implicitly has type 'any' because no interface 'JSX.IntrinsicElements' exists.
src/studio/analytics/RuntimeStudio.tsx(13,152): error TS7026: JSX element implicitly has type 'any' because no interface 'JSX.IntrinsicElements' exists.
src/studio/analytics/RuntimeStudio.tsx(13,156): error TS7026: JSX element implicitly has type 'any' because no interface 'JSX.IntrinsicElements' exists.
src/studio/analytics/RuntimeStudio.tsx(13,168): error TS7026: JSX element implicitly has type 'any' because no interface 'JSX.IntrinsicElements' exists.
src/studio/analytics/RuntimeStudio.tsx(14,3): error TS7026: JSX element implicitly has type 'any' because no interface 'JSX.IntrinsicElements' exists.
src/studio/analytics/RuntimeStudio.tsx(14,28): error TS7026: JSX element implicitly has type 'any' because no interface 'JSX.IntrinsicElements' exists.
src/studio/analytics/RuntimeStudio.tsx(14,55): error TS7026: JSX element implicitly has type 'any' because no interface 'JSX.IntrinsicElements' exists.
src/studio/analytics/RuntimeStudio.tsx(14,60): error TS7026: JSX element implicitly has type 'any' because no interface 'JSX.IntrinsicElements' exists.
src/studio/analytics/RuntimeStudio.tsx(14,355): error TS7026: JSX element implicitly has type 'any' because no interface 'JSX.IntrinsicElements' exists.
src/studio/analytics/RuntimeStudio.tsx(14,361): error TS7026: JSX element implicitly has type 'any' because no interface 'JSX.IntrinsicElements' exists.
src/studio/analytics/RuntimeStudio.tsx(14,544): error TS7026: JSX element implicitly has type 'any' because no interface 'JSX.IntrinsicElements' exists.
src/studio/analytics/RuntimeStudio.tsx(14,548): error TS7026: JSX element implicitly has type 'any' because no interface 'JSX.IntrinsicElements' exists.
src/studio/analytics/RuntimeStudio.tsx(14,554): error TS7026: JSX element implicitly has type 'any' because no interface 'JSX.IntrinsicElements' exists.
src/studio/analytics/RuntimeStudio.tsx(14,582): error TS7026: JSX element implicitly has type 'any' because no interface 'JSX.IntrinsicElements' exists.
src/studio/analytics/RuntimeStudio.tsx(14,594): error TS7026: JSX element implicitly has type 'any' because no interface 'JSX.IntrinsicElements' exists.
src/studio/analytics/RuntimeStudio.tsx(14,768): error TS7026: JSX element implicitly has type 'any' because no interface 'JSX.IntrinsicElements' exists.
src/studio/analytics/RuntimeStudio.tsx(14,774): error TS7026: JSX element implicitly has type 'any' because no interface 'JSX.IntrinsicElements' exists.
src/studio/analytics/RuntimeStudio.tsx(18,10): error TS7026: JSX element implicitly has type 'any' because no interface 'JSX.IntrinsicElements' exists.
src/studio/analytics/RuntimeStudio.tsx(18,121): error TS7026: JSX element implicitly has type 'any' because no interface 'JSX.IntrinsicElements' exists.
src/studio/analytics/RuntimeStudio.tsx(18,161): error TS7026: JSX element implicitly has type 'any' because no interface 'JSX.IntrinsicElements' exists.
src/studio/analytics/RuntimeStudio.tsx(18,176): error TS7026: JSX element implicitly has type 'any' because no interface 'JSX.IntrinsicElements' exists.
src/studio/analytics/RuntimeStudio.tsx(18,359): error TS7026: JSX element implicitly has type 'any' because no interface 'JSX.IntrinsicElements' exists.
src/studio/analytics/RuntimeStudio.tsx(19,3): error TS7026: JSX element implicitly has type 'any' because no interface 'JSX.IntrinsicElements' exists.
src/studio/analytics/RuntimeStudio.tsx(19,124): error TS7026: JSX element implicitly has type 'any' because no interface 'JSX.IntrinsicElements' exists.
src/studio/analytics/RuntimeStudio.tsx(19,226): error TS7026: JSX element implicitly has type 'any' because no interface 'JSX.IntrinsicElements' exists.
src/studio/analytics/RuntimeStudio.tsx(19,235): error TS7026: JSX element implicitly has type 'any' because no interface 'JSX.IntrinsicElements' exists.
src/studio/analytics/RuntimeStudio.tsx(19,241): error TS7026: JSX element implicitly has type 'any' because no interface 'JSX.IntrinsicElements' exists.
src/studio/analytics/RuntimeStudio.tsx(19,266): error TS7026: JSX element implicitly has type 'any' because no interface 'JSX.IntrinsicElements' exists.
src/studio/analytics/RuntimeStudio.tsx(19,279): error TS7026: JSX element implicitly has type 'any' because no interface 'JSX.IntrinsicElements' exists.
src/studio/analytics/RuntimeStudio.tsx(19,284): error TS7026: JSX element implicitly has type 'any' because no interface 'JSX.IntrinsicElements' exists.
src/studio/analytics/RuntimeStudio.tsx(19,369): error TS7026: JSX element implicitly has type 'any' because no interface 'JSX.IntrinsicElements' exists.
src/studio/analytics/RuntimeStudio.tsx(19,568): error TS7026: JSX element implicitly has type 'any' because no interface 'JSX.IntrinsicElements' exists.
src/studio/analytics/RuntimeStudio.tsx(20,3): error TS7026: JSX element implicitly has type 'any' because no interface 'JSX.IntrinsicElements' exists.
src/studio/analytics/RuntimeStudio.tsx(20,28): error TS7026: JSX element implicitly has type 'any' because no interface 'JSX.IntrinsicElements' exists.
src/studio/analytics/RuntimeStudio.tsx(20,70): error TS7026: JSX element implicitly has type 'any' because no interface 'JSX.IntrinsicElements' exists.
src/studio/analytics/RuntimeStudio.tsx(20,75): error TS7026: JSX element implicitly has type 'any' because no interface 'JSX.IntrinsicElements' exists.
src/studio/analytics/RuntimeStudio.tsx(20,510): error TS7026: JSX element implicitly has type 'any' because no interface 'JSX.IntrinsicElements' exists.
src/studio/analytics/RuntimeStudio.tsx(20,516): error TS7026: JSX element implicitly has type 'any' because no interface 'JSX.IntrinsicElements' exists.
src/studio/analytics/RuntimeStudio.tsx(20,528): error TS7026: JSX element implicitly has type 'any' because no interface 'JSX.IntrinsicElements' exists.
src/studio/analytics/RuntimeStudio.tsx(20,532): error TS7026: JSX element implicitly has type 'any' because no interface 'JSX.IntrinsicElements' exists.
src/studio/analytics/RuntimeStudio.tsx(20,857): error TS7026: JSX element implicitly has type 'any' because no interface 'JSX.IntrinsicElements' exists.
src/studio/analytics/RuntimeStudio.tsx(20,861): error TS7026: JSX element implicitly has type 'any' because no interface 'JSX.IntrinsicElements' exists.
src/studio/analytics/RuntimeStudio.tsx(20,867): error TS7026: JSX element implicitly has type 'any' because no interface 'JSX.IntrinsicElements' exists.
src/studio/analytics/controls.tsx(1,24): error TS2307: Cannot find module 'react' or its corresponding type declarations.
src/studio/analytics/controls.tsx(9,10): error TS7026: JSX element implicitly has type 'any' because no interface 'JSX.IntrinsicElements' exists.
src/studio/analytics/controls.tsx(9,10): error TS2875: This JSX tag requires the module path 'react/jsx-runtime' to exist, but none could be found. Make sure you have types for the appropriate package installed.
src/studio/analytics/controls.tsx(9,115): error TS7026: JSX element implicitly has type 'any' because no interface 'JSX.IntrinsicElements' exists.
src/studio/analytics/controls.tsx(14,10): error TS7026: JSX element implicitly has type 'any' because no interface 'JSX.IntrinsicElements' exists.
src/studio/analytics/controls.tsx(14,51): error TS7026: JSX element implicitly has type 'any' because no interface 'JSX.IntrinsicElements' exists.
src/studio/analytics/controls.tsx(14,115): error TS7006: Parameter 'event' implicitly has an 'any' type.
src/studio/analytics/controls.tsx(17,22): error TS7006: Parameter 'text' implicitly has an 'any' type.
src/studio/analytics/controls.tsx(17,83): error TS7006: Parameter 'error' implicitly has an 'any' type.
src/studio/analytics/controls.tsx(18,7): error TS7026: JSX element implicitly has type 'any' because no interface 'JSX.IntrinsicElements' exists.
src/studio/analytics/controls.tsx(22,10): error TS7026: JSX element implicitly has type 'any' because no interface 'JSX.IntrinsicElements' exists.
src/studio/analytics/controls.tsx(22,37): error TS7026: JSX element implicitly has type 'any' because no interface 'JSX.IntrinsicElements' exists.
src/studio/analytics/controls.tsx(22,72): error TS7026: JSX element implicitly has type 'any' because no interface 'JSX.IntrinsicElements' exists.
src/studio/analytics/controls.tsx(22,139): error TS7026: JSX element implicitly has type 'any' because no interface 'JSX.IntrinsicElements' exists.
src/studio/analytics/controls.tsx(22,146): error TS7026: JSX element implicitly has type 'any' because no interface 'JSX.IntrinsicElements' exists.
src/studio/analytics/controls.tsx(22,185): error TS7026: JSX element implicitly has type 'any' because no interface 'JSX.IntrinsicElements' exists.
src/studio/analytics/controls.tsx(22,192): error TS7026: JSX element implicitly has type 'any' because no interface 'JSX.IntrinsicElements' exists.
src/studio/analytics/controls.tsx(22,198): error TS7026: JSX element implicitly has type 'any' because no interface 'JSX.IntrinsicElements' exists.
src/studio/analytics/controls.tsx(22,291): error TS7006: Parameter 'e' implicitly has an 'any' type.
src/studio/analytics/controls.tsx(22,333): error TS7006: Parameter 'e' implicitly has an 'any' type.
src/studio/analytics/controls.tsx(30,7): error TS7026: JSX element implicitly has type 'any' because no interface 'JSX.IntrinsicElements' exists.
src/studio/analytics/controls.tsx(30,243): error TS7026: JSX element implicitly has type 'any' because no interface 'JSX.IntrinsicElements' exists.
src/studio/analytics/controls.tsx(30,305): error TS7026: JSX element implicitly has type 'any' because no interface 'JSX.IntrinsicElements' exists.
src/studio/analytics/controls.tsx(30,315): error TS7026: JSX element implicitly has type 'any' because no interface 'JSX.IntrinsicElements' exists.
src/studio/analytics/controls.tsx(30,323): error TS7026: JSX element implicitly has type 'any' because no interface 'JSX.IntrinsicElements' exists.
src/studio/analytics/controls.tsx(34,10): error TS7026: JSX element implicitly has type 'any' because no interface 'JSX.IntrinsicElements' exists.
src/studio/analytics/controls.tsx(34,43): error TS7026: JSX element implicitly has type 'any' because no interface 'JSX.IntrinsicElements' exists.
src/studio/analytics/controls.tsx(34,69): error TS7026: JSX element implicitly has type 'any' because no interface 'JSX.IntrinsicElements' exists.
src/studio/analytics/controls.tsx(34,76): error TS7026: JSX element implicitly has type 'any' because no interface 'JSX.IntrinsicElements' exists.
src/studio/analytics/controls.tsx(34,95): error TS7026: JSX element implicitly has type 'any' because no interface 'JSX.IntrinsicElements' exists.
src/studio/analytics/controls.tsx(34,110): error TS7026: JSX element implicitly has type 'any' because no interface 'JSX.IntrinsicElements' exists.
src/studio/analytics/controls.tsx(34,117): error TS7026: JSX element implicitly has type 'any' because no interface 'JSX.IntrinsicElements' exists.
src/studio/analytics/controls.tsx(34,122): error TS7026: JSX element implicitly has type 'any' because no interface 'JSX.IntrinsicElements' exists.
src/studio/analytics/controls.tsx(34,130): error TS7026: JSX element implicitly has type 'any' because no interface 'JSX.IntrinsicElements' exists.
src/studio/analytics/controls.tsx(34,171): error TS7026: JSX element implicitly has type 'any' because no interface 'JSX.IntrinsicElements' exists.
src/studio/analytics/controls.tsx(34,198): error TS7026: JSX element implicitly has type 'any' because no interface 'JSX.IntrinsicElements' exists.
src/studio/analytics/controls.tsx(34,227): error TS7026: JSX element implicitly has type 'any' because no interface 'JSX.IntrinsicElements' exists.
src/studio/analytics/controls.tsx(34,258): error TS7026: JSX element implicitly has type 'any' because no interface 'JSX.IntrinsicElements' exists.
src/studio/analytics/controls.tsx(34,287): error TS7026: JSX element implicitly has type 'any' because no interface 'JSX.IntrinsicElements' exists.
src/studio/analytics/controls.tsx(34,294): error TS7026: JSX element implicitly has type 'any' because no interface 'JSX.IntrinsicElements' exists.
src/studio/analytics/controls.tsx(34,301): error TS7026: JSX element implicitly has type 'any' because no interface 'JSX.IntrinsicElements' exists.
src/studio/analytics/controls.tsx(34,309): error TS7026: JSX element implicitly has type 'any' because no interface 'JSX.IntrinsicElements' exists.
src/studio/analytics/controls.tsx(34,334): error TS7026: JSX element implicitly has type 'any' because no interface 'JSX.IntrinsicElements' exists.
src/studio/analytics/controls.tsx(34,362): error TS7026: JSX element implicitly has type 'any' because no interface 'JSX.IntrinsicElements' exists.
src/studio/analytics/controls.tsx(34,389): error TS7026: JSX element implicitly has type 'any' because no interface 'JSX.IntrinsicElements' exists.
src/studio/analytics/controls.tsx(34,473): error TS7026: JSX element implicitly has type 'any' because no interface 'JSX.IntrinsicElements' exists.
src/studio/analytics/controls.tsx(34,482): error TS7026: JSX element implicitly has type 'any' because no interface 'JSX.IntrinsicElements' exists.
src/studio/analytics/controls.tsx(36,121): error TS7026: JSX element implicitly has type 'any' because no interface 'JSX.IntrinsicElements' exists.
src/studio/analytics/controls.tsx(36,147): error TS7026: JSX element implicitly has type 'any' because no interface 'JSX.IntrinsicElements' exists.
src/studio/analytics/controls.tsx(36,152): error TS7026: JSX element implicitly has type 'any' because no interface 'JSX.IntrinsicElements' exists.
src/studio/analytics/controls.tsx(36,168): error TS7026: JSX element implicitly has type 'any' because no interface 'JSX.IntrinsicElements' exists.
src/studio/analytics/controls.tsx(36,176): error TS7026: JSX element implicitly has type 'any' because no interface 'JSX.IntrinsicElements' exists.
src/studio/analytics/controls.tsx(36,187): error TS7026: JSX element implicitly has type 'any' because no interface 'JSX.IntrinsicElements' exists.
src/studio/analytics/controls.tsx(36,192): error TS7026: JSX element implicitly has type 'any' because no interface 'JSX.IntrinsicElements' exists.
src/studio/analytics/controls.tsx(36,208): error TS7026: JSX element implicitly has type 'any' because no interface 'JSX.IntrinsicElements' exists.
src/studio/figures/FigureHost.tsx(1,34): error TS2307: Cannot find module 'react' or its corresponding type declarations.
src/studio/figures/FigureHost.tsx(8,69): error TS7026: JSX element implicitly has type 'any' because no interface 'JSX.IntrinsicElements' exists.
src/studio/figures/FigureHost.tsx(8,69): error TS2875: This JSX tag requires the module path 'react/jsx-runtime' to exist, but none could be found. Make sure you have types for the appropriate package installed.
src/studio/figures/FigureHost.tsx(8,108): error TS7026: JSX element implicitly has type 'any' because no interface 'JSX.IntrinsicElements' exists.
src/studio/figures/FigureHost.tsx(8,120): error TS7026: JSX element implicitly has type 'any' because no interface 'JSX.IntrinsicElements' exists.
src/studio/figures/FigureHost.tsx(8,141): error TS7026: JSX element implicitly has type 'any' because no interface 'JSX.IntrinsicElements' exists.
src/studio/figures/FigureHost.tsx(8,150): error TS7026: JSX element implicitly has type 'any' because no interface 'JSX.IntrinsicElements' exists.
src/studio/figures/FigureHost.tsx(8,172): error TS7026: JSX element implicitly has type 'any' because no interface 'JSX.IntrinsicElements' exists.
src/studio/figures/FigureHost.tsx(8,176): error TS7026: JSX element implicitly has type 'any' because no interface 'JSX.IntrinsicElements' exists.
src/studio/figures/FigureHost.tsx(8,189): error TS7026: JSX element implicitly has type 'any' because no interface 'JSX.IntrinsicElements' exists.
src/studio/figures/FigureHost.tsx(8,245): error TS7026: JSX element implicitly has type 'any' because no interface 'JSX.IntrinsicElements' exists.
src/studio/figures/FigureHost.tsx(8,292): error TS7026: JSX element implicitly has type 'any' because no interface 'JSX.IntrinsicElements' exists.
src/studio/figures/FigureHost.tsx(8,308): error TS7026: JSX element implicitly has type 'any' because no interface 'JSX.IntrinsicElements' exists.
src/studio/figures/FigureHost.tsx(8,337): error TS7026: JSX element implicitly has type 'any' because no interface 'JSX.IntrinsicElements' exists.
src/studio/figures/FigureHost.tsx(8,384): error TS7026: JSX element implicitly has type 'any' because no interface 'JSX.IntrinsicElements' exists.
src/studio/figures/FigureHost.tsx(8,404): error TS7026: JSX element implicitly has type 'any' because no interface 'JSX.IntrinsicElements' exists.
src/studio/figures/FigureHost.tsx(8,413): error TS7026: JSX element implicitly has type 'any' because no interface 'JSX.IntrinsicElements' exists.
src/studio/figures/FigureHost.tsx(8,433): error TS7026: JSX element implicitly has type 'any' because no interface 'JSX.IntrinsicElements' exists.
src/studio/figures/FigureHost.tsx(8,441): error TS7026: JSX element implicitly has type 'any' because no interface 'JSX.IntrinsicElements' exists.
src/studio/figures/FigureHost.tsx(8,459): error TS7026: JSX element implicitly has type 'any' because no interface 'JSX.IntrinsicElements' exists.
src/studio/figures/FigureHost.tsx(8,466): error TS7026: JSX element implicitly has type 'any' because no interface 'JSX.IntrinsicElements' exists.
src/studio/figures/FigureHost.tsx(8,478): error TS7026: JSX element implicitly has type 'any' because no interface 'JSX.IntrinsicElements' exists.
src/studio/figures/FigureHost.tsx(8,490): error TS7026: JSX element implicitly has type 'any' because no interface 'JSX.IntrinsicElements' exists.
src/studio/figures/FigureHost.tsx(8,521): error TS7026: JSX element implicitly has type 'any' because no interface 'JSX.IntrinsicElements' exists.
src/studio/figures/FigureHost.tsx(8,553): error TS7026: JSX element implicitly has type 'any' because no interface 'JSX.IntrinsicElements' exists.
src/studio/figures/FigureHost.tsx(8,560): error TS7026: JSX element implicitly has type 'any' because no interface 'JSX.IntrinsicElements' exists.
src/studio/figures/FigureHost.tsx(8,627): error TS7026: JSX element implicitly has type 'any' because no interface 'JSX.IntrinsicElements' exists.
src/studio/figures/FigureHost.tsx(8,637): error TS7026: JSX element implicitly has type 'any' because no interface 'JSX.IntrinsicElements' exists.
src/studio/figures/FigureHost.tsx(8,644): error TS7026: JSX element implicitly has type 'any' because no interface 'JSX.IntrinsicElements' exists.
src/studio/figures/FigureHost.tsx(8,670): error TS7026: JSX element implicitly has type 'any' because no interface 'JSX.IntrinsicElements' exists.
src/studio/figures/FigureHost.tsx(8,685): error TS7026: JSX element implicitly has type 'any' because no interface 'JSX.IntrinsicElements' exists.
src/studio/figures/FigureHost.tsx(8,692): error TS7026: JSX element implicitly has type 'any' because no interface 'JSX.IntrinsicElements' exists.
src/studio/figures/FigureHost.tsx(8,697): error TS7026: JSX element implicitly has type 'any' because no interface 'JSX.IntrinsicElements' exists.
src/studio/figures/FigureHost.tsx(8,705): error TS7026: JSX element implicitly has type 'any' because no interface 'JSX.IntrinsicElements' exists.
src/studio/figures/FigureHost.tsx(8,739): error TS7026: JSX element implicitly has type 'any' because no interface 'JSX.IntrinsicElements' exists.
src/studio/figures/FigureHost.tsx(8,773): error TS7026: JSX element implicitly has type 'any' because no interface 'JSX.IntrinsicElements' exists.
src/studio/figures/FigureHost.tsx(8,814): error TS7026: JSX element implicitly has type 'any' because no interface 'JSX.IntrinsicElements' exists.
src/studio/figures/FigureHost.tsx(8,821): error TS7026: JSX element implicitly has type 'any' because no interface 'JSX.IntrinsicElements' exists.
src/studio/figures/FigureHost.tsx(8,828): error TS7026: JSX element implicitly has type 'any' because no interface 'JSX.IntrinsicElements' exists.
src/studio/figures/FigureHost.tsx(8,836): error TS7026: JSX element implicitly has type 'any' because no interface 'JSX.IntrinsicElements' exists.
src/studio/figures/FigureHost.tsx(8,844): error TS7026: JSX element implicitly has type 'any' because no interface 'JSX.IntrinsicElements' exists.
src/studio/figures/FigureHost.tsx(8,851): error TS7026: JSX element implicitly has type 'any' because no interface 'JSX.IntrinsicElements' exists.
src/studio/figures/FigureHost.tsx(17,9): error TS7026: JSX element implicitly has type 'any' because no interface 'JSX.IntrinsicElements' exists.
src/studio/figures/FigureHost.tsx(17,45): error TS7026: JSX element implicitly has type 'any' because no interface 'JSX.IntrinsicElements' exists.
src/studio/figures/FigureHost.tsx(17,53): error TS7026: JSX element implicitly has type 'any' because no interface 'JSX.IntrinsicElements' exists.
src/studio/figures/FigureHost.tsx(17,112): error TS7026: JSX element implicitly has type 'any' because no interface 'JSX.IntrinsicElements' exists.
src/studio/figures/FigureHost.tsx(17,120): error TS7026: JSX element implicitly has type 'any' because no interface 'JSX.IntrinsicElements' exists.
src/studio/figures/FigureHost.tsx(17,140): error TS7026: JSX element implicitly has type 'any' because no interface 'JSX.IntrinsicElements' exists.
src/studio/figures/FigureHost.tsx(17,145): error TS7026: JSX element implicitly has type 'any' because no interface 'JSX.IntrinsicElements' exists.
src/studio/figures/FigureHost.tsx(17,170): error TS7026: JSX element implicitly has type 'any' because no interface 'JSX.IntrinsicElements' exists.
src/studio/figures/FigureHost.tsx(17,174): error TS7026: JSX element implicitly has type 'any' because no interface 'JSX.IntrinsicElements' exists.
src/studio/figures/FigureHost.tsx(17,259): error TS7026: JSX element implicitly has type 'any' because no interface 'JSX.IntrinsicElements' exists.
src/studio/figures/FigureHost.tsx(17,263): error TS7026: JSX element implicitly has type 'any' because no interface 'JSX.IntrinsicElements' exists.
src/studio/figures/FigureHost.tsx(17,272): error TS7026: JSX element implicitly has type 'any' because no interface 'JSX.IntrinsicElements' exists.
src/studio/figures/FigureHost.tsx(17,302): error TS7026: JSX element implicitly has type 'any' because no interface 'JSX.IntrinsicElements' exists.
src/studio/figures/FigureHost.tsx(17,333): error TS7026: JSX element implicitly has type 'any' because no interface 'JSX.IntrinsicElements' exists.
src/studio/figures/FigureHost.tsx(17,375): error TS7006: Parameter 'e' implicitly has an 'any' type.
src/studio/figures/FigureHost.tsx(17,535): error TS7026: JSX element implicitly has type 'any' because no interface 'JSX.IntrinsicElements' exists.
src/studio/figures/FigureHost.tsx(17,564): error TS7026: JSX element implicitly has type 'any' because no interface 'JSX.IntrinsicElements' exists.
src/studio/figures/FigureHost.tsx(17,575): error TS7026: JSX element implicitly has type 'any' because no interface 'JSX.IntrinsicElements' exists.
src/studio/figures/FigureHost.tsx(17,584): error TS7026: JSX element implicitly has type 'any' because no interface 'JSX.IntrinsicElements' exists.
src/studio/figures/FigureHost.tsx(17,619): error TS7026: JSX element implicitly has type 'any' because no interface 'JSX.IntrinsicElements' exists.
src/studio/figures/FigureHost.tsx(17,643): error TS7026: JSX element implicitly has type 'any' because no interface 'JSX.IntrinsicElements' exists.
src/studio/figures/FigureHost.tsx(17,674): error TS7006: Parameter 'e' implicitly has an 'any' type.
src/studio/figures/FigureHost.tsx(17,779): error TS7026: JSX element implicitly has type 'any' because no interface 'JSX.IntrinsicElements' exists.
src/studio/figures/FigureHost.tsx(17,809): error TS7026: JSX element implicitly has type 'any' because no interface 'JSX.IntrinsicElements' exists.
src/studio/figures/FigureHost.tsx(17,818): error TS7026: JSX element implicitly has type 'any' because no interface 'JSX.IntrinsicElements' exists.
src/studio/figures/FigureHost.tsx(17,850): error TS7026: JSX element implicitly has type 'any' because no interface 'JSX.IntrinsicElements' exists.
src/studio/figures/FigureHost.tsx(17,859): error TS7026: JSX element implicitly has type 'any' because no interface 'JSX.IntrinsicElements' exists.
src/studio/figures/FigureHost.tsx(17,868): error TS7026: JSX element implicitly has type 'any' because no interface 'JSX.IntrinsicElements' exists.
src/studio/figures/FigureHost.tsx(17,877): error TS7026: JSX element implicitly has type 'any' because no interface 'JSX.IntrinsicElements' exists.
src/studio/figures/FigureHost.tsx(17,905): error TS7026: JSX element implicitly has type 'any' because no interface 'JSX.IntrinsicElements' exists.
src/studio/figures/FigureHost.tsx(17,991): error TS7026: JSX element implicitly has type 'any' because no interface 'JSX.IntrinsicElements' exists.
src/studio/figures/FigureHost.tsx(17,1000): error TS7026: JSX element implicitly has type 'any' because no interface 'JSX.IntrinsicElements' exists.
src/studio/figures/FigureHost.tsx(17,1125): error TS7026: JSX element implicitly has type 'any' because no interface 'JSX.IntrinsicElements' exists.
src/studio/figures/FigureHost.tsx(17,1134): error TS7026: JSX element implicitly has type 'any' because no interface 'JSX.IntrinsicElements' exists.
src/studio/figures/FigureHost.tsx(17,1230): error TS7026: JSX element implicitly has type 'any' because no interface 'JSX.IntrinsicElements' exists.
src/studio/figures/FigureHost.tsx(17,1239): error TS7026: JSX element implicitly has type 'any' because no interface 'JSX.IntrinsicElements' exists.
src/studio/figures/FigureHost.tsx(17,1302): error TS7026: JSX element implicitly has type 'any' because no interface 'JSX.IntrinsicElements' exists.
src/studio/figures/FigureHost.tsx(17,1311): error TS7026: JSX element implicitly has type 'any' because no interface 'JSX.IntrinsicElements' exists.
src/studio/figures/FigureHost.tsx(17,1353): error TS7026: JSX element implicitly has type 'any' because no interface 'JSX.IntrinsicElements' exists.
src/studio/figures/FigureHost.tsx(17,1362): error TS7026: JSX element implicitly has type 'any' because no interface 'JSX.IntrinsicElements' exists.
src/studio/figures/FigureHost.tsx(17,1418): error TS7026: JSX element implicitly has type 'any' because no interface 'JSX.IntrinsicElements' exists.
src/studio/figures/FigureHost.tsx(17,1425): error TS7026: JSX element implicitly has type 'any' because no interface 'JSX.IntrinsicElements' exists.
src/studio/figures/FigureHost.tsx(17,1441): error TS7026: JSX element implicitly has type 'any' because no interface 'JSX.IntrinsicElements' exists.
src/studio/figures/FigureHost.tsx(17,1481): error TS7026: JSX element implicitly has type 'any' because no interface 'JSX.IntrinsicElements' exists.
src/studio/figures/FigureHost.tsx(17,1517): error TS7026: JSX element implicitly has type 'any' because no interface 'JSX.IntrinsicElements' exists.
src/studio/figures/FigureHost.tsx(17,1552): error TS7026: JSX element implicitly has type 'any' because no interface 'JSX.IntrinsicElements' exists.
src/studio/figures/FigureHost.tsx(17,1566): error TS7026: JSX element implicitly has type 'any' because no interface 'JSX.IntrinsicElements' exists.
src/studio/figures/FigureHost.tsx(17,1571): error TS7026: JSX element implicitly has type 'any' because no interface 'JSX.IntrinsicElements' exists.
src/studio/figures/FigureHost.tsx(17,1592): error TS7026: JSX element implicitly has type 'any' because no interface 'JSX.IntrinsicElements' exists.
src/studio/figures/FigureHost.tsx(17,1596): error TS7026: JSX element implicitly has type 'any' because no interface 'JSX.IntrinsicElements' exists.
src/studio/figures/FigureHost.tsx(17,1704): error TS7026: JSX element implicitly has type 'any' because no interface 'JSX.IntrinsicElements' exists.
src/studio/figures/FigureHost.tsx(17,1724): error TS7026: JSX element implicitly has type 'any' because no interface 'JSX.IntrinsicElements' exists.
src/studio/figures/FigureHost.tsx(17,1741): error TS7026: JSX element implicitly has type 'any' because no interface 'JSX.IntrinsicElements' exists.
src/studio/figures/FigureHost.tsx(17,1746): error TS7026: JSX element implicitly has type 'any' because no interface 'JSX.IntrinsicElements' exists.
src/studio/figures/FigureHost.tsx(17,1756): error TS7026: JSX element implicitly has type 'any' because no interface 'JSX.IntrinsicElements' exists.
src/studio/figures/FigureHost.tsx(17,1767): error TS7026: JSX element implicitly has type 'any' because no interface 'JSX.IntrinsicElements' exists.
src/studio/workspace/CatalogHost.tsx(1,41): error TS2307: Cannot find module 'react' or its corresponding type declarations.
src/studio/workspace/CatalogHost.tsx(11,9): error TS7026: JSX element implicitly has type 'any' because no interface 'JSX.IntrinsicElements' exists.
src/studio/workspace/CatalogHost.tsx(11,9): error TS2875: This JSX tag requires the module path 'react/jsx-runtime' to exist, but none could be found. Make sure you have types for the appropriate package installed.
src/studio/workspace/CatalogHost.tsx(11,46): error TS7026: JSX element implicitly has type 'any' because no interface 'JSX.IntrinsicElements' exists.
src/studio/workspace/CatalogHost.tsx(11,74): error TS7026: JSX element implicitly has type 'any' because no interface 'JSX.IntrinsicElements' exists.
src/studio/workspace/CatalogHost.tsx(11,79): error TS7026: JSX element implicitly has type 'any' because no interface 'JSX.IntrinsicElements' exists.
src/studio/workspace/CatalogHost.tsx(11,205): error TS7026: JSX element implicitly has type 'any' because no interface 'JSX.IntrinsicElements' exists.
src/studio/workspace/CatalogHost.tsx(11,209): error TS7026: JSX element implicitly has type 'any' because no interface 'JSX.IntrinsicElements' exists.
src/studio/workspace/CatalogHost.tsx(11,245): error TS7026: JSX element implicitly has type 'any' because no interface 'JSX.IntrinsicElements' exists.
src/studio/workspace/CatalogHost.tsx(11,262): error TS7026: JSX element implicitly has type 'any' because no interface 'JSX.IntrinsicElements' exists.
src/studio/workspace/CatalogHost.tsx(11,323): error TS7006: Parameter 'e' implicitly has an 'any' type.
src/studio/workspace/CatalogHost.tsx(11,388): error TS7026: JSX element implicitly has type 'any' because no interface 'JSX.IntrinsicElements' exists.
src/studio/workspace/CatalogHost.tsx(11,396): error TS7026: JSX element implicitly has type 'any' because no interface 'JSX.IntrinsicElements' exists.
src/studio/workspace/CatalogHost.tsx(11,456): error TS7026: JSX element implicitly has type 'any' because no interface 'JSX.IntrinsicElements' exists.
src/studio/workspace/CatalogHost.tsx(11,465): error TS7026: JSX element implicitly has type 'any' because no interface 'JSX.IntrinsicElements' exists.
src/studio/workspace/CatalogHost.tsx(11,535): error TS7006: Parameter 'e' implicitly has an 'any' type.
src/studio/workspace/CatalogHost.tsx(11,608): error TS7026: JSX element implicitly has type 'any' because no interface 'JSX.IntrinsicElements' exists.
src/studio/workspace/CatalogHost.tsx(11,805): error TS7026: JSX element implicitly has type 'any' because no interface 'JSX.IntrinsicElements' exists.
src/studio/workspace/CatalogHost.tsx(11,809): error TS7026: JSX element implicitly has type 'any' because no interface 'JSX.IntrinsicElements' exists.
src/studio/workspace/CatalogHost.tsx(11,841): error TS7026: JSX element implicitly has type 'any' because no interface 'JSX.IntrinsicElements' exists.
src/studio/workspace/CatalogHost.tsx(11,848): error TS7026: JSX element implicitly has type 'any' because no interface 'JSX.IntrinsicElements' exists.
src/studio/workspace/CatalogHost.tsx(11,855): error TS7026: JSX element implicitly has type 'any' because no interface 'JSX.IntrinsicElements' exists.
src/studio/workspace/CatalogHost.tsx(11,859): error TS7026: JSX element implicitly has type 'any' because no interface 'JSX.IntrinsicElements' exists.
src/studio/workspace/CatalogHost.tsx(11,868): error TS7026: JSX element implicitly has type 'any' because no interface 'JSX.IntrinsicElements' exists.
src/studio/workspace/CatalogHost.tsx(11,873): error TS7026: JSX element implicitly has type 'any' because no interface 'JSX.IntrinsicElements' exists.
src/studio/workspace/CatalogHost.tsx(11,881): error TS7026: JSX element implicitly has type 'any' because no interface 'JSX.IntrinsicElements' exists.
src/studio/workspace/CatalogHost.tsx(11,886): error TS7026: JSX element implicitly has type 'any' because no interface 'JSX.IntrinsicElements' exists.
src/studio/workspace/CatalogHost.tsx(11,899): error TS7026: JSX element implicitly has type 'any' because no interface 'JSX.IntrinsicElements' exists.
src/studio/workspace/CatalogHost.tsx(11,904): error TS7026: JSX element implicitly has type 'any' because no interface 'JSX.IntrinsicElements' exists.
src/studio/workspace/CatalogHost.tsx(11,909): error TS7026: JSX element implicitly has type 'any' because no interface 'JSX.IntrinsicElements' exists.
src/studio/workspace/CatalogHost.tsx(11,917): error TS7026: JSX element implicitly has type 'any' because no interface 'JSX.IntrinsicElements' exists.
src/studio/workspace/CatalogHost.tsx(11,939): error TS7026: JSX element implicitly has type 'any' because no interface 'JSX.IntrinsicElements' exists.
src/studio/workspace/CatalogHost.tsx(11,956): error TS7026: JSX element implicitly has type 'any' because no interface 'JSX.IntrinsicElements' exists.
src/studio/workspace/CatalogHost.tsx(11,960): error TS7026: JSX element implicitly has type 'any' because no interface 'JSX.IntrinsicElements' exists.
src/studio/workspace/CatalogHost.tsx(11,1044): error TS7026: JSX element implicitly has type 'any' because no interface 'JSX.IntrinsicElements' exists.
src/studio/workspace/CatalogHost.tsx(11,1053): error TS7026: JSX element implicitly has type 'any' because no interface 'JSX.IntrinsicElements' exists.
src/studio/workspace/CatalogHost.tsx(11,1058): error TS7026: JSX element implicitly has type 'any' because no interface 'JSX.IntrinsicElements' exists.
src/studio/workspace/CatalogHost.tsx(11,1075): error TS7026: JSX element implicitly has type 'any' because no interface 'JSX.IntrinsicElements' exists.
src/studio/workspace/CatalogHost.tsx(11,1080): error TS7026: JSX element implicitly has type 'any' because no interface 'JSX.IntrinsicElements' exists.
src/studio/workspace/CatalogHost.tsx(11,1111): error TS7026: JSX element implicitly has type 'any' because no interface 'JSX.IntrinsicElements' exists.
src/studio/workspace/CatalogHost.tsx(11,1116): error TS7026: JSX element implicitly has type 'any' because no interface 'JSX.IntrinsicElements' exists.
src/studio/workspace/CatalogHost.tsx(11,1123): error TS7026: JSX element implicitly has type 'any' because no interface 'JSX.IntrinsicElements' exists.
src/studio/workspace/CatalogHost.tsx(11,1131): error TS7026: JSX element implicitly has type 'any' because no interface 'JSX.IntrinsicElements' exists.
src/studio/workspace/CatalogHost.tsx(11,1139): error TS7026: JSX element implicitly has type 'any' because no interface 'JSX.IntrinsicElements' exists.
src/studio/workspace/CatalogHost.tsx(11,1145): error TS7026: JSX element implicitly has type 'any' because no interface 'JSX.IntrinsicElements' exists.
src/studio/workspace/CatalogHost.tsx(11,1164): error TS7026: JSX element implicitly has type 'any' because no interface 'JSX.IntrinsicElements' exists.
src/studio/workspace/CatalogHost.tsx(11,1187): error TS7026: JSX element implicitly has type 'any' because no interface 'JSX.IntrinsicElements' exists.
src/studio/workspace/CatalogHost.tsx(11,1201): error TS7026: JSX element implicitly has type 'any' because no interface 'JSX.IntrinsicElements' exists.
src/studio/workspace/CatalogHost.tsx(11,1226): error TS7026: JSX element implicitly has type 'any' because no interface 'JSX.IntrinsicElements' exists.
src/studio/workspace/CatalogHost.tsx(11,1243): error TS7026: JSX element implicitly has type 'any' because no interface 'JSX.IntrinsicElements' exists.
src/studio/workspace/CatalogHost.tsx(11,1281): error TS7026: JSX element implicitly has type 'any' because no interface 'JSX.IntrinsicElements' exists.
src/studio/workspace/CatalogHost.tsx(11,1286): error TS7026: JSX element implicitly has type 'any' because no interface 'JSX.IntrinsicElements' exists.
src/studio/workspace/CatalogHost.tsx(11,1374): error TS7026: JSX element implicitly has type 'any' because no interface 'JSX.IntrinsicElements' exists.
src/studio/workspace/CatalogHost.tsx(11,1378): error TS7026: JSX element implicitly has type 'any' because no interface 'JSX.IntrinsicElements' exists.
src/studio/workspace/CatalogHost.tsx(11,1392): error TS7026: JSX element implicitly has type 'any' because no interface 'JSX.IntrinsicElements' exists.
src/studio/workspace/CatalogHost.tsx(11,1407): error TS7026: JSX element implicitly has type 'any' because no interface 'JSX.IntrinsicElements' exists.
src/studio/workspace/CatalogHost.tsx(11,1417): error TS7026: JSX element implicitly has type 'any' because no interface 'JSX.IntrinsicElements' exists.
src/studio/workspace/CatalogHost.tsx(11,1441): error TS7006: Parameter 'c' implicitly has an 'any' type.
src/studio/workspace/CatalogHost.tsx(11,1444): error TS7026: JSX element implicitly has type 'any' because no interface 'JSX.IntrinsicElements' exists.
src/studio/workspace/CatalogHost.tsx(11,1462): error TS7026: JSX element implicitly has type 'any' because no interface 'JSX.IntrinsicElements' exists.
src/studio/workspace/CatalogHost.tsx(11,1474): error TS7026: JSX element implicitly has type 'any' because no interface 'JSX.IntrinsicElements' exists.
src/studio/workspace/CatalogHost.tsx(11,1479): error TS7026: JSX element implicitly has type 'any' because no interface 'JSX.IntrinsicElements' exists.
src/studio/workspace/CatalogHost.tsx(11,1491): error TS7026: JSX element implicitly has type 'any' because no interface 'JSX.IntrinsicElements' exists.
src/studio/workspace/CatalogHost.tsx(11,1496): error TS7026: JSX element implicitly has type 'any' because no interface 'JSX.IntrinsicElements' exists.
src/studio/workspace/CatalogHost.tsx(11,1504): error TS7026: JSX element implicitly has type 'any' because no interface 'JSX.IntrinsicElements' exists.
src/studio/workspace/CatalogHost.tsx(11,1509): error TS7026: JSX element implicitly has type 'any' because no interface 'JSX.IntrinsicElements' exists.
src/studio/workspace/CatalogHost.tsx(11,1559): error TS7026: JSX element implicitly has type 'any' because no interface 'JSX.IntrinsicElements' exists.
src/studio/workspace/ExercisePortal.tsx(2,34): error TS2307: Cannot find module 'react' or its corresponding type declarations.
src/studio/workspace/ExercisePortal.tsx(11,32): error TS7006: Parameter 'e' implicitly has an 'any' type.
src/studio/workspace/ExercisePortal.tsx(11,121): error TS7006: Parameter 'f' implicitly has an 'any' type.
src/studio/workspace/ExercisePortal.tsx(12,29): error TS7006: Parameter 'e' implicitly has an 'any' type.
src/studio/workspace/ExercisePortal.tsx(13,9): error TS7026: JSX element implicitly has type 'any' because no interface 'JSX.IntrinsicElements' exists.
src/studio/workspace/ExercisePortal.tsx(13,9): error TS2875: This JSX tag requires the module path 'react/jsx-runtime' to exist, but none could be found. Make sure you have types for the appropriate package installed.
src/studio/workspace/ExercisePortal.tsx(13,85): error TS7026: JSX element implicitly has type 'any' because no interface 'JSX.IntrinsicElements' exists.
src/studio/workspace/ExercisePortal.tsx(13,122): error TS7026: JSX element implicitly has type 'any' because no interface 'JSX.IntrinsicElements' exists.
src/studio/workspace/ExercisePortal.tsx(13,135): error TS7026: JSX element implicitly has type 'any' because no interface 'JSX.IntrinsicElements' exists.
src/studio/workspace/ExercisePortal.tsx(13,158): error TS7026: JSX element implicitly has type 'any' because no interface 'JSX.IntrinsicElements' exists.
src/studio/workspace/ExercisePortal.tsx(14,2): error TS7026: JSX element implicitly has type 'any' because no interface 'JSX.IntrinsicElements' exists.
src/studio/workspace/ExercisePortal.tsx(14,156): error TS7026: JSX element implicitly has type 'any' because no interface 'JSX.IntrinsicElements' exists.
src/studio/workspace/ExercisePortal.tsx(15,2): error TS7026: JSX element implicitly has type 'any' because no interface 'JSX.IntrinsicElements' exists.
src/studio/workspace/ExercisePortal.tsx(15,42): error TS7006: Parameter 'e' implicitly has an 'any' type.
src/studio/workspace/ExercisePortal.tsx(15,45): error TS7026: JSX element implicitly has type 'any' because no interface 'JSX.IntrinsicElements' exists.
src/studio/workspace/ExercisePortal.tsx(15,206): error TS7026: JSX element implicitly has type 'any' because no interface 'JSX.IntrinsicElements' exists.
src/studio/workspace/ExercisePortal.tsx(15,217): error TS7026: JSX element implicitly has type 'any' because no interface 'JSX.IntrinsicElements' exists.
src/studio/workspace/ExercisePortal.tsx(16,14): error TS7026: JSX element implicitly has type 'any' because no interface 'JSX.IntrinsicElements' exists.
src/studio/workspace/ExercisePortal.tsx(16,34): error TS7026: JSX element implicitly has type 'any' because no interface 'JSX.IntrinsicElements' exists.
src/studio/workspace/ExercisePortal.tsx(16,38): error TS7026: JSX element implicitly has type 'any' because no interface 'JSX.IntrinsicElements' exists.
src/studio/workspace/ExercisePortal.tsx(16,610): error TS7026: JSX element implicitly has type 'any' because no interface 'JSX.IntrinsicElements' exists.
src/studio/workspace/ExercisePortal.tsx(17,2): error TS7026: JSX element implicitly has type 'any' because no interface 'JSX.IntrinsicElements' exists.
src/studio/workspace/ExercisePortal.tsx(17,147): error TS7026: JSX element implicitly has type 'any' because no interface 'JSX.IntrinsicElements' exists.
src/studio/workspace/ExercisePortal.tsx(18,2): error TS7026: JSX element implicitly has type 'any' because no interface 'JSX.IntrinsicElements' exists.
src/studio/workspace/ExercisePortal.tsx(18,11): error TS7026: JSX element implicitly has type 'any' because no interface 'JSX.IntrinsicElements' exists.
src/studio/workspace/ExercisePortal.tsx(18,49): error TS7026: JSX element implicitly has type 'any' because no interface 'JSX.IntrinsicElements' exists.
src/studio/workspace/ExercisePortal.tsx(18,103): error TS7006: Parameter 't' implicitly has an 'any' type.
src/studio/workspace/ExercisePortal.tsx(18,106): error TS7026: JSX element implicitly has type 'any' because no interface 'JSX.IntrinsicElements' exists.
src/studio/workspace/ExercisePortal.tsx(18,120): error TS7026: JSX element implicitly has type 'any' because no interface 'JSX.IntrinsicElements' exists.
src/studio/workspace/ExercisePortal.tsx(18,126): error TS7026: JSX element implicitly has type 'any' because no interface 'JSX.IntrinsicElements' exists.
src/studio/workspace/ExercisePortal.tsx(18,162): error TS7026: JSX element implicitly has type 'any' because no interface 'JSX.IntrinsicElements' exists.
src/studio/workspace/ExercisePortal.tsx(18,166): error TS7026: JSX element implicitly has type 'any' because no interface 'JSX.IntrinsicElements' exists.
src/studio/workspace/ExercisePortal.tsx(18,200): error TS7026: JSX element implicitly has type 'any' because no interface 'JSX.IntrinsicElements' exists.
src/studio/workspace/ExercisePortal.tsx(18,204): error TS7026: JSX element implicitly has type 'any' because no interface 'JSX.IntrinsicElements' exists.
src/studio/workspace/ExercisePortal.tsx(19,2): error TS7026: JSX element implicitly has type 'any' because no interface 'JSX.IntrinsicElements' exists.
src/studio/workspace/ExercisePortal.tsx(19,65): error TS7006: Parameter 'a' implicitly has an 'any' type.
src/studio/workspace/ExercisePortal.tsx(19,226): error TS7026: JSX element implicitly has type 'any' because no interface 'JSX.IntrinsicElements' exists.
src/studio/workspace/ExercisePortal.tsx(19,234): error TS7026: JSX element implicitly has type 'any' because no interface 'JSX.IntrinsicElements' exists.
src/studio/workspace/ExercisePortal.tsx(19,373): error TS7026: JSX element implicitly has type 'any' because no interface 'JSX.IntrinsicElements' exists.
src/studio/workspace/ExercisePortal.tsx(20,2): error TS7026: JSX element implicitly has type 'any' because no interface 'JSX.IntrinsicElements' exists.
src/studio/workspace/GuidedSparkConnection.tsx(1,41): error TS2307: Cannot find module 'react' or its corresponding type declarations.
src/studio/workspace/GuidedSparkConnection.tsx(9,240): error TS7006: Parameter 'c' implicitly has an 'any' type.
src/studio/workspace/GuidedSparkConnection.tsx(10,9): error TS7026: JSX element implicitly has type 'any' because no interface 'JSX.IntrinsicElements' exists.
src/studio/workspace/GuidedSparkConnection.tsx(10,9): error TS2875: This JSX tag requires the module path 'react/jsx-runtime' to exist, but none could be found. Make sure you have types for the appropriate package installed.
src/studio/workspace/GuidedSparkConnection.tsx(10,51): error TS7026: JSX element implicitly has type 'any' because no interface 'JSX.IntrinsicElements' exists.
src/studio/workspace/GuidedSparkConnection.tsx(10,81): error TS7026: JSX element implicitly has type 'any' because no interface 'JSX.IntrinsicElements' exists.
src/studio/workspace/GuidedSparkConnection.tsx(10,86): error TS7026: JSX element implicitly has type 'any' because no interface 'JSX.IntrinsicElements' exists.
src/studio/workspace/GuidedSparkConnection.tsx(10,272): error TS7026: JSX element implicitly has type 'any' because no interface 'JSX.IntrinsicElements' exists.
src/studio/workspace/GuidedSparkConnection.tsx(10,276): error TS7026: JSX element implicitly has type 'any' because no interface 'JSX.IntrinsicElements' exists.
src/studio/workspace/GuidedSparkConnection.tsx(10,293): error TS7026: JSX element implicitly has type 'any' because no interface 'JSX.IntrinsicElements' exists.
src/studio/workspace/GuidedSparkConnection.tsx(10,319): error TS7026: JSX element implicitly has type 'any' because no interface 'JSX.IntrinsicElements' exists.
src/studio/workspace/GuidedSparkConnection.tsx(10,407): error TS7026: JSX element implicitly has type 'any' because no interface 'JSX.IntrinsicElements' exists.
src/studio/workspace/GuidedSparkConnection.tsx(10,429): error TS7026: JSX element implicitly has type 'any' because no interface 'JSX.IntrinsicElements' exists.
src/studio/workspace/GuidedSparkConnection.tsx(10,518): error TS7026: JSX element implicitly has type 'any' because no interface 'JSX.IntrinsicElements' exists.
src/studio/workspace/GuidedSparkConnection.tsx(10,523): error TS7026: JSX element implicitly has type 'any' because no interface 'JSX.IntrinsicElements' exists.
src/studio/workspace/GuidedSparkConnection.tsx(10,530): error TS7026: JSX element implicitly has type 'any' because no interface 'JSX.IntrinsicElements' exists.
src/studio/workspace/GuidedSparkConnection.tsx(10,581): error TS7006: Parameter 'e' implicitly has an 'any' type.
src/studio/workspace/GuidedSparkConnection.tsx(10,791): error TS7026: JSX element implicitly has type 'any' because no interface 'JSX.IntrinsicElements' exists.
src/studio/workspace/GuidedSparkConnection.tsx(10,799): error TS7026: JSX element implicitly has type 'any' because no interface 'JSX.IntrinsicElements' exists.
src/studio/workspace/GuidedSparkConnection.tsx(10,942): error TS7026: JSX element implicitly has type 'any' because no interface 'JSX.IntrinsicElements' exists.
src/studio/workspace/GuidedSparkConnection.tsx(10,959): error TS7026: JSX element implicitly has type 'any' because no interface 'JSX.IntrinsicElements' exists.
src/studio/workspace/GuidedSparkConnection.tsx(10,982): error TS7026: JSX element implicitly has type 'any' because no interface 'JSX.IntrinsicElements' exists.
src/studio/workspace/GuidedSparkConnection.tsx(10,987): error TS7026: JSX element implicitly has type 'any' because no interface 'JSX.IntrinsicElements' exists.
src/studio/workspace/LocalExecution.tsx(1,53): error TS2307: Cannot find module 'react' or its corresponding type declarations.
src/studio/workspace/LocalExecution.tsx(38,109): error TS7006: Parameter 'old' implicitly has an 'any' type.
src/studio/workspace/LocalExecution.tsx(38,135): error TS7006: Parameter 'r' implicitly has an 'any' type.
src/studio/workspace/LocalExecution.tsx(42,88): error TS7006: Parameter 'r' implicitly has an 'any' type.
src/studio/workspace/LocalExecution.tsx(47,9): error TS7026: JSX element implicitly has type 'any' because no interface 'JSX.IntrinsicElements' exists.
src/studio/workspace/LocalExecution.tsx(47,9): error TS2875: This JSX tag requires the module path 'react/jsx-runtime' to exist, but none could be found. Make sure you have types for the appropriate package installed.
src/studio/workspace/LocalExecution.tsx(48,10): error TS7026: JSX element implicitly has type 'any' because no interface 'JSX.IntrinsicElements' exists.
src/studio/workspace/LocalExecution.tsx(48,54): error TS7026: JSX element implicitly has type 'any' because no interface 'JSX.IntrinsicElements' exists.
src/studio/workspace/LocalExecution.tsx(49,18): error TS7026: JSX element implicitly has type 'any' because no interface 'JSX.IntrinsicElements' exists.
src/studio/workspace/LocalExecution.tsx(49,37): error TS7026: JSX element implicitly has type 'any' because no interface 'JSX.IntrinsicElements' exists.
src/studio/workspace/LocalExecution.tsx(49,105): error TS7006: Parameter 'e' implicitly has an 'any' type.
src/studio/workspace/LocalExecution.tsx(49,158): error TS7006: Parameter 'r' implicitly has an 'any' type.
src/studio/workspace/LocalExecution.tsx(49,161): error TS7026: JSX element implicitly has type 'any' because no interface 'JSX.IntrinsicElements' exists.
src/studio/workspace/LocalExecution.tsx(49,279): error TS7026: JSX element implicitly has type 'any' because no interface 'JSX.IntrinsicElements' exists.
src/studio/workspace/LocalExecution.tsx(49,290): error TS7026: JSX element implicitly has type 'any' because no interface 'JSX.IntrinsicElements' exists.
src/studio/workspace/LocalExecution.tsx(49,299): error TS7026: JSX element implicitly has type 'any' because no interface 'JSX.IntrinsicElements' exists.
src/studio/workspace/LocalExecution.tsx(50,10): error TS7026: JSX element implicitly has type 'any' because no interface 'JSX.IntrinsicElements' exists.
src/studio/workspace/LocalExecution.tsx(50,38): error TS7026: JSX element implicitly has type 'any' because no interface 'JSX.IntrinsicElements' exists.
src/studio/workspace/LocalExecution.tsx(50,58): error TS7026: JSX element implicitly has type 'any' because no interface 'JSX.IntrinsicElements' exists.
src/studio/workspace/LocalExecution.tsx(50,67): error TS7026: JSX element implicitly has type 'any' because no interface 'JSX.IntrinsicElements' exists.
src/studio/workspace/LocalExecution.tsx(50,171): error TS7026: JSX element implicitly has type 'any' because no interface 'JSX.IntrinsicElements' exists.
src/studio/workspace/LocalExecution.tsx(50,178): error TS7026: JSX element implicitly has type 'any' because no interface 'JSX.IntrinsicElements' exists.
src/studio/workspace/LocalExecution.tsx(50,204): error TS7026: JSX element implicitly has type 'any' because no interface 'JSX.IntrinsicElements' exists.
src/studio/workspace/LocalExecution.tsx(50,231): error TS7026: JSX element implicitly has type 'any' because no interface 'JSX.IntrinsicElements' exists.
src/studio/workspace/LocalExecution.tsx(50,294): error TS7026: JSX element implicitly has type 'any' because no interface 'JSX.IntrinsicElements' exists.
src/studio/workspace/LocalExecution.tsx(50,339): error TS7026: JSX element implicitly has type 'any' because no interface 'JSX.IntrinsicElements' exists.
src/studio/workspace/LocalExecution.tsx(50,441): error TS7026: JSX element implicitly has type 'any' because no interface 'JSX.IntrinsicElements' exists.
src/studio/workspace/LocalExecution.tsx(50,449): error TS7026: JSX element implicitly has type 'any' because no interface 'JSX.IntrinsicElements' exists.
src/studio/workspace/LocalExecution.tsx(51,14): error TS7026: JSX element implicitly has type 'any' because no interface 'JSX.IntrinsicElements' exists.
src/studio/workspace/LocalExecution.tsx(51,62): error TS7026: JSX element implicitly has type 'any' because no interface 'JSX.IntrinsicElements' exists.
src/studio/workspace/LocalExecution.tsx(52,2): error TS7026: JSX element implicitly has type 'any' because no interface 'JSX.IntrinsicElements' exists.
src/studio/workspace/LocalExecution.tsx(52,11): error TS7026: JSX element implicitly has type 'any' because no interface 'JSX.IntrinsicElements' exists.
src/studio/workspace/LocalExecution.tsx(52,113): error TS7026: JSX element implicitly has type 'any' because no interface 'JSX.IntrinsicElements' exists.
src/studio/workspace/LocalExecution.tsx(52,123): error TS7026: JSX element implicitly has type 'any' because no interface 'JSX.IntrinsicElements' exists.
src/studio/workspace/LocalExecution.tsx(52,186): error TS7026: JSX element implicitly has type 'any' because no interface 'JSX.IntrinsicElements' exists.
src/studio/workspace/LocalExecution.tsx(52,192): error TS7026: JSX element implicitly has type 'any' because no interface 'JSX.IntrinsicElements' exists.
src/studio/workspace/LocalExecution.tsx(52,233): error TS7026: JSX element implicitly has type 'any' because no interface 'JSX.IntrinsicElements' exists.
src/studio/workspace/LocalExecution.tsx(52,239): error TS7026: JSX element implicitly has type 'any' because no interface 'JSX.IntrinsicElements' exists.
src/studio/workspace/LocalExecution.tsx(52,261): error TS7026: JSX element implicitly has type 'any' because no interface 'JSX.IntrinsicElements' exists.
src/studio/workspace/LocalExecution.tsx(52,284): error TS7026: JSX element implicitly has type 'any' because no interface 'JSX.IntrinsicElements' exists.
src/studio/workspace/LocalExecution.tsx(52,352): error TS7026: JSX element implicitly has type 'any' because no interface 'JSX.IntrinsicElements' exists.
src/studio/workspace/LocalExecution.tsx(52,356): error TS7026: JSX element implicitly has type 'any' because no interface 'JSX.IntrinsicElements' exists.
src/studio/workspace/LocalExecution.tsx(53,24): error TS7026: JSX element implicitly has type 'any' because no interface 'JSX.IntrinsicElements' exists.
src/studio/workspace/LocalExecution.tsx(53,56): error TS7026: JSX element implicitly has type 'any' because no interface 'JSX.IntrinsicElements' exists.
src/studio/workspace/LocalExecution.tsx(53,63): error TS7026: JSX element implicitly has type 'any' because no interface 'JSX.IntrinsicElements' exists.
src/studio/workspace/LocalExecution.tsx(53,67): error TS7026: JSX element implicitly has type 'any' because no interface 'JSX.IntrinsicElements' exists.
src/studio/workspace/LocalExecution.tsx(53,75): error TS7026: JSX element implicitly has type 'any' because no interface 'JSX.IntrinsicElements' exists.
src/studio/workspace/LocalExecution.tsx(53,80): error TS7026: JSX element implicitly has type 'any' because no interface 'JSX.IntrinsicElements' exists.
src/studio/workspace/LocalExecution.tsx(53,90): error TS7026: JSX element implicitly has type 'any' because no interface 'JSX.IntrinsicElements' exists.
src/studio/workspace/LocalExecution.tsx(53,95): error TS7026: JSX element implicitly has type 'any' because no interface 'JSX.IntrinsicElements' exists.
src/studio/workspace/LocalExecution.tsx(53,107): error TS7026: JSX element implicitly has type 'any' because no interface 'JSX.IntrinsicElements' exists.
src/studio/workspace/LocalExecution.tsx(53,112): error TS7026: JSX element implicitly has type 'any' because no interface 'JSX.IntrinsicElements' exists.
src/studio/workspace/LocalExecution.tsx(53,123): error TS7026: JSX element implicitly has type 'any' because no interface 'JSX.IntrinsicElements' exists.
src/studio/workspace/LocalExecution.tsx(53,128): error TS7026: JSX element implicitly has type 'any' because no interface 'JSX.IntrinsicElements' exists.
src/studio/workspace/LocalExecution.tsx(53,133): error TS7026: JSX element implicitly has type 'any' because no interface 'JSX.IntrinsicElements' exists.
src/studio/workspace/LocalExecution.tsx(53,141): error TS7026: JSX element implicitly has type 'any' because no interface 'JSX.IntrinsicElements' exists.
src/studio/workspace/LocalExecution.tsx(53,163): error TS7006: Parameter 't' implicitly has an 'any' type.
src/studio/workspace/LocalExecution.tsx(53,166): error TS7026: JSX element implicitly has type 'any' because no interface 'JSX.IntrinsicElements' exists.
src/studio/workspace/LocalExecution.tsx(53,181): error TS7026: JSX element implicitly has type 'any' because no interface 'JSX.IntrinsicElements' exists.
src/studio/workspace/LocalExecution.tsx(53,191): error TS7026: JSX element implicitly has type 'any' because no interface 'JSX.IntrinsicElements' exists.
src/studio/workspace/LocalExecution.tsx(53,196): error TS7026: JSX element implicitly has type 'any' because no interface 'JSX.IntrinsicElements' exists.
src/studio/workspace/LocalExecution.tsx(53,220): error TS7026: JSX element implicitly has type 'any' because no interface 'JSX.IntrinsicElements' exists.
src/studio/workspace/LocalExecution.tsx(53,236): error TS7026: JSX element implicitly has type 'any' because no interface 'JSX.IntrinsicElements' exists.
src/studio/workspace/LocalExecution.tsx(53,245): error TS7026: JSX element implicitly has type 'any' because no interface 'JSX.IntrinsicElements' exists.
src/studio/workspace/LocalExecution.tsx(53,250): error TS7026: JSX element implicitly has type 'any' because no interface 'JSX.IntrinsicElements' exists.
src/studio/workspace/LocalExecution.tsx(53,277): error TS7026: JSX element implicitly has type 'any' because no interface 'JSX.IntrinsicElements' exists.
src/studio/workspace/LocalExecution.tsx(53,282): error TS7026: JSX element implicitly has type 'any' because no interface 'JSX.IntrinsicElements' exists.
src/studio/workspace/LocalExecution.tsx(53,315): error TS7026: JSX element implicitly has type 'any' because no interface 'JSX.IntrinsicElements' exists.
src/studio/workspace/LocalExecution.tsx(53,320): error TS7026: JSX element implicitly has type 'any' because no interface 'JSX.IntrinsicElements' exists.
src/studio/workspace/LocalExecution.tsx(53,327): error TS7026: JSX element implicitly has type 'any' because no interface 'JSX.IntrinsicElements' exists.
src/studio/workspace/LocalExecution.tsx(53,335): error TS7026: JSX element implicitly has type 'any' because no interface 'JSX.IntrinsicElements' exists.
src/studio/workspace/LocalExecution.tsx(55,2): error TS7026: JSX element implicitly has type 'any' because no interface 'JSX.IntrinsicElements' exists.
src/studio/workspace/LocalExecution.tsx(74,9): error TS7026: JSX element implicitly has type 'any' because no interface 'JSX.IntrinsicElements' exists.
src/studio/workspace/LocalExecution.tsx(74,76): error TS7026: JSX element implicitly has type 'any' because no interface 'JSX.IntrinsicElements' exists.
src/studio/workspace/LocalExecution.tsx(74,104): error TS7026: JSX element implicitly has type 'any' because no interface 'JSX.IntrinsicElements' exists.
src/studio/workspace/LocalExecution.tsx(74,118): error TS7026: JSX element implicitly has type 'any' because no interface 'JSX.IntrinsicElements' exists.
src/studio/workspace/LocalExecution.tsx(74,175): error TS7006: Parameter 'e' implicitly has an 'any' type.
src/studio/workspace/LocalExecution.tsx(74,291): error TS7026: JSX element implicitly has type 'any' because no interface 'JSX.IntrinsicElements' exists.
src/studio/workspace/LocalExecution.tsx(74,310): error TS7026: JSX element implicitly has type 'any' because no interface 'JSX.IntrinsicElements' exists.
src/studio/workspace/LocalExecution.tsx(74,321): error TS7026: JSX element implicitly has type 'any' because no interface 'JSX.IntrinsicElements' exists.
src/studio/workspace/LocalExecution.tsx(74,330): error TS7026: JSX element implicitly has type 'any' because no interface 'JSX.IntrinsicElements' exists.
src/studio/workspace/LocalExecution.tsx(74,338): error TS7026: JSX element implicitly has type 'any' because no interface 'JSX.IntrinsicElements' exists.
src/studio/workspace/LocalExecution.tsx(74,355): error TS7026: JSX element implicitly has type 'any' because no interface 'JSX.IntrinsicElements' exists.
src/studio/workspace/LocalExecution.tsx(74,495): error TS7006: Parameter 'e' implicitly has an 'any' type.
src/studio/workspace/LocalExecution.tsx(74,528): error TS7026: JSX element implicitly has type 'any' because no interface 'JSX.IntrinsicElements' exists.
src/studio/workspace/LocalExecution.tsx(74,536): error TS7026: JSX element implicitly has type 'any' because no interface 'JSX.IntrinsicElements' exists.
src/studio/workspace/LocalExecution.tsx(74,757): error TS7026: JSX element implicitly has type 'any' because no interface 'JSX.IntrinsicElements' exists.
src/studio/workspace/LocalExecution.tsx(74,766): error TS7026: JSX element implicitly has type 'any' because no interface 'JSX.IntrinsicElements' exists.
src/studio/workspace/LocalExecution.tsx(74,773): error TS7026: JSX element implicitly has type 'any' because no interface 'JSX.IntrinsicElements' exists.
src/studio/workspace/LocalExecution.tsx(74,821): error TS7006: Parameter 'e' implicitly has an 'any' type.
src/studio/workspace/LocalExecution.tsx(74,885): error TS7026: JSX element implicitly has type 'any' because no interface 'JSX.IntrinsicElements' exists.
src/studio/workspace/LocalExecution.tsx(74,893): error TS7026: JSX element implicitly has type 'any' because no interface 'JSX.IntrinsicElements' exists.
src/studio/workspace/LocalExecution.tsx(75,2): error TS7026: JSX element implicitly has type 'any' because no interface 'JSX.IntrinsicElements' exists.
src/studio/workspace/LocalExecution.tsx(75,184): error TS7026: JSX element implicitly has type 'any' because no interface 'JSX.IntrinsicElements' exists.
src/studio/workspace/LocalExecution.tsx(75,260): error TS7026: JSX element implicitly has type 'any' because no interface 'JSX.IntrinsicElements' exists.
src/studio/workspace/PipelineStudio.tsx(2,42): error TS2307: Cannot find module 'react' or its corresponding type declarations.
src/studio/workspace/PipelineStudio.tsx(33,9): error TS7026: JSX element implicitly has type 'any' because no interface 'JSX.IntrinsicElements' exists.
src/studio/workspace/PipelineStudio.tsx(33,9): error TS2875: This JSX tag requires the module path 'react/jsx-runtime' to exist, but none could be found. Make sure you have types for the appropriate package installed.
src/studio/workspace/PipelineStudio.tsx(33,68): error TS7026: JSX element implicitly has type 'any' because no interface 'JSX.IntrinsicElements' exists.
src/studio/workspace/PipelineStudio.tsx(33,84): error TS7026: JSX element implicitly has type 'any' because no interface 'JSX.IntrinsicElements' exists.
src/studio/workspace/PipelineStudio.tsx(34,2): error TS7026: JSX element implicitly has type 'any' because no interface 'JSX.IntrinsicElements' exists.
src/studio/workspace/PipelineStudio.tsx(34,166): error TS7026: JSX element implicitly has type 'any' because no interface 'JSX.IntrinsicElements' exists.
src/studio/workspace/PipelineStudio.tsx(35,2): error TS7026: JSX element implicitly has type 'any' because no interface 'JSX.IntrinsicElements' exists.
src/studio/workspace/PipelineStudio.tsx(35,30): error TS7026: JSX element implicitly has type 'any' because no interface 'JSX.IntrinsicElements' exists.
src/studio/workspace/PipelineStudio.tsx(35,111): error TS7026: JSX element implicitly has type 'any' because no interface 'JSX.IntrinsicElements' exists.
src/studio/workspace/PipelineStudio.tsx(35,120): error TS7026: JSX element implicitly has type 'any' because no interface 'JSX.IntrinsicElements' exists.
src/studio/workspace/PipelineStudio.tsx(35,193): error TS7026: JSX element implicitly has type 'any' because no interface 'JSX.IntrinsicElements' exists.
src/studio/workspace/PipelineStudio.tsx(35,202): error TS7026: JSX element implicitly has type 'any' because no interface 'JSX.IntrinsicElements' exists.
src/studio/workspace/PipelineStudio.tsx(35,278): error TS7026: JSX element implicitly has type 'any' because no interface 'JSX.IntrinsicElements' exists.
src/studio/workspace/PipelineStudio.tsx(35,287): error TS7026: JSX element implicitly has type 'any' because no interface 'JSX.IntrinsicElements' exists.
src/studio/workspace/PipelineStudio.tsx(35,366): error TS7026: JSX element implicitly has type 'any' because no interface 'JSX.IntrinsicElements' exists.
src/studio/workspace/PipelineStudio.tsx(35,375): error TS7026: JSX element implicitly has type 'any' because no interface 'JSX.IntrinsicElements' exists.
src/studio/workspace/PipelineStudio.tsx(35,570): error TS7026: JSX element implicitly has type 'any' because no interface 'JSX.IntrinsicElements' exists.
src/studio/workspace/PipelineStudio.tsx(35,577): error TS7026: JSX element implicitly has type 'any' because no interface 'JSX.IntrinsicElements' exists.
src/studio/workspace/PipelineStudio.tsx(36,10): error TS7026: JSX element implicitly has type 'any' because no interface 'JSX.IntrinsicElements' exists.
src/studio/workspace/PipelineStudio.tsx(36,54): error TS7026: JSX element implicitly has type 'any' because no interface 'JSX.IntrinsicElements' exists.
src/studio/workspace/PipelineStudio.tsx(37,42): error TS7006: Parameter 'd' implicitly has an 'any' type.
src/studio/workspace/PipelineStudio.tsx(37,44): error TS7006: Parameter 'i' implicitly has an 'any' type.
src/studio/workspace/PipelineStudio.tsx(37,48): error TS7026: JSX element implicitly has type 'any' because no interface 'JSX.IntrinsicElements' exists.
src/studio/workspace/PipelineStudio.tsx(37,138): error TS7026: JSX element implicitly has type 'any' because no interface 'JSX.IntrinsicElements' exists.
src/studio/workspace/PipelineStudio.tsx(38,2): error TS7026: JSX element implicitly has type 'any' because no interface 'JSX.IntrinsicElements' exists.
src/studio/workspace/PipelineStudio.tsx(41,2): error TS7026: JSX element implicitly has type 'any' because no interface 'JSX.IntrinsicElements' exists.
src/studio/workspace/PipelineStudio.tsx(42,2): error TS7026: JSX element implicitly has type 'any' because no interface 'JSX.IntrinsicElements' exists.
src/studio/workspace/PipelineStudio.tsx(42,11): error TS7026: JSX element implicitly has type 'any' because no interface 'JSX.IntrinsicElements' exists.
src/studio/workspace/PipelineStudio.tsx(42,59): error TS7026: JSX element implicitly has type 'any' because no interface 'JSX.IntrinsicElements' exists.
src/studio/workspace/PipelineStudio.tsx(42,69): error TS7026: JSX element implicitly has type 'any' because no interface 'JSX.IntrinsicElements' exists.
src/studio/workspace/PipelineStudio.tsx(42,72): error TS7026: JSX element implicitly has type 'any' because no interface 'JSX.IntrinsicElements' exists.
src/studio/workspace/PipelineStudio.tsx(42,81): error TS7026: JSX element implicitly has type 'any' because no interface 'JSX.IntrinsicElements' exists.
src/studio/workspace/PipelineStudio.tsx(42,90): error TS7026: JSX element implicitly has type 'any' because no interface 'JSX.IntrinsicElements' exists.
src/studio/workspace/PipelineStudio.tsx(42,103): error TS7026: JSX element implicitly has type 'any' because no interface 'JSX.IntrinsicElements' exists.
src/studio/workspace/PipelineStudio.tsx(42,132): error TS7026: JSX element implicitly has type 'any' because no interface 'JSX.IntrinsicElements' exists.
src/studio/workspace/PipelineStudio.tsx(42,144): error TS7026: JSX element implicitly has type 'any' because no interface 'JSX.IntrinsicElements' exists.
src/studio/workspace/PipelineStudio.tsx(42,153): error TS7026: JSX element implicitly has type 'any' because no interface 'JSX.IntrinsicElements' exists.
src/studio/workspace/PipelineStudio.tsx(42,165): error TS7026: JSX element implicitly has type 'any' because no interface 'JSX.IntrinsicElements' exists.
src/studio/workspace/PipelineStudio.tsx(42,174): error TS7026: JSX element implicitly has type 'any' because no interface 'JSX.IntrinsicElements' exists.
src/studio/workspace/PipelineStudio.tsx(42,183): error TS7026: JSX element implicitly has type 'any' because no interface 'JSX.IntrinsicElements' exists.
src/studio/workspace/PipelineStudio.tsx(42,196): error TS7026: JSX element implicitly has type 'any' because no interface 'JSX.IntrinsicElements' exists.
src/studio/workspace/PipelineStudio.tsx(42,219): error TS7026: JSX element implicitly has type 'any' because no interface 'JSX.IntrinsicElements' exists.
src/studio/workspace/PipelineStudio.tsx(42,329): error TS7026: JSX element implicitly has type 'any' because no interface 'JSX.IntrinsicElements' exists.
src/studio/workspace/PipelineStudio.tsx(42,333): error TS7026: JSX element implicitly has type 'any' because no interface 'JSX.IntrinsicElements' exists.
src/studio/workspace/PipelineStudio.tsx(42,525): error TS7026: JSX element implicitly has type 'any' because no interface 'JSX.IntrinsicElements' exists.
src/studio/workspace/PipelineStudio.tsx(42,583): error TS7026: JSX element implicitly has type 'any' because no interface 'JSX.IntrinsicElements' exists.
src/studio/workspace/PipelineStudio.tsx(42,608): error TS7026: JSX element implicitly has type 'any' because no interface 'JSX.IntrinsicElements' exists.
src/studio/workspace/PipelineStudio.tsx(42,665): error TS7026: JSX element implicitly has type 'any' because no interface 'JSX.IntrinsicElements' exists.
src/studio/workspace/PipelineStudio.tsx(42,672): error TS7026: JSX element implicitly has type 'any' because no interface 'JSX.IntrinsicElements' exists.
src/studio/workspace/PipelineStudio.tsx(42,678): error TS7026: JSX element implicitly has type 'any' because no interface 'JSX.IntrinsicElements' exists.
src/studio/workspace/PipelineStudio.tsx(42,802): error TS7026: JSX element implicitly has type 'any' because no interface 'JSX.IntrinsicElements' exists.
src/studio/workspace/PipelineStudio.tsx(42,806): error TS7026: JSX element implicitly has type 'any' because no interface 'JSX.IntrinsicElements' exists.
src/studio/workspace/PipelineStudio.tsx(44,2): error TS7026: JSX element implicitly has type 'any' because no interface 'JSX.IntrinsicElements' exists.
src/studio/workspace/ResourceHost.tsx(5,24): error TS2307: Cannot find module 'react' or its corresponding type declarations.
src/studio/workspace/ResourceHost.tsx(20,43): error TS2875: This JSX tag requires the module path 'react/jsx-runtime' to exist, but none could be found. Make sure you have types for the appropriate package installed.
src/studio/workspace/ResourceHost.tsx(20,55): error TS2322: Type '{ resource: FigureResource; resources: Resource[]; view: ViewInstance; change: (fn: (s: RootWorkbench) => RootWorkbench, record?: boolean | undefined) => void; services: ResourceServices; disabled: boolean; key: string; }' is not assignable to type 'ResourceHostProps & { resource: FigureResource; }'.
  Property 'key' does not exist on type 'ResourceHostProps & { resource: FigureResource; }'.
src/studio/workspace/ResourceHost.tsx(21,61): error TS2322: Type '{ resource: ExerciseResource; resources: Resource[]; view: ViewInstance; change: (fn: (s: RootWorkbench) => RootWorkbench, record?: boolean | undefined) => void; services: ResourceServices; disabled: boolean; key: string; }' is not assignable to type 'ResourceHostProps & { resource: ExerciseResource; }'.
  Property 'key' does not exist on type 'ResourceHostProps & { resource: ExerciseResource; }'.
src/studio/workspace/ResourceHost.tsx(23,32): error TS2322: Type '{ resource: Resource; resources: Resource[]; view: ViewInstance; change: (fn: (s: RootWorkbench) => RootWorkbench, record?: boolean | undefined) => void; services: ResourceServices; disabled: boolean; key: string; }' is not assignable to type 'ResourceHostProps'.
  Property 'key' does not exist on type 'ResourceHostProps'.
src/studio/workspace/ResourceHost.tsx(33,9): error TS7026: JSX element implicitly has type 'any' because no interface 'JSX.IntrinsicElements' exists.
src/studio/workspace/ResourceHost.tsx(33,43): error TS7026: JSX element implicitly has type 'any' because no interface 'JSX.IntrinsicElements' exists.
src/studio/workspace/ResourceHost.tsx(33,81): error TS7026: JSX element implicitly has type 'any' because no interface 'JSX.IntrinsicElements' exists.
src/studio/workspace/ResourceHost.tsx(33,125): error TS7026: JSX element implicitly has type 'any' because no interface 'JSX.IntrinsicElements' exists.
src/studio/workspace/ResourceHost.tsx(34,154): error TS7026: JSX element implicitly has type 'any' because no interface 'JSX.IntrinsicElements' exists.
src/studio/workspace/ResourceHost.tsx(34,182): error TS7026: JSX element implicitly has type 'any' because no interface 'JSX.IntrinsicElements' exists.
src/studio/workspace/ResourceHost.tsx(34,231): error TS7026: JSX element implicitly has type 'any' because no interface 'JSX.IntrinsicElements' exists.
src/studio/workspace/ResourceHost.tsx(34,240): error TS7026: JSX element implicitly has type 'any' because no interface 'JSX.IntrinsicElements' exists.
src/studio/workspace/ResourceHost.tsx(34,292): error TS7026: JSX element implicitly has type 'any' because no interface 'JSX.IntrinsicElements' exists.
src/studio/workspace/ResourceHost.tsx(34,301): error TS7026: JSX element implicitly has type 'any' because no interface 'JSX.IntrinsicElements' exists.
src/studio/workspace/ResourceHost.tsx(35,37): error TS7026: JSX element implicitly has type 'any' because no interface 'JSX.IntrinsicElements' exists.
src/studio/workspace/ResourceHost.tsx(35,65): error TS7026: JSX element implicitly has type 'any' because no interface 'JSX.IntrinsicElements' exists.
src/studio/workspace/ResourceHost.tsx(35,114): error TS7026: JSX element implicitly has type 'any' because no interface 'JSX.IntrinsicElements' exists.
src/studio/workspace/ResourceHost.tsx(35,123): error TS7026: JSX element implicitly has type 'any' because no interface 'JSX.IntrinsicElements' exists.
src/studio/workspace/ResourceHost.tsx(35,172): error TS7026: JSX element implicitly has type 'any' because no interface 'JSX.IntrinsicElements' exists.
src/studio/workspace/ResourceHost.tsx(35,181): error TS7026: JSX element implicitly has type 'any' because no interface 'JSX.IntrinsicElements' exists.
src/studio/workspace/ResourceHost.tsx(36,36): error TS7026: JSX element implicitly has type 'any' because no interface 'JSX.IntrinsicElements' exists.
src/studio/workspace/ResourceHost.tsx(36,64): error TS7026: JSX element implicitly has type 'any' because no interface 'JSX.IntrinsicElements' exists.
src/studio/workspace/ResourceHost.tsx(36,216): error TS7026: JSX element implicitly has type 'any' because no interface 'JSX.IntrinsicElements' exists.
src/studio/workspace/ResourceHost.tsx(36,225): error TS7026: JSX element implicitly has type 'any' because no interface 'JSX.IntrinsicElements' exists.
src/studio/workspace/ResourceHost.tsx(36,587): error TS7026: JSX element implicitly has type 'any' because no interface 'JSX.IntrinsicElements' exists.
src/studio/workspace/ResourceHost.tsx(36,596): error TS7026: JSX element implicitly has type 'any' because no interface 'JSX.IntrinsicElements' exists.
src/studio/workspace/ResourceHost.tsx(37,2): error TS7026: JSX element implicitly has type 'any' because no interface 'JSX.IntrinsicElements' exists.
src/studio/workspace/ResourceHost.tsx(37,13): error TS7026: JSX element implicitly has type 'any' because no interface 'JSX.IntrinsicElements' exists.
src/studio/workspace/ResourcePalette.tsx(2,41): error TS2307: Cannot find module 'react' or its corresponding type declarations.
src/studio/workspace/ResourcePalette.tsx(7,9): error TS7026: JSX element implicitly has type 'any' because no interface 'JSX.IntrinsicElements' exists.
src/studio/workspace/ResourcePalette.tsx(7,9): error TS2875: This JSX tag requires the module path 'react/jsx-runtime' to exist, but none could be found. Make sure you have types for the appropriate package installed.
src/studio/workspace/ResourcePalette.tsx(7,59): error TS7006: Parameter 'e' implicitly has an 'any' type.
src/studio/workspace/ResourcePalette.tsx(7,105): error TS7026: JSX element implicitly has type 'any' because no interface 'JSX.IntrinsicElements' exists.
src/studio/workspace/ResourcePalette.tsx(7,217): error TS7006: Parameter 'e' implicitly has an 'any' type.
src/studio/workspace/ResourcePalette.tsx(9,33): error TS2347: Untyped function calls may not accept type arguments.
src/studio/workspace/ResourcePalette.tsx(10,5): error TS7026: JSX element implicitly has type 'any' because no interface 'JSX.IntrinsicElements' exists.
src/studio/workspace/ResourcePalette.tsx(10,24): error TS7026: JSX element implicitly has type 'any' because no interface 'JSX.IntrinsicElements' exists.
src/studio/workspace/ResourcePalette.tsx(10,29): error TS7026: JSX element implicitly has type 'any' because no interface 'JSX.IntrinsicElements' exists.
src/studio/workspace/ResourcePalette.tsx(10,110): error TS7006: Parameter 'e' implicitly has an 'any' type.
src/studio/workspace/ResourcePalette.tsx(10,284): error TS7026: JSX element implicitly has type 'any' because no interface 'JSX.IntrinsicElements' exists.
src/studio/workspace/ResourcePalette.tsx(10,342): error TS7026: JSX element implicitly has type 'any' because no interface 'JSX.IntrinsicElements' exists.
src/studio/workspace/ResourcePalette.tsx(10,359): error TS7026: JSX element implicitly has type 'any' because no interface 'JSX.IntrinsicElements' exists.
src/studio/workspace/ResourcePalette.tsx(10,368): error TS7026: JSX element implicitly has type 'any' because no interface 'JSX.IntrinsicElements' exists.
src/studio/workspace/ResourcePalette.tsx(10,404): error TS7026: JSX element implicitly has type 'any' because no interface 'JSX.IntrinsicElements' exists.
src/studio/workspace/ResourcePalette.tsx(10,412): error TS7026: JSX element implicitly has type 'any' because no interface 'JSX.IntrinsicElements' exists.
src/studio/workspace/ResourcePalette.tsx(10,423): error TS7026: JSX element implicitly has type 'any' because no interface 'JSX.IntrinsicElements' exists.
src/studio/workspace/ResourcePalette.tsx(10,446): error TS7026: JSX element implicitly has type 'any' because no interface 'JSX.IntrinsicElements' exists.
src/studio/workspace/ResourcePalette.tsx(10,467): error TS7026: JSX element implicitly has type 'any' because no interface 'JSX.IntrinsicElements' exists.
src/studio/workspace/ResourcePalette.tsx(10,529): error TS7026: JSX element implicitly has type 'any' because no interface 'JSX.IntrinsicElements' exists.
src/studio/workspace/ResourcePalette.tsx(10,649): error TS7026: JSX element implicitly has type 'any' because no interface 'JSX.IntrinsicElements' exists.
src/studio/workspace/ResourcePalette.tsx(10,720): error TS7026: JSX element implicitly has type 'any' because no interface 'JSX.IntrinsicElements' exists.
src/studio/workspace/ResourcePalette.tsx(10,731): error TS7026: JSX element implicitly has type 'any' because no interface 'JSX.IntrinsicElements' exists.
src/studio/workspace/ResourcePalette.tsx(10,768): error TS7026: JSX element implicitly has type 'any' because no interface 'JSX.IntrinsicElements' exists.
src/studio/workspace/ResourcePalette.tsx(10,777): error TS7026: JSX element implicitly has type 'any' because no interface 'JSX.IntrinsicElements' exists.
src/studio/workspace/ResourcePalette.tsx(10,787): error TS7026: JSX element implicitly has type 'any' because no interface 'JSX.IntrinsicElements' exists.
src/studio/workspace/StudioAppearance.tsx(1,30): error TS2307: Cannot find module 'react' or its corresponding type declarations.
src/studio/workspace/StudioAppearance.tsx(2,57): error TS2307: Cannot find module '@fluentui/react-components' or its corresponding type declarations.
src/studio/workspace/StudioAppearance.tsx(7,9): error TS2875: This JSX tag requires the module path 'react/jsx-runtime' to exist, but none could be found. Make sure you have types for the appropriate package installed.
../../packages/notebook-core/src/v2/ipynb.ts(1,29): error TS2307: Cannot find module 'react-grid-layout' or its corresponding type declarations.
../../packages/notebook-core/src/v2/ipynb.ts(339,53): error TS7006: Parameter 'item' implicitly has an 'any' type.
../../packages/notebook-core/src/v2/ipynb.ts(345,39): error TS7006: Parameter 'item' implicitly has an 'any' type.
../../packages/notebook-core/src/v2/ipynbExport.ts(1,29): error TS2307: Cannot find module 'react-grid-layout' or its corresponding type declarations.
../../packages/notebook-core/src/v2/ipynbExport.ts(155,13): error TS7006: Parameter 'item' implicitly has an 'any' type.
../../packages/notebook-core/src/v2/ipynbExport.ts(159,16): error TS7006: Parameter 'item' implicitly has an 'any' type.
../../packages/notebook-core/src/v2/model.ts(1,29): error TS2307: Cannot find module 'react-grid-layout' or its corresponding type declarations.
../../packages/notebook-core/src/v2/model.ts(124,33): error TS7006: Parameter 'max' implicitly has an 'any' type.
../../packages/notebook-core/src/v2/model.ts(124,38): error TS7006: Parameter 'item' implicitly has an 'any' type.
../../packages/notebook-core/src/v2/model.ts(143,33): error TS7006: Parameter 'item' implicitly has an 'any' type.
../../packages/notebook-core/src/v2/model.ts(160,31): error TS7006: Parameter 'candidate' implicitly has an 'any' type.
../../packages/notebook-core/src/v2/model.ts(215,50): error TS7006: Parameter 'item' implicitly has an 'any' type.
../../packages/notebook-core/src/v2/model.ts(216,39): error TS7006: Parameter 'item' implicitly has an 'any' type.
../../packages/notebook-core/src/v2/model.ts(243,36): error TS7006: Parameter 'max' implicitly has an 'any' type.
../../packages/notebook-core/src/v2/model.ts(243,41): error TS7006: Parameter 'item' implicitly has an 'any' type.
../../packages/notebook-core/src/v2/model.ts(247,25): error TS7006: Parameter 'item' implicitly has an 'any' type.
../../packages/notebook-core/src/v2/model.ts(288,47): error TS7006: Parameter 'item' implicitly has an 'any' type.
../../packages/notebook-core/src/v2/model.ts(296,15): error TS2339: Property 'h' does not exist on type '{ y: number; }'.
../../packages/notebook-core/src/v2/model.ts(328,37): error TS7006: Parameter 'item' implicitly has an 'any' type.
../../packages/notebook-core/src/v2/model.ts(330,38): error TS7006: Parameter 'item' implicitly has an 'any' type.
../../packages/notebook-core/src/v2/model.ts(330,72): error TS7006: Parameter 'item' implicitly has an 'any' type.
../../packages/notebook-core/src/v2/model.ts(335,28): error TS7006: Parameter 'max' implicitly has an 'any' type.
../../packages/notebook-core/src/v2/model.ts(335,33): error TS7006: Parameter 'item' implicitly has an 'any' type.
../../packages/notebook-core/src/v2/model.ts(351,46): error TS7006: Parameter 'item' implicitly has an 'any' type.
../../packages/notebook-core/src/v2/model.ts(352,48): error TS7006: Parameter 'item' implicitly has an 'any' type.
../../packages/notebook-core/src/v2/projectExport.ts(1,29): error TS2307: Cannot find module 'react-grid-layout' or its corresponding type declarations.
npm error Lifecycle script `build` failed with error:
npm error code 2
npm error path /mnt/data/datapass_work/candidate/apps/web
npm error workspace @datapass/web@0.1.0
npm error location /mnt/data/datapass_work/candidate/apps/web
npm error command failed
npm error command sh -c tsc --noEmit && vite build
